
> rpg-zzu@0.1.0 test
> node scripts/run-vitest.mjs run --configLoader bundle test/aiOutcomePresentation.test.ts test/aiStickyChecklist.test.ts test/aiAutonomousRunSurface.test.ts test/aiWorkPlanTerminalFocus.test.ts test/aiRetryWorkPlanLifecycle.test.ts --maxWorkers 1 --minWorkers 1


 RUN  v3.2.4 /home/main/z-project/rpg-zzu-ai-harness-p2-20260906

 ✓ test/aiWorkPlanTerminalFocus.test.ts (7 tests) 7627ms
   ✓ terminal work-plan focus ownership > returns removed ai-plan-book focus to the stable composer  2662ms
   ✓ terminal work-plan focus ownership > returns removed ai-plan-book-close focus to the stable composer  903ms
   ✓ terminal work-plan focus ownership > returns removed ai-plan-book-open focus to the stable composer  1060ms
   ✓ terminal work-plan focus ownership > restores composer focus on an aborted terminal result  658ms
   ✓ terminal work-plan focus ownership > does not steal focus from an unrelated control while removing an open book  707ms
   ✓ terminal work-plan focus ownership > preserves the error dialog's focus when it supersedes the focused book  956ms
   ✓ terminal work-plan focus ownership > keeps manual close notification distinct from terminal programmatic close  671ms
 ✓ test/aiRetryWorkPlanLifecycle.test.ts (7 tests) 8073ms
   ✓ manual retry work-plan ownership > reopens live checklist on actual retry and removes it at 'final' ('chat'/'do', completed=undefined)  1942ms
   ✓ manual retry work-plan ownership > reopens live checklist on actual retry and removes it at 'final' ('auto'/'do', completed=undefined)  1051ms
   ✓ manual retry work-plan ownership > reopens live checklist on actual retry and removes it at 'final' ('auto'/'plan', completed=undefined)  1308ms
   ✓ manual retry work-plan ownership > reopens live checklist on actual retry and removes it at 'error' ('chat'/'ask', completed=undefined)  1513ms
   ✓ manual retry work-plan ownership > reopens live checklist on actual retry and removes it at 'aborted' ('chat'/'do', completed=undefined)  735ms
   ✓ manual retry work-plan ownership > reopens live checklist on actual retry and removes it at 'throw' ('chat'/'do', completed=undefined)  788ms
   ✓ manual retry work-plan ownership > reopens live checklist on actual retry and removes it at 'final' ('chat'/'do', completed=true)  735ms
 ✓ test/aiStickyChecklist.test.ts (13 tests) 6451ms
   ✓ renders acceptance outside chat and retains verified evidence after the turn  1513ms
   ✓ projects pending without a mutable checkbox  350ms
   ✓ ignores late acceptance events after the real new-chat boundary  759ms
   ✓ refreshes backend acceptance on a store mutation without manufacturing verification  1450ms
   ✓ retains the backend blocked snapshot when the actual abort button ends a held turn  1137ms
 ✓ test/aiOutcomePresentation.test.ts (93 tests) 3204ms
   ✓ withdraws the exact real requirement only on user activation, retaining source and failed evidence  1052ms
   ✓ keeps rejected and busy actions from changing the canonical obligation  646ms
   ✓ does not offer a user action for legacy read-only callers  1344ms
 ❯ test/aiAutonomousRunSurface.test.ts (12 tests | 6 failed) 7170ms
   ✓ 할 일 목록 표면 (작업 계획 체크리스트) > does not promote quick-reply presets but retains their transcript text  1070ms
   ✓ 할 일 목록 표면 (작업 계획 체크리스트) > (a) emitWorkPlan 이벤트로 체크리스트가 렌더된다 — 항목별 진행 + 현재 레이어 표시  787ms
   ✓ 할 일 목록 표면 (작업 계획 체크리스트) > tool_started 이벤트는 진행 중 항목의 활동 줄만 갈아 끼운다(체크리스트 재렌더 없음)  1158ms
   ✓ 할 일 목록 표면 (작업 계획 체크리스트) > (b) 자동 계속/예산 소진 status 이벤트로 예산 표시(used/total)가 갱신된다 — 표시는 저장 레벨 cap  1061ms
   ✓ 할 일 목록 표면 (작업 계획 체크리스트) > (c) milestone_applied / proposal_paused 이벤트마다 적용/실패 피드 라인이 렌더된다 296ms
   × 할 일 목록 표면 (작업 계획 체크리스트) > (d) 런 진행 중에는 자동 접기가 비활성화되고, 런 종료 후에는 재개된다 895ms
     → expected <div role="group" …(1)>…(2)</div> to be null
   × 할 일 목록 표면 (작업 계획 체크리스트) > 턴이 끝나면 할 일 표면은 걷히고 다음 턴의 새 계획은 보인다 653ms
     → expected <div role="group" …(1)>…(2)</div> to be null
   × 할 일 목록 표면 (작업 계획 체크리스트) > 항목 체크 뒤에도 실행이 살아 있으면 확인 중, 도구 한도로 끝나면 중단 상태로 남는다 386ms
     → expected <div role="group" …(1)>…(2)</div> to be null
   × 할 일 목록 표면 (작업 계획 체크리스트) > 완료 계획은 표면에서 걷히고 계획 없는 턴도 목록을 만들지 않는다 282ms
     → expected <div role="group" …(1)>…(2)</div> to be null
   × 할 일 목록 표면 (작업 계획 체크리스트) > 런 중 중단하면 목록과 활동 표면이 함께 걷힌다 236ms
     → expected <div role="group" …(1)>…(2)</div> to be null
   ✓ 할 일 목록 표면 (작업 계획 체크리스트) > 목록의 「중지」 버튼은 진행 중 턴을 중단한다 129ms
   × 할 일 목록 표면 (작업 계획 체크리스트) > agentMode chat 에서도 할 일 목록은 뜨되 예산 없이 뜨고, 세션에 autonomous 플래그가 전달되지 않는다 213ms
     → expected <div role="group" …(1)>…(2)</div> to be null

⎯⎯⎯⎯⎯⎯⎯ Failed Tests 6 ⎯⎯⎯⎯⎯⎯⎯

 FAIL  test/aiAutonomousRunSurface.test.ts > 할 일 목록 표면 (작업 계획 체크리스트) > (d) 런 진행 중에는 자동 접기가 비활성화되고, 런 종료 후에는 재개된다
AssertionError: expected <div role="group" …(1)>…(2)</div> to be null

[32m- Expected:[39m 
null

[31m+ Received:[39m 
FakeElement {
  "attrs": {
    "aria-label": "할 일 목록",
    "role": "group",
  },
  "checked": false,
  "childNodes": [
    FakeElement {
      "attrs": {},
      "checked": false,
      "childNodes": [
        FakeElement {
          "attrs": {},
          "checked": false,
          "childNodes": [
            FakeElement {
              "attrs": {},
              "checked": false,
              "childNodes": [],
              "classList": {
                "add": [Function add],
                "contains": [Function contains],
                "remove": [Function remove],
                "toggle": [Function toggle],
              },
              "className": "ai-run-status",
              "dataset": {
                "testid": "ai-run-status",
              },
              "disabled": false,
              "hidden": false,
              "inert": false,
              "innerHTML": "",
              "isContentEditable": false,
              "listeners": {},
              "max": "",
              "min": "",
              "ownText": "집 3채 중",
              "parentNode": [Circular],
              "scrollLeft": 0,
              "scrollTop": 0,
              "selectionEnd": 0,
              "selectionStart": 0,
              "style": {
                "getPropertyValue": [Function anonymous],
                "removeProperty": [Function anonymous],
                "setProperty": [Function anonymous],
              },
              "tagName": "SPAN",
              "type": "",
              "value": "",
            },
            FakeElement {
              "attrs": {
                "title": "완료한 항목 / 전체 항목",
              },
              "checked": false,
              "childNodes": [],
              "classList": {
                "add": [Function add],
                "contains": [Function contains],
                "remove": [Function remove],
                "toggle": [Function toggle],
              },
              "className": "ai-autonomous-progress",
              "dataset": {
                "testid": "ai-autonomous-progress",
              },
              "disabled": false,
              "hidden": false,
              "inert": false,
              "innerHTML": "",
              "isContentEditable": false,
              "listeners": {},
              "max": "",
              "min": "",
              "ownText": "1/4",
              "parentNode": [Circular],
              "scrollLeft": 0,
              "scrollTop": 0,
              "selectionEnd": 0,
              "selectionStart": 0,
              "style": {
                "getPropertyValue": [Function anonymous],
                "removeProperty": [Function anonymous],
                "setProperty": [Function anonymous],
              },
              "tagName": "SPAN",
              "type": "",
              "value": "",
            },
            FakeElement {
              "attrs": {
                "title": "작업 계획을 페이지로 엽니다",
                "type": "button",
              },
              "checked": false,
              "childNodes": [],
              "classList": {
                "add": [Function add],
                "contains": [Function contains],
                "remove": [Function remove],
                "toggle": [Function toggle],
              },
              "className": "ai-plan-book-open",
              "dataset": {
                "testid": "ai-plan-book-open",
              },
              "disabled": false,
              "hidden": false,
              "inert": false,
              "innerHTML": "",
              "isContentEditable": false,
              "listeners": {
                "click": [Array],
              },
              "max": "",
              "min": "",
              "ownText": "계획 보기",
              "parentNode": [Circular],
              "scrollLeft": 0,
              "scrollTop": 0,
              "selectionEnd": 0,
              "selectionStart": 0,
              "style": {
                "getPropertyValue": [Function anonymous],
                "removeProperty": [Function anonymous],
                "setProperty": [Function anonymous],
              },
              "tagName": "BUTTON",
              "type": "",
              "value": "",
            },
            FakeElement {
              "attrs": {
                "title": "진행 중인 작업을 중지합니다",
                "type": "button",
              },
              "checked": false,
              "childNodes": [],
              "classList": {
                "add": [Function add],
                "contains": [Function contains],
                "remove": [Function remove],
                "toggle": [Function toggle],
              },
              "className": "ai-run-stop",
              "dataset": {
                "testid": "ai-run-stop",
              },
              "disabled": false,
              "hidden": false,
              "inert": false,
              "innerHTML": "",
              "isContentEditable": false,
              "listeners": {
                "click": [Array],
              },
              "max": "",
              "min": "",
              "ownText": "중지",
              "parentNode": [Circular],
              "scrollLeft": 0,
              "scrollTop": 0,
              "selectionEnd": 0,
              "selectionStart": 0,
              "style": {
                "getPropertyValue": [Function anonymous],
                "removeProperty": [Function anonymous],
                "setProperty": [Function anonymous],
              },
              "tagName": "BUTTON",
              "type": "",
              "value": "",
            },
          ],
          "classList": {
            "add": [Function add],
            "contains": [Function contains],
            "remove": [Function remove],
            "toggle": [Function toggle],
          },
          "className": "ai-run-line",
          "dataset": {},
          "disabled": false,
          "hidden": false,
          "inert": false,
          "innerHTML": "",
          "isContentEditable": false,
          "listeners": {},
          "max": "",
          "min": "",
          "ownText": "",
          "parentNode": [Circular],
          "scrollLeft": 0,
          "scrollTop": 0,
          "selectionEnd": 0,
          "selectionStart": 0,
          "style": {
            "getPropertyValue": [Function anonymous],
            "removeProperty": [Function anonymous],
            "setProperty": [Function anonymous],
          },
          "tagName": "DIV",
          "type": "",
          "value": "",
        },
        FakeElement {
          "attrs": {},
          "checked": false,
          "childNodes": [],
          "classList": {
            "add": [Function add],
            "contains": [Function contains],
            "remove": [Function remove],
            "toggle": [Function toggle],
          },
          "className": "ai-autonomous-item-note",
          "dataset": {
            "testid": "ai-work-item-activity",
          },
          "disabled": false,
          "hidden": false,
          "inert": false,
          "innerHTML": "",
          "isContentEditable": false,
          "listeners": {},
          "max": "",
          "min": "",
          "ownText": "진행 중…",
          "parentNode": [Circular],
          "scrollLeft": 0,
          "scrollTop": 0,
          "selectionEnd": 0,
          "selectionStart": 0,
          "style": {
            "getPropertyValue": [Function anonymous],
            "removeProperty": [Function anonymous],
            "setProperty": [Function anonymous],
          },
          "tagName": "SPAN",
          "type": "",
          "value": "",
        },
        FakeElement {
          "attrs": {
            "aria-hidden": "true",
          },
          "checked": false,
          "childNodes": [
            FakeElement {
              "attrs": {},
              "checked": false,
              "childNodes": [],
              "classList": {
                "add": [Function add],
                "contains": [Function contains],
                "remove": [Function remove],
                "toggle": [Function toggle],
              },
              "className": "ai-run-progress-fill",
              "dataset": {},
              "disabled": false,
              "hidden": false,
              "inert": false,
              "innerHTML": "",
              "isContentEditable": false,
              "listeners": {},
              "max": "",
              "min": "",
              "ownText": "",
              "parentNode": [Circular],
              "scrollLeft": 0,
              "scrollTop": 0,
              "selectionEnd": 0,
              "selectionStart": 0,
              "style": {
                "getPropertyValue": [Function anonymous],
                "removeProperty": [Function anonymous],
                "setProperty": [Function anonymous],
                "width": "25%",
              },
              "tagName": "SPAN",
              "type": "",
              "value": "",
            },
          ],
          "classList": {
            "add": [Function add],
            "contains": [Function contains],
            "remove": [Function remove],
            "toggle": [Function toggle],
          },
          "className": "ai-run-progress",
          "dataset": {
            "testid": "ai-run-progress",
          },
          "disabled": false,
          "hidden": false,
          "inert": false,
          "innerHTML": "",
          "isContentEditable": false,
          "listeners": {},
          "max": "",
          "min": "",
          "ownText": "",
          "parentNode": [Circular],
          "scrollLeft": 0,
          "scrollTop": 0,
          "selectionEnd": 0,
          "selectionStart": 0,
          "style": {
            "getPropertyValue": [Function anonymous],
            "removeProperty": [Function anonymous],
            "setProperty": [Function anonymous],
          },
          "tagName": "DIV",
          "type": "",
          "value": "",
        },
      ],
      "classList": {
        "add": [Function add],
        "contains": [Function contains],
        "remove": [Function remove],
        "toggle": [Function toggle],
      },
      "className": "ai-run-whisper",
      "dataset": {
        "testid": "ai-run-whisper",
      },
      "disabled": false,
      "hidden": false,
      "inert": false,
      "innerHTML": "",
      "isContentEditable": false,
      "listeners": {},
      "max": "",
      "min": "",
      "ownText": "",
      "parentNode": [Circular],
      "scrollLeft": 0,
      "scrollTop": 0,
      "selectionEnd": 0,
      "selectionStart": 0,
      "style": {
        "getPropertyValue": [Function anonymous],
        "removeProperty": [Function anonymous],
        "setProperty": [Function anonymous],
      },
      "tagName": "DIV",
      "type": "",
      "value": "",
    },
    FakeElement {
      "attrs": {},
      "checked": false,
      "childNodes": [
        FakeElement {
          "attrs": {},
          "checked": false,
          "childNodes": [],
          "classList": {
            "add": [Function add],
            "contains": [Function contains],
            "remove": [Function remove],
            "toggle": [Function toggle],
          },
          "className": "ai-run-details-toggle",
          "dataset": {
            "testid": "ai-run-details-toggle",
          },
          "disabled": false,
          "hidden": false,
          "inert": false,
          "innerHTML": "",
          "isContentEditable": false,
          "listeners": {},
          "max": "",
          "min": "",
          "ownText": "자세히",
          "parentNode": [Circular],
          "scrollLeft": 0,
          "scrollTop": 0,
          "selectionEnd": 0,
          "selectionStart": 0,
          "style": {
            "getPropertyValue": [Function anonymous],
            "removeProperty": [Function anonymous],
            "setProperty": [Function anonymous],
          },
          "tagName": "SUMMARY",
          "type": "",
          "value": "",
        },
        FakeElement {
          "attrs": {},
          "checked": false,
          "childNodes": [
            FakeElement {
              "attrs": {},
              "checked": false,
              "childNodes": [],
              "classList": {
                "add": [Function add],
                "contains": [Function contains],
                "remove": [Function remove],
                "toggle": [Function toggle],
              },
              "className": "ai-autonomous-chip",
              "dataset": {
                "testid": "ai-autonomous-chip",
              },
              "disabled": false,
              "hidden": false,
              "inert": false,
              "innerHTML": "",
              "isContentEditable": false,
              "listeners": {},
              "max": "",
              "min": "",
              "ownText": "자율 실행 중",
              "parentNode": [Circular],
              "scrollLeft": 0,
              "scrollTop": 0,
              "selectionEnd": 0,
              "selectionStart": 0,
              "style": {
                "getPropertyValue": [Function anonymous],
                "removeProperty": [Function anonymous],
                "setProperty": [Function anonymous],
              },
              "tagName": "SPAN",
              "type": "",
              "value": "",
            },
            FakeElement {
              "attrs": {},
              "checked": false,
              "childNodes": [],
              "classList": {
                "add": [Function add],
                "contains": [Function contains],
                "remove": [Function remove],
                "toggle": [Function toggle],
              },
              "className": "ai-autonomous-budget",
              "dataset": {
                "testid": "ai-autonomous-budget",
              },
              "disabled": false,
              "hidden": false,
              "inert": false,
              "innerHTML": "",
              "isContentEditable": false,
              "listeners": {},
              "max": "",
              "min": "",
              "ownText": "예산 0/16",
              "parentNode": [Circular],
              "scrollLeft": 0,
              "scrollTop": 0,
              "selectionEnd": 0,
              "selectionStart": 0,
              "style": {
                "getPropertyValue": [Function anonymous],
                "removeProperty": [Function anonymous],
                "setProperty": [Function anonymous],
              },
              "tagName": "SPAN",
              "type": "",
              "value": "",
            },
          ],
          "classList": {
            "add": [Function add],
            "contains": [Function contains],
            "remove": [Function remove],
            "toggle": [Function toggle],
          },
          "className": "ai-autonomous-head",
          "dataset": {},
          "disabled": false,
          "hidden": false,
          "inert": false,
          "innerHTML": "",
          "isContentEditable": false,
          "listeners": {},
          "max": "",
          "min": "",
          "ownText": "",
          "parentNode": [Circular],
          "scrollLeft": 0,
          "scrollTop": 0,
          "selectionEnd": 0,
          "selectionStart": 0,
          "style": {
            "getPropertyValue": [Function anonymous],
            "removeProperty": [Function anonymous],
            "setProperty": [Function anonymous],
          },
          "tagName": "DIV",
          "type": "",
          "value": "",
        },
        FakeElement {
          "attrs": {},
          "checked": false,
          "childNodes": [],
          "classList": {
            "add": [Function add],
            "contains": [Function contains],
            "remove": [Function remove],
            "toggle": [Function toggle],
          },
          "className": "ai-autonomous-goal",
          "dataset": {
            "testid": "ai-autonomous-goal",
          },
          "disabled": false,
          "hidden": false,
          "inert": false,
          "innerHTML": "",
          "isContentEditable": false,
          "listeners": {},
          "max": "",
          "min": "",
          "ownText": "RPG 만들어줘",
          "parentNode": [Circular],
          "scrollLeft": 0,
          "scrollTop": 0,
          "selectionEnd": 0,
          "selectionStart": 0,
          "style": {
            "getPropertyValue": [Function anonymous],
            "removeProperty": [Function anonymous],
            "setProperty": [Function anonymous],
          },
          "tagName": "DIV",
          "type": "",
          "value": "",
        },
        FakeElement {
          "attrs": {},
          "checked": false,
          "childNodes": [],
          "classList": {
            "add": [Function add],
            "contains": [Function contains],
            "remove": [Function remove],
            "toggle": [Function toggle],
          },
          "className": "ai-autonomous-feed",
          "dataset": {
            "testid": "ai-autonomous-feed",
          },
          "disabled": false,
          "hidden": false,
          "inert": false,
          "innerHTML": "",
          "isContentEditable": false,
          "listeners": {},
          "max": "",
          "min": "",
          "ownText": "",
          "parentNode": [Circular],
          "scrollLeft": 0,
          "scrollTop": 0,
          "selectionEnd": 0,
          "selectionStart": 0,
          "style": {
            "getPropertyValue": [Function anonymous],
            "removeProperty": [Function anonymous],
            "setProperty": [Function anonymous],
          },
          "tagName": "DIV",
          "type": "",
          "value": "",
        },
      ],
      "classList": {
        "add": [Function add],
        "contains": [Function contains],
        "remove": [Function remove],
        "toggle": [Function toggle],
      },
      "className": "ai-run-details",
      "dataset": {
        "testid": "ai-run-details",
      },
      "disabled": false,
      "hidden": false,
      "inert": false,
      "innerHTML": "",
      "isContentEditable": false,
      "listeners": {},
      "max": "",
      "min": "",
      "ownText": "",
      "parentNode": [Circular],
      "scrollLeft": 0,
      "scrollTop": 0,
      "selectionEnd": 0,
      "selectionStart": 0,
      "style": {
        "getPropertyValue": [Function anonymous],
        "removeProperty": [Function anonymous],
        "setProperty": [Function anonymous],
      },
      "tagName": "DETAILS",
      "type": "",
      "value": "",
    },
  ],
  "classList": {
    "add": [Function add],
    "contains": [Function contains],
    "remove": [Function remove],
    "toggle": [Function toggle],
  },
  "className": "ai-autonomous-checklist",
  "dataset": {
    "active": "true",
    "blocked": "false",
    "complete": "false",
    "testid": "ai-work-plan-checklist",
  },
  "disabled": false,
  "hidden": false,
  "inert": false,
  "innerHTML": "",
  "isContentEditable": false,
  "listeners": {},
  "max": "",
  "min": "",
  "ownText": "",
  "parentNode": FakeElement {
    "attrs": {},
    "checked": false,
    "childNodes": [
      [Circular],
    ],
    "classList": {
      "add": [Function add],
      "contains": [Function contains],
      "remove": [Function remove],
      "toggle": [Function toggle],
    },
    "className": "ai-autonomous-run-surface",
    "dataset": {
      "testid": "ai-autonomous-run-surface",
    },
    "disabled": false,
    "hidden": false,
    "inert": false,
    "innerHTML": "",
    "isContentEditable": false,
    "listeners": {},
    "max": "",
    "min": "",
    "ownText": "",
    "parentNode": FakeElement {
      "attrs": {},
      "checked": false,
      "childNodes": [
        [Circular],
        FakeElement {
          "attrs": {},
          "checked": false,
          "childNodes": [
            FakeElement {
              "attrs": {
                "aria-label": "조수 대화",
                "role": "region",
                "tabindex": "0",
              },
              "checked": false,
              "childNodes": [
                [FakeElement],
                [FakeElement],
                [FakeElement],
                [FakeElement],
              ],
              "classList": {
                "add": [Function add],
                "contains": [Function contains],
                "remove": [Function remove],
                "toggle": [Function toggle],
              },
              "className": "ai-chat-log",
              "dataset": {
                "editorNavigationOwner": "true",
                "testid": "ai-chat-log",
              },
              "disabled": false,
              "hidden": false,
              "inert": false,
              "innerHTML": "",
              "isContentEditable": false,
              "listeners": {},
              "max": "",
              "min": "",
              "ownText": "",
              "parentNode": [Circular],
              "scrollLeft": 0,
              "scrollTop": undefined,
              "selectionEnd": 0,
              "selectionStart": 0,
              "style": {
                "getPropertyValue": [Function anonymous],
                "removeProperty": [Function anonymous],
                "setProperty": [Function anonymous],
              },
              "tagName": "DIV",
              "type": "",
              "value": "",
            },
          ],
          "classList": {
            "add": [Function add],
            "contains": [Function contains],
            "remove": [Function remove],
            "toggle": [Function toggle],
          },
          "className": "ai-glass-log",
          "dataset": {
            "testid": "ai-glass-log",
          },
          "disabled": false,
          "hidden": false,
          "inert": false,
          "innerHTML": "",
          "isContentEditable": false,
          "listeners": {},
          "max": "",
          "min": "",
          "ownText": "",
          "parentNode": [Circular],
          "scrollLeft": 0,
          "scrollTop": 0,
          "selectionEnd": 0,
          "selectionStart": 0,
          "style": {
            "getPropertyValue": [Function anonymous],
            "removeProperty": [Function anonymous],
            "setProperty": [Function anonymous],
          },
          "tagName": "DIV",
          "type": "",
          "value": "",
        },
        FakeElement {
          "attrs": {},
          "checked": false,
          "childNodes": [],
          "classList": {
            "add": [Function add],
            "contains": [Function contains],
            "remove": [Function remove],
            "toggle": [Function toggle],
          },
          "className": "ai-history-log-mount",
          "dataset": {},
          "disabled": false,
          "hidden": false,
          "inert": false,
          "innerHTML": "",
          "isContentEditable": false,
          "listeners": {},
          "max": "",
          "min": "",
          "ownText": "",
          "parentNode": [Circular],
          "scrollLeft": 0,
          "scrollTop": 0,
          "selectionEnd": 0,
          "selectionStart": 0,
          "style": {
            "getPropertyValue": [Function anonymous],
            "removeProperty": [Function anonymous],
            "setProperty": [Function anonymous],
          },
          "tagName": "DIV",
          "type": "",
          "value": "",
        },
      ],
      "classList": {
        "add": [Function add],
        "contains": [Function contains],
        "remove": [Function remove],
        "toggle": [Function toggle],
      },
      "className": "ai-chat-main",
      "dataset": {},
      "disabled": false,
      "hidden": false,
      "inert": false,
      "innerHTML": "",
      "isContentEditable": false,
      "listeners": {},
      "max": "",
      "min": "",
      "ownText": "",
      "parentNode": FakeElement {
        "attrs": {},
        "checked": false,
        "childNodes": [
          [Circular],
        ],
        "classList": {
          "add": [Function add],
          "contains": [Function contains],
          "remove": [Function remove],
          "toggle": [Function toggle],
        },
        "className": "ai-chat-body",
        "dataset": {
          "testid": "ai-chat-body",
        },
        "disabled": false,
        "hidden": false,
        "inert": false,
        "innerHTML": "",
        "isContentEditable": false,
        "listeners": {
          "wheel": [
            [Function anonymous],
          ],
        },
        "max": "",
        "min": "",
        "ownText": "",
        "parentNode": FakeElement {
          "attrs": {},
          "checked": false,
          "childNodes": [
            FakeElement {
              "attrs": {},
              "checked": false,
              "childNodes": [
                [FakeElement],
                [FakeElement],
                [FakeElement],
                [FakeElement],
                [FakeElement],
                [FakeElement],
                [FakeElement],
              ],
              "classList": {
                "add": [Function add],
                "contains": [Function contains],
                "remove": [Function remove],
                "toggle": [Function toggle],
              },
              "className": "ai-deck-rail",
              "dataset": {
                "aiState": "idle",
                "testid": "ai-deck-rail",
              },
              "disabled": false,
              "hidden": false,
              "inert": false,
              "innerHTML": "",
              "isContentEditable": false,
              "listeners": {},
              "max": "",
              "min": "",
              "ownText": "",
              "parentNode": [Circular],
              "scrollLeft": 0,
              "scrollTop": 0,
              "selectionEnd": 0,
              "selectionStart": 0,
              "style": {
                "getPropertyValue": [Function anonymous],
                "removeProperty": [Function anonymous],
                "setProperty": [Function anonymous],
              },
              "tagName": "DIV",
              "type": "",
              "value": "",
            },
            [Circular],
            FakeElement {
              "attrs": {},
              "checked": false,
              "childNodes": [],
              "classList": {
                "add": [Function add],
                "contains": [Function contains],
                "remove": [Function remove],
                "toggle": [Function toggle],
              },
              "className": "",
              "dataset": {},
              "disabled": false,
              "hidden": false,
              "inert": false,
              "innerHTML": "",
              "isContentEditable": false,
              "listeners": {},
              "max": "",
              "min": "",
              "ownText": "",
              "parentNode": [Circular],
              "scrollLeft": 0,
              "scrollTop": 0,
              "selectionEnd": 0,
              "selectionStart": 0,
              "style": {
                "getPropertyValue": [Function anonymous],
                "removeProperty": [Function anonymous],
                "setProperty": [Function anonymous],
              },
              "tagName": "DIV",
              "type": "",
              "value": "",
            },
            FakeElement {
              "attrs": {},
              "checked": false,
              "childNodes": [
                [FakeElement],
                [FakeElement],
                [FakeElement],
                [FakeElement],
                [FakeElement],
              ],
              "classList": {
                "add": [Function add],
                "contains": [Function contains],
                "remove": [Function remove],
                "toggle": [Function toggle],
              },
              "className": "ai-command-bar",
              "dataset": {
                "testid": "ai-command-bar",
              },
              "disabled": false,
              "hidden": false,
              "inert": false,
              "innerHTML": "",
              "isContentEditable": false,
              "listeners": {
                "focusin": [Array],
                "focusout": [Array],
              },
              "max": "",
              "min": "",
              "ownText": "",
              "parentNode": [Circular],
              "scrollLeft": 0,
              "scrollTop": 0,
              "selectionEnd": 0,
              "selectionStart": 0,
              "style": {
                "getPropertyValue": [Function anonymous],
                "removeProperty": [Function anonymous],
                "setProperty": [Function anonymous],
              },
              "tagName": "DIV",
              "type": "",
              "value": "",
            },
            FakeElement {
              "attrs": {
                "aria-label": "조수 입력줄 폭 조절",
                "aria-orientation": "vertical",
                "aria-valuemax": "NaN",
                "aria-valuemin": "280",
                "aria-valuenow": "280",
                "role": "separator",
                "tabindex": "0",
                "title": "드래그하거나 방향키로 조수 폭 조절",
              },
              "checked": false,
              "childNodes": [],
              "classList": {
                "add": [Function add],
                "contains": [Function contains],
                "remove": [Function remove],
                "toggle": [Function toggle],
              },
              "className": "ai-chat-resize-handle is-edge-start",
              "dataset": {
                "testid": "ai-resize-handle",
              },
              "disabled": false,
              "hidden": false,
              "inert": false,
              "innerHTML": "",
              "isContentEditable": false,
              "listeners": {
                "keydown": [Array],
                "pointerdown": [Array],
              },
              "max": "",
              "min": "",
              "ownText": "",
              "parentNode": [Circular],
              "scrollLeft": 0,
              "scrollTop": 0,
              "selectionEnd": 0,
              "selectionStart": 0,
              "style": {
                "getPropertyValue": [Function anonymous],
                "removeProperty": [Function anonymous],
                "setProperty": [Function anonymous],
              },
              "tagName": "DIV",
              "type": "",
              "value": "",
            },
          ],
          "classList": {
            "add": [Function add],
            "contains": [Function contains],
            "remove": [Function remove],
            "toggle": [Function toggle],
          },
          "className": "ai-deck",
          "dataset": {
            "testid": "ai-deck",
          },
          "disabled": false,
          "hidden": false,
          "inert": false,
          "innerHTML": "",
          "isContentEditable": false,
          "listeners": {},
          "max": "",
          "min": "",
          "ownText": "",
          "parentNode": FakeElement {
            "attrs": {
              "aria-label": "조수",
            },
            "checked": false,
            "childNodes": [
              FakeElement {
                "attrs": [Object],
                "checked": false,
                "childNodes": [Array],
                "classList": [Object],
                "className": "ai-chat-toolbar is-empty",
                "dataset": [Object],
                "disabled": false,
                "hidden": false,
                "inert": true,
                "innerHTML": "",
                "isContentEditable": false,
                "listeners": [Object],
                "max": "",
                "min": "",
                "ownText": "",
                "parentNode": [Circular],
                "scrollLeft": 0,
                "scrollTop": 0,
                "selectionEnd": 0,
                "selectionStart": 0,
                "style": [Object],
                "tagName": "DIV",
                "type": "",
                "value": "",
              },
              [Circular],
              FakeElement {
                "attrs": [Object],
                "checked": false,
                "childNodes": [Array],
                "classList": [Object],
                "className": "ai-collapsed-restore",
                "dataset": [Object],
                "disabled": false,
                "hidden": false,
                "inert": false,
                "innerHTML": "",
                "isContentEditable": false,
                "listeners": [Object],
                "max": "",
                "min": "",
                "ownText": "",
                "parentNode": [Circular],
                "scrollLeft": 0,
                "scrollTop": 0,
                "selectionEnd": 0,
                "selectionStart": 0,
                "style": [Object],
                "tagName": "BUTTON",
                "type": "",
                "value": "",
              },
              FakeElement {
                "attrs": [Object],
                "checked": false,
                "childNodes": [Array],
                "classList": [Object],
                "className": "ai-collapsed-undo",
                "dataset": [Object],
                "disabled": false,
                "hidden": true,
                "inert": false,
                "innerHTML": "",
                "isContentEditable": false,
                "listeners": [Object],
                "max": "",
                "min": "",
                "ownText": "",
                "parentNode": [Circular],
                "scrollLeft": 0,
                "scrollTop": 0,
                "selectionEnd": 0,
                "selectionStart": 0,
                "style": [Object],
                "tagName": "BUTTON",
                "type": "",
                "value": "",
              },
              FakeElement {
                "attrs": [Object],
                "checked": false,
                "childNodes": [Array],
                "classList": [Object],
                "className": "ai-rising-sticky-zone",
                "dataset": [Object],
                "disabled": false,
                "hidden": false,
                "inert": false,
                "innerHTML": "",
                "isContentEditable": false,
                "listeners": [Object],
                "max": "",
                "min": "",
                "ownText": "",
                "parentNode": [Circular],
                "scrollLeft": 0,
                "scrollTop": 0,
                "selectionEnd": 0,
                "selectionStart": 0,
                "style": [Object],
                "tagName": "DIV",
                "type": "",
                "value": "",
              },
            ],
            "classList": {
              "add": [Function add],
              "contains": [Function contains],
              "remove": [Function remove],
              "toggle": [Function toggle],
            },
            "className": "ai-chat-panel is-assistant-log-open is-autonomous-run",
            "dataset": {
              "aiConversation": "active",
              "aiFontSize": "normal",
              "aiState": "idle",
              "chatDock": "float",
              "logSlot": "glass",
              "temperature": "quiet-gold",
              "testid": "ai-panel",
              "uiDensity": "shared",
            },
            "disabled": false,
            "hidden": false,
            "inert": false,
            "innerHTML": "",
            "isContentEditable": false,
            "listeners": {},
            "max": "",
            "min": "",
            "ownText": "",
            "parentNode": null,
            "scrollLeft": 0,
            "scrollTop": 0,
            "selectionEnd": 0,
            "selectionStart": 0,
            "style": {
              "--ai-background-opacity": "82%",
              "--ai-font-scale": "1",
              "getPropertyValue": [Function anonymous],
              "height": "",
              "maxHeight": "",
              "maxWidth": "",
              "removeProperty": [Function anonymous],
              "setProperty": [Function anonymous],
              "width": "",
            },
            "tagName": "ASIDE",
            "type": "",
            "value": "",
          },
          "scrollLeft": 0,
          "scrollTop": 0,
          "selectionEnd": 0,
          "selectionStart": 0,
          "style": {
            "getPropertyValue": [Function anonymous],
            "removeProperty": [Function anonymous],
            "setProperty": [Function anonymous],
          },
          "tagName": "DIV",
          "type": "",
          "value": "",
        },
        "scrollLeft": 0,
        "scrollTop": 0,
        "selectionEnd": 0,
        "selectionStart": 0,
        "style": {
          "getPropertyValue": [Function anonymous],
          "removeProperty": [Function anonymous],
          "setProperty": [Function anonymous],
        },
        "tagName": "DIV",
        "type": "",
        "value": "",
      },
      "scrollLeft": 0,
      "scrollTop": 0,
      "selectionEnd": 0,
      "selectionStart": 0,
      "style": {
        "getPropertyValue": [Function anonymous],
        "removeProperty": [Function anonymous],
        "setProperty": [Function anonymous],
      },
      "tagName": "DIV",
      "type": "",
      "value": "",
    },
    "scrollLeft": 0,
    "scrollTop": 0,
    "selectionEnd": 0,
    "selectionStart": 0,
    "style": {
      "getPropertyValue": [Function anonymous],
      "removeProperty": [Function anonymous],
      "setProperty": [Function anonymous],
    },
    "tagName": "DIV",
    "type": "",
    "value": "",
  },
  "scrollLeft": 0,
  "scrollTop": 0,
  "selectionEnd": 0,
  "selectionStart": 0,
  "style": {
    "getPropertyValue": [Function anonymous],
    "removeProperty": [Function anonymous],
    "setProperty": [Function anonymous],
  },
  "tagName": "DIV",
  "type": "",
  "value": "",
}

 ❯ test/aiAutonomousRunSurface.test.ts:398:59
    396|     await sending;
    397|     await flushAsync();
    398|     expect(findByTestId(panel, "ai-work-plan-checklist")).toBeNull();
       |                                                           ^
    399|     expect(findByTestId(panel, "ai-run-stop")).toBeNull();
    400|     await vi.advanceTimersByTimeAsync(AUTO_COLLAPSE_AFTER_AI_MS + 50);

⎯⎯⎯⎯⎯⎯⎯⎯⎯⎯⎯⎯⎯⎯⎯⎯⎯⎯⎯⎯⎯⎯⎯⎯[1/6]⎯

 FAIL  test/aiAutonomousRunSurface.test.ts > 할 일 목록 표면 (작업 계획 체크리스트) > 턴이 끝나면 할 일 표면은 걷히고 다음 턴의 새 계획은 보인다
AssertionError: expected <div role="group" …(1)>…(2)</div> to be null

[32m- Expected:[39m 
null

[31m+ Received:[39m 
FakeElement {
  "attrs": {
    "aria-label": "할 일 목록",
    "role": "group",
  },
  "checked": false,
  "childNodes": [
    FakeElement {
      "attrs": {},
      "checked": false,
      "childNodes": [
        FakeElement {
          "attrs": {},
          "checked": false,
          "childNodes": [
            FakeElement {
              "attrs": {},
              "checked": false,
              "childNodes": [],
              "classList": {
                "add": [Function add],
                "contains": [Function contains],
                "remove": [Function remove],
                "toggle": [Function toggle],
              },
              "className": "ai-run-status",
              "dataset": {
                "testid": "ai-run-status",
              },
              "disabled": false,
              "hidden": false,
              "inert": false,
              "innerHTML": "",
              "isContentEditable": false,
              "listeners": {},
              "max": "",
              "min": "",
              "ownText": "집 3채 중",
              "parentNode": [Circular],
              "scrollLeft": 0,
              "scrollTop": 0,
              "selectionEnd": 0,
              "selectionStart": 0,
              "style": {
                "getPropertyValue": [Function anonymous],
                "removeProperty": [Function anonymous],
                "setProperty": [Function anonymous],
              },
              "tagName": "SPAN",
              "type": "",
              "value": "",
            },
            FakeElement {
              "attrs": {
                "title": "완료한 항목 / 전체 항목",
              },
              "checked": false,
              "childNodes": [],
              "classList": {
                "add": [Function add],
                "contains": [Function contains],
                "remove": [Function remove],
                "toggle": [Function toggle],
              },
              "className": "ai-autonomous-progress",
              "dataset": {
                "testid": "ai-autonomous-progress",
              },
              "disabled": false,
              "hidden": false,
              "inert": false,
              "innerHTML": "",
              "isContentEditable": false,
              "listeners": {},
              "max": "",
              "min": "",
              "ownText": "1/4",
              "parentNode": [Circular],
              "scrollLeft": 0,
              "scrollTop": 0,
              "selectionEnd": 0,
              "selectionStart": 0,
              "style": {
                "getPropertyValue": [Function anonymous],
                "removeProperty": [Function anonymous],
                "setProperty": [Function anonymous],
              },
              "tagName": "SPAN",
              "type": "",
              "value": "",
            },
            FakeElement {
              "attrs": {
                "title": "작업 계획을 페이지로 엽니다",
                "type": "button",
              },
              "checked": false,
              "childNodes": [],
              "classList": {
                "add": [Function add],
                "contains": [Function contains],
                "remove": [Function remove],
                "toggle": [Function toggle],
              },
              "className": "ai-plan-book-open",
              "dataset": {
                "testid": "ai-plan-book-open",
              },
              "disabled": false,
              "hidden": false,
              "inert": false,
              "innerHTML": "",
              "isContentEditable": false,
              "listeners": {
                "click": [Array],
              },
              "max": "",
              "min": "",
              "ownText": "계획 보기",
              "parentNode": [Circular],
              "scrollLeft": 0,
              "scrollTop": 0,
              "selectionEnd": 0,
              "selectionStart": 0,
              "style": {
                "getPropertyValue": [Function anonymous],
                "removeProperty": [Function anonymous],
                "setProperty": [Function anonymous],
              },
              "tagName": "BUTTON",
              "type": "",
              "value": "",
            },
            FakeElement {
              "attrs": {
                "title": "진행 중인 작업을 중지합니다",
                "type": "button",
              },
              "checked": false,
              "childNodes": [],
              "classList": {
                "add": [Function add],
                "contains": [Function contains],
                "remove": [Function remove],
                "toggle": [Function toggle],
              },
              "className": "ai-run-stop",
              "dataset": {
                "testid": "ai-run-stop",
              },
              "disabled": false,
              "hidden": false,
              "inert": false,
              "innerHTML": "",
              "isContentEditable": false,
              "listeners": {
                "click": [Array],
              },
              "max": "",
              "min": "",
              "ownText": "중지",
              "parentNode": [Circular],
              "scrollLeft": 0,
              "scrollTop": 0,
              "selectionEnd": 0,
              "selectionStart": 0,
              "style": {
                "getPropertyValue": [Function anonymous],
                "removeProperty": [Function anonymous],
                "setProperty": [Function anonymous],
              },
              "tagName": "BUTTON",
              "type": "",
              "value": "",
            },
          ],
          "classList": {
            "add": [Function add],
            "contains": [Function contains],
            "remove": [Function remove],
            "toggle": [Function toggle],
          },
          "className": "ai-run-line",
          "dataset": {},
          "disabled": false,
          "hidden": false,
          "inert": false,
          "innerHTML": "",
          "isContentEditable": false,
          "listeners": {},
          "max": "",
          "min": "",
          "ownText": "",
          "parentNode": [Circular],
          "scrollLeft": 0,
          "scrollTop": 0,
          "selectionEnd": 0,
          "selectionStart": 0,
          "style": {
            "getPropertyValue": [Function anonymous],
            "removeProperty": [Function anonymous],
            "setProperty": [Function anonymous],
          },
          "tagName": "DIV",
          "type": "",
          "value": "",
        },
        FakeElement {
          "attrs": {},
          "checked": false,
          "childNodes": [],
          "classList": {
            "add": [Function add],
            "contains": [Function contains],
            "remove": [Function remove],
            "toggle": [Function toggle],
          },
          "className": "ai-autonomous-item-note",
          "dataset": {
            "testid": "ai-work-item-activity",
          },
          "disabled": false,
          "hidden": false,
          "inert": false,
          "innerHTML": "",
          "isContentEditable": false,
          "listeners": {},
          "max": "",
          "min": "",
          "ownText": "진행 중…",
          "parentNode": [Circular],
          "scrollLeft": 0,
          "scrollTop": 0,
          "selectionEnd": 0,
          "selectionStart": 0,
          "style": {
            "getPropertyValue": [Function anonymous],
            "removeProperty": [Function anonymous],
            "setProperty": [Function anonymous],
          },
          "tagName": "SPAN",
          "type": "",
          "value": "",
        },
        FakeElement {
          "attrs": {
            "aria-hidden": "true",
          },
          "checked": false,
          "childNodes": [
            FakeElement {
              "attrs": {},
              "checked": false,
              "childNodes": [],
              "classList": {
                "add": [Function add],
                "contains": [Function contains],
                "remove": [Function remove],
                "toggle": [Function toggle],
              },
              "className": "ai-run-progress-fill",
              "dataset": {},
              "disabled": false,
              "hidden": false,
              "inert": false,
              "innerHTML": "",
              "isContentEditable": false,
              "listeners": {},
              "max": "",
              "min": "",
              "ownText": "",
              "parentNode": [Circular],
              "scrollLeft": 0,
              "scrollTop": 0,
              "selectionEnd": 0,
              "selectionStart": 0,
              "style": {
                "getPropertyValue": [Function anonymous],
                "removeProperty": [Function anonymous],
                "setProperty": [Function anonymous],
                "width": "25%",
              },
              "tagName": "SPAN",
              "type": "",
              "value": "",
            },
          ],
          "classList": {
            "add": [Function add],
            "contains": [Function contains],
            "remove": [Function remove],
            "toggle": [Function toggle],
          },
          "className": "ai-run-progress",
          "dataset": {
            "testid": "ai-run-progress",
          },
          "disabled": false,
          "hidden": false,
          "inert": false,
          "innerHTML": "",
          "isContentEditable": false,
          "listeners": {},
          "max": "",
          "min": "",
          "ownText": "",
          "parentNode": [Circular],
          "scrollLeft": 0,
          "scrollTop": 0,
          "selectionEnd": 0,
          "selectionStart": 0,
          "style": {
            "getPropertyValue": [Function anonymous],
            "removeProperty": [Function anonymous],
            "setProperty": [Function anonymous],
          },
          "tagName": "DIV",
          "type": "",
          "value": "",
        },
      ],
      "classList": {
        "add": [Function add],
        "contains": [Function contains],
        "remove": [Function remove],
        "toggle": [Function toggle],
      },
      "className": "ai-run-whisper",
      "dataset": {
        "testid": "ai-run-whisper",
      },
      "disabled": false,
      "hidden": false,
      "inert": false,
      "innerHTML": "",
      "isContentEditable": false,
      "listeners": {},
      "max": "",
      "min": "",
      "ownText": "",
      "parentNode": [Circular],
      "scrollLeft": 0,
      "scrollTop": 0,
      "selectionEnd": 0,
      "selectionStart": 0,
      "style": {
        "getPropertyValue": [Function anonymous],
        "removeProperty": [Function anonymous],
        "setProperty": [Function anonymous],
      },
      "tagName": "DIV",
      "type": "",
      "value": "",
    },
    FakeElement {
      "attrs": {},
      "checked": false,
      "childNodes": [
        FakeElement {
          "attrs": {},
          "checked": false,
          "childNodes": [],
          "classList": {
            "add": [Function add],
            "contains": [Function contains],
            "remove": [Function remove],
            "toggle": [Function toggle],
          },
          "className": "ai-run-details-toggle",
          "dataset": {
            "testid": "ai-run-details-toggle",
          },
          "disabled": false,
          "hidden": false,
          "inert": false,
          "innerHTML": "",
          "isContentEditable": false,
          "listeners": {},
          "max": "",
          "min": "",
          "ownText": "자세히",
          "parentNode": [Circular],
          "scrollLeft": 0,
          "scrollTop": 0,
          "selectionEnd": 0,
          "selectionStart": 0,
          "style": {
            "getPropertyValue": [Function anonymous],
            "removeProperty": [Function anonymous],
            "setProperty": [Function anonymous],
          },
          "tagName": "SUMMARY",
          "type": "",
          "value": "",
        },
        FakeElement {
          "attrs": {},
          "checked": false,
          "childNodes": [
            FakeElement {
              "attrs": {},
              "checked": false,
              "childNodes": [],
              "classList": {
                "add": [Function add],
                "contains": [Function contains],
                "remove": [Function remove],
                "toggle": [Function toggle],
              },
              "className": "ai-autonomous-chip",
              "dataset": {
                "testid": "ai-autonomous-chip",
              },
              "disabled": false,
              "hidden": false,
              "inert": false,
              "innerHTML": "",
              "isContentEditable": false,
              "listeners": {},
              "max": "",
              "min": "",
              "ownText": "자율 실행 중",
              "parentNode": [Circular],
              "scrollLeft": 0,
              "scrollTop": 0,
              "selectionEnd": 0,
              "selectionStart": 0,
              "style": {
                "getPropertyValue": [Function anonymous],
                "removeProperty": [Function anonymous],
                "setProperty": [Function anonymous],
              },
              "tagName": "SPAN",
              "type": "",
              "value": "",
            },
            FakeElement {
              "attrs": {},
              "checked": false,
              "childNodes": [],
              "classList": {
                "add": [Function add],
                "contains": [Function contains],
                "remove": [Function remove],
                "toggle": [Function toggle],
              },
              "className": "ai-autonomous-budget",
              "dataset": {
                "testid": "ai-autonomous-budget",
              },
              "disabled": false,
              "hidden": false,
              "inert": false,
              "innerHTML": "",
              "isContentEditable": false,
              "listeners": {},
              "max": "",
              "min": "",
              "ownText": "예산 0/16",
              "parentNode": [Circular],
              "scrollLeft": 0,
              "scrollTop": 0,
              "selectionEnd": 0,
              "selectionStart": 0,
              "style": {
                "getPropertyValue": [Function anonymous],
                "removeProperty": [Function anonymous],
                "setProperty": [Function anonymous],
              },
              "tagName": "SPAN",
              "type": "",
              "value": "",
            },
          ],
          "classList": {
            "add": [Function add],
            "contains": [Function contains],
            "remove": [Function remove],
            "toggle": [Function toggle],
          },
          "className": "ai-autonomous-head",
          "dataset": {},
          "disabled": false,
          "hidden": false,
          "inert": false,
          "innerHTML": "",
          "isContentEditable": false,
          "listeners": {},
          "max": "",
          "min": "",
          "ownText": "",
          "parentNode": [Circular],
          "scrollLeft": 0,
          "scrollTop": 0,
          "selectionEnd": 0,
          "selectionStart": 0,
          "style": {
            "getPropertyValue": [Function anonymous],
            "removeProperty": [Function anonymous],
            "setProperty": [Function anonymous],
          },
          "tagName": "DIV",
          "type": "",
          "value": "",
        },
        FakeElement {
          "attrs": {},
          "checked": false,
          "childNodes": [],
          "classList": {
            "add": [Function add],
            "contains": [Function contains],
            "remove": [Function remove],
            "toggle": [Function toggle],
          },
          "className": "ai-autonomous-goal",
          "dataset": {
            "testid": "ai-autonomous-goal",
          },
          "disabled": false,
          "hidden": false,
          "inert": false,
          "innerHTML": "",
          "isContentEditable": false,
          "listeners": {},
          "max": "",
          "min": "",
          "ownText": "RPG 만들어줘",
          "parentNode": [Circular],
          "scrollLeft": 0,
          "scrollTop": 0,
          "selectionEnd": 0,
          "selectionStart": 0,
          "style": {
            "getPropertyValue": [Function anonymous],
            "removeProperty": [Function anonymous],
            "setProperty": [Function anonymous],
          },
          "tagName": "DIV",
          "type": "",
          "value": "",
        },
        FakeElement {
          "attrs": {},
          "checked": false,
          "childNodes": [],
          "classList": {
            "add": [Function add],
            "contains": [Function contains],
            "remove": [Function remove],
            "toggle": [Function toggle],
          },
          "className": "ai-autonomous-feed",
          "dataset": {
            "testid": "ai-autonomous-feed",
          },
          "disabled": false,
          "hidden": false,
          "inert": false,
          "innerHTML": "",
          "isContentEditable": false,
          "listeners": {},
          "max": "",
          "min": "",
          "ownText": "",
          "parentNode": [Circular],
          "scrollLeft": 0,
          "scrollTop": 0,
          "selectionEnd": 0,
          "selectionStart": 0,
          "style": {
            "getPropertyValue": [Function anonymous],
            "removeProperty": [Function anonymous],
            "setProperty": [Function anonymous],
          },
          "tagName": "DIV",
          "type": "",
          "value": "",
        },
      ],
      "classList": {
        "add": [Function add],
        "contains": [Function contains],
        "remove": [Function remove],
        "toggle": [Function toggle],
      },
      "className": "ai-run-details",
      "dataset": {
        "testid": "ai-run-details",
      },
      "disabled": false,
      "hidden": false,
      "inert": false,
      "innerHTML": "",
      "isContentEditable": false,
      "listeners": {},
      "max": "",
      "min": "",
      "ownText": "",
      "parentNode": [Circular],
      "scrollLeft": 0,
      "scrollTop": 0,
      "selectionEnd": 0,
      "selectionStart": 0,
      "style": {
        "getPropertyValue": [Function anonymous],
        "removeProperty": [Function anonymous],
        "setProperty": [Function anonymous],
      },
      "tagName": "DETAILS",
      "type": "",
      "value": "",
    },
  ],
  "classList": {
    "add": [Function add],
    "contains": [Function contains],
    "remove": [Function remove],
    "toggle": [Function toggle],
  },
  "className": "ai-autonomous-checklist",
  "dataset": {
    "active": "true",
    "blocked": "false",
    "complete": "false",
    "testid": "ai-work-plan-checklist",
  },
  "disabled": false,
  "hidden": false,
  "inert": false,
  "innerHTML": "",
  "isContentEditable": false,
  "listeners": {},
  "max": "",
  "min": "",
  "ownText": "",
  "parentNode": FakeElement {
    "attrs": {},
    "checked": false,
    "childNodes": [
      [Circular],
    ],
    "classList": {
      "add": [Function add],
      "contains": [Function contains],
      "remove": [Function remove],
      "toggle": [Function toggle],
    },
    "className": "ai-autonomous-run-surface",
    "dataset": {
      "testid": "ai-autonomous-run-surface",
    },
    "disabled": false,
    "hidden": false,
    "inert": false,
    "innerHTML": "",
    "isContentEditable": false,
    "listeners": {},
    "max": "",
    "min": "",
    "ownText": "",
    "parentNode": FakeElement {
      "attrs": {},
      "checked": false,
      "childNodes": [
        [Circular],
        FakeElement {
          "attrs": {},
          "checked": false,
          "childNodes": [
            FakeElement {
              "attrs": {
                "aria-label": "조수 대화",
                "role": "region",
                "tabindex": "0",
              },
              "checked": false,
              "childNodes": [
                [FakeElement],
                [FakeElement],
                [FakeElement],
                [FakeElement],
              ],
              "classList": {
                "add": [Function add],
                "contains": [Function contains],
                "remove": [Function remove],
                "toggle": [Function toggle],
              },
              "className": "ai-chat-log",
              "dataset": {
                "editorNavigationOwner": "true",
                "testid": "ai-chat-log",
              },
              "disabled": false,
              "hidden": false,
              "inert": false,
              "innerHTML": "",
              "isContentEditable": false,
              "listeners": {},
              "max": "",
              "min": "",
              "ownText": "",
              "parentNode": [Circular],
              "scrollLeft": 0,
              "scrollTop": undefined,
              "selectionEnd": 0,
              "selectionStart": 0,
              "style": {
                "getPropertyValue": [Function anonymous],
                "removeProperty": [Function anonymous],
                "setProperty": [Function anonymous],
              },
              "tagName": "DIV",
              "type": "",
              "value": "",
            },
          ],
          "classList": {
            "add": [Function add],
            "contains": [Function contains],
            "remove": [Function remove],
            "toggle": [Function toggle],
          },
          "className": "ai-glass-log",
          "dataset": {
            "testid": "ai-glass-log",
          },
          "disabled": false,
          "hidden": false,
          "inert": false,
          "innerHTML": "",
          "isContentEditable": false,
          "listeners": {},
          "max": "",
          "min": "",
          "ownText": "",
          "parentNode": [Circular],
          "scrollLeft": 0,
          "scrollTop": 0,
          "selectionEnd": 0,
          "selectionStart": 0,
          "style": {
            "getPropertyValue": [Function anonymous],
            "removeProperty": [Function anonymous],
            "setProperty": [Function anonymous],
          },
          "tagName": "DIV",
          "type": "",
          "value": "",
        },
        FakeElement {
          "attrs": {},
          "checked": false,
          "childNodes": [],
          "classList": {
            "add": [Function add],
            "contains": [Function contains],
            "remove": [Function remove],
            "toggle": [Function toggle],
          },
          "className": "ai-history-log-mount",
          "dataset": {},
          "disabled": false,
          "hidden": false,
          "inert": false,
          "innerHTML": "",
          "isContentEditable": false,
          "listeners": {},
          "max": "",
          "min": "",
          "ownText": "",
          "parentNode": [Circular],
          "scrollLeft": 0,
          "scrollTop": 0,
          "selectionEnd": 0,
          "selectionStart": 0,
          "style": {
            "getPropertyValue": [Function anonymous],
            "removeProperty": [Function anonymous],
            "setProperty": [Function anonymous],
          },
          "tagName": "DIV",
          "type": "",
          "value": "",
        },
      ],
      "classList": {
        "add": [Function add],
        "contains": [Function contains],
        "remove": [Function remove],
        "toggle": [Function toggle],
      },
      "className": "ai-chat-main",
      "dataset": {},
      "disabled": false,
      "hidden": false,
      "inert": false,
      "innerHTML": "",
      "isContentEditable": false,
      "listeners": {},
      "max": "",
      "min": "",
      "ownText": "",
      "parentNode": FakeElement {
        "attrs": {},
        "checked": false,
        "childNodes": [
          [Circular],
        ],
        "classList": {
          "add": [Function add],
          "contains": [Function contains],
          "remove": [Function remove],
          "toggle": [Function toggle],
        },
        "className": "ai-chat-body",
        "dataset": {
          "testid": "ai-chat-body",
        },
        "disabled": false,
        "hidden": false,
        "inert": false,
        "innerHTML": "",
        "isContentEditable": false,
        "listeners": {
          "wheel": [
            [Function anonymous],
          ],
        },
        "max": "",
        "min": "",
        "ownText": "",
        "parentNode": FakeElement {
          "attrs": {},
          "checked": false,
          "childNodes": [
            FakeElement {
              "attrs": {},
              "checked": false,
              "childNodes": [
                [FakeElement],
                [FakeElement],
                [FakeElement],
                [FakeElement],
                [FakeElement],
                [FakeElement],
                [FakeElement],
              ],
              "classList": {
                "add": [Function add],
                "contains": [Function contains],
                "remove": [Function remove],
                "toggle": [Function toggle],
              },
              "className": "ai-deck-rail",
              "dataset": {
                "aiState": "idle",
                "testid": "ai-deck-rail",
              },
              "disabled": false,
              "hidden": false,
              "inert": false,
              "innerHTML": "",
              "isContentEditable": false,
              "listeners": {},
              "max": "",
              "min": "",
              "ownText": "",
              "parentNode": [Circular],
              "scrollLeft": 0,
              "scrollTop": 0,
              "selectionEnd": 0,
              "selectionStart": 0,
              "style": {
                "getPropertyValue": [Function anonymous],
                "removeProperty": [Function anonymous],
                "setProperty": [Function anonymous],
              },
              "tagName": "DIV",
              "type": "",
              "value": "",
            },
            [Circular],
            FakeElement {
              "attrs": {},
              "checked": false,
              "childNodes": [],
              "classList": {
                "add": [Function add],
                "contains": [Function contains],
                "remove": [Function remove],
                "toggle": [Function toggle],
              },
              "className": "",
              "dataset": {},
              "disabled": false,
              "hidden": false,
              "inert": false,
              "innerHTML": "",
              "isContentEditable": false,
              "listeners": {},
              "max": "",
              "min": "",
              "ownText": "",
              "parentNode": [Circular],
              "scrollLeft": 0,
              "scrollTop": 0,
              "selectionEnd": 0,
              "selectionStart": 0,
              "style": {
                "getPropertyValue": [Function anonymous],
                "removeProperty": [Function anonymous],
                "setProperty": [Function anonymous],
              },
              "tagName": "DIV",
              "type": "",
              "value": "",
            },
            FakeElement {
              "attrs": {},
              "checked": false,
              "childNodes": [
                [FakeElement],
                [FakeElement],
                [FakeElement],
                [FakeElement],
                [FakeElement],
              ],
              "classList": {
                "add": [Function add],
                "contains": [Function contains],
                "remove": [Function remove],
                "toggle": [Function toggle],
              },
              "className": "ai-command-bar",
              "dataset": {
                "testid": "ai-command-bar",
              },
              "disabled": false,
              "hidden": false,
              "inert": false,
              "innerHTML": "",
              "isContentEditable": false,
              "listeners": {
                "focusin": [Array],
                "focusout": [Array],
              },
              "max": "",
              "min": "",
              "ownText": "",
              "parentNode": [Circular],
              "scrollLeft": 0,
              "scrollTop": 0,
              "selectionEnd": 0,
              "selectionStart": 0,
              "style": {
                "getPropertyValue": [Function anonymous],
                "removeProperty": [Function anonymous],
                "setProperty": [Function anonymous],
              },
              "tagName": "DIV",
              "type": "",
              "value": "",
            },
            FakeElement {
              "attrs": {
                "aria-label": "조수 입력줄 폭 조절",
                "aria-orientation": "vertical",
                "aria-valuemax": "NaN",
                "aria-valuemin": "280",
                "aria-valuenow": "280",
                "role": "separator",
                "tabindex": "0",
                "title": "드래그하거나 방향키로 조수 폭 조절",
              },
              "checked": false,
              "childNodes": [],
              "classList": {
                "add": [Function add],
                "contains": [Function contains],
                "remove": [Function remove],
                "toggle": [Function toggle],
              },
              "className": "ai-chat-resize-handle is-edge-start",
              "dataset": {
                "testid": "ai-resize-handle",
              },
              "disabled": false,
              "hidden": false,
              "inert": false,
              "innerHTML": "",
              "isContentEditable": false,
              "listeners": {
                "keydown": [Array],
                "pointerdown": [Array],
              },
              "max": "",
              "min": "",
              "ownText": "",
              "parentNode": [Circular],
              "scrollLeft": 0,
              "scrollTop": 0,
              "selectionEnd": 0,
              "selectionStart": 0,
              "style": {
                "getPropertyValue": [Function anonymous],
                "removeProperty": [Function anonymous],
                "setProperty": [Function anonymous],
              },
              "tagName": "DIV",
              "type": "",
              "value": "",
            },
          ],
          "classList": {
            "add": [Function add],
            "contains": [Function contains],
            "remove": [Function remove],
            "toggle": [Function toggle],
          },
          "className": "ai-deck",
          "dataset": {
            "testid": "ai-deck",
          },
          "disabled": false,
          "hidden": false,
          "inert": false,
          "innerHTML": "",
          "isContentEditable": false,
          "listeners": {},
          "max": "",
          "min": "",
          "ownText": "",
          "parentNode": FakeElement {
            "attrs": {
              "aria-label": "조수",
            },
            "checked": false,
            "childNodes": [
              FakeElement {
                "attrs": [Object],
                "checked": false,
                "childNodes": [Array],
                "classList": [Object],
                "className": "ai-chat-toolbar is-empty",
                "dataset": [Object],
                "disabled": false,
                "hidden": false,
                "inert": true,
                "innerHTML": "",
                "isContentEditable": false,
                "listeners": [Object],
                "max": "",
                "min": "",
                "ownText": "",
                "parentNode": [Circular],
                "scrollLeft": 0,
                "scrollTop": 0,
                "selectionEnd": 0,
                "selectionStart": 0,
                "style": [Object],
                "tagName": "DIV",
                "type": "",
                "value": "",
              },
              [Circular],
              FakeElement {
                "attrs": [Object],
                "checked": false,
                "childNodes": [Array],
                "classList": [Object],
                "className": "ai-collapsed-restore",
                "dataset": [Object],
                "disabled": false,
                "hidden": false,
                "inert": false,
                "innerHTML": "",
                "isContentEditable": false,
                "listeners": [Object],
                "max": "",
                "min": "",
                "ownText": "",
                "parentNode": [Circular],
                "scrollLeft": 0,
                "scrollTop": 0,
                "selectionEnd": 0,
                "selectionStart": 0,
                "style": [Object],
                "tagName": "BUTTON",
                "type": "",
                "value": "",
              },
              FakeElement {
                "attrs": [Object],
                "checked": false,
                "childNodes": [Array],
                "classList": [Object],
                "className": "ai-collapsed-undo",
                "dataset": [Object],
                "disabled": false,
                "hidden": true,
                "inert": false,
                "innerHTML": "",
                "isContentEditable": false,
                "listeners": [Object],
                "max": "",
                "min": "",
                "ownText": "",
                "parentNode": [Circular],
                "scrollLeft": 0,
                "scrollTop": 0,
                "selectionEnd": 0,
                "selectionStart": 0,
                "style": [Object],
                "tagName": "BUTTON",
                "type": "",
                "value": "",
              },
              FakeElement {
                "attrs": [Object],
                "checked": false,
                "childNodes": [Array],
                "classList": [Object],
                "className": "ai-rising-sticky-zone",
                "dataset": [Object],
                "disabled": false,
                "hidden": false,
                "inert": false,
                "innerHTML": "",
                "isContentEditable": false,
                "listeners": [Object],
                "max": "",
                "min": "",
                "ownText": "",
                "parentNode": [Circular],
                "scrollLeft": 0,
                "scrollTop": 0,
                "selectionEnd": 0,
                "selectionStart": 0,
                "style": [Object],
                "tagName": "DIV",
                "type": "",
                "value": "",
              },
            ],
            "classList": {
              "add": [Function add],
              "contains": [Function contains],
              "remove": [Function remove],
              "toggle": [Function toggle],
            },
            "className": "ai-chat-panel is-assistant-log-open is-autonomous-run",
            "dataset": {
              "aiConversation": "active",
              "aiFontSize": "normal",
              "aiState": "idle",
              "chatDock": "float",
              "logSlot": "glass",
              "temperature": "quiet-gold",
              "testid": "ai-panel",
              "uiDensity": "shared",
            },
            "disabled": false,
            "hidden": false,
            "inert": false,
            "innerHTML": "",
            "isContentEditable": false,
            "listeners": {},
            "max": "",
            "min": "",
            "ownText": "",
            "parentNode": null,
            "scrollLeft": 0,
            "scrollTop": 0,
            "selectionEnd": 0,
            "selectionStart": 0,
            "style": {
              "--ai-background-opacity": "82%",
              "--ai-font-scale": "1",
              "getPropertyValue": [Function anonymous],
              "height": "",
              "maxHeight": "",
              "maxWidth": "",
              "removeProperty": [Function anonymous],
              "setProperty": [Function anonymous],
              "width": "",
            },
            "tagName": "ASIDE",
            "type": "",
            "value": "",
          },
          "scrollLeft": 0,
          "scrollTop": 0,
          "selectionEnd": 0,
          "selectionStart": 0,
          "style": {
            "getPropertyValue": [Function anonymous],
            "removeProperty": [Function anonymous],
            "setProperty": [Function anonymous],
          },
          "tagName": "DIV",
          "type": "",
          "value": "",
        },
        "scrollLeft": 0,
        "scrollTop": 0,
        "selectionEnd": 0,
        "selectionStart": 0,
        "style": {
          "getPropertyValue": [Function anonymous],
          "removeProperty": [Function anonymous],
          "setProperty": [Function anonymous],
        },
        "tagName": "DIV",
        "type": "",
        "value": "",
      },
      "scrollLeft": 0,
      "scrollTop": 0,
      "selectionEnd": 0,
      "selectionStart": 0,
      "style": {
        "getPropertyValue": [Function anonymous],
        "removeProperty": [Function anonymous],
        "setProperty": [Function anonymous],
      },
      "tagName": "DIV",
      "type": "",
      "value": "",
    },
    "scrollLeft": 0,
    "scrollTop": 0,
    "selectionEnd": 0,
    "selectionStart": 0,
    "style": {
      "getPropertyValue": [Function anonymous],
      "removeProperty": [Function anonymous],
      "setProperty": [Function anonymous],
    },
    "tagName": "DIV",
    "type": "",
    "value": "",
  },
  "scrollLeft": 0,
  "scrollTop": 0,
  "selectionEnd": 0,
  "selectionStart": 0,
  "style": {
    "getPropertyValue": [Function anonymous],
    "removeProperty": [Function anonymous],
    "setProperty": [Function anonymous],
  },
  "tagName": "DIV",
  "type": "",
  "value": "",
}

 ❯ test/aiAutonomousRunSurface.test.ts:420:21
    418|     await flushAsync();
    419|     const settled = findByTestId(panel, "ai-work-plan-checklist");
    420|     expect(settled).toBeNull();
       |                     ^
    421|     expect(findByTestId(panel, "ai-autonomous-run-surface")).toBeNull(…
    422| 

⎯⎯⎯⎯⎯⎯⎯⎯⎯⎯⎯⎯⎯⎯⎯⎯⎯⎯⎯⎯⎯⎯⎯⎯[2/6]⎯

 FAIL  test/aiAutonomousRunSurface.test.ts > 할 일 목록 표면 (작업 계획 체크리스트) > 항목 체크 뒤에도 실행이 살아 있으면 확인 중, 도구 한도로 끝나면 중단 상태로 남는다
AssertionError: expected <div role="group" …(1)>…(2)</div> to be null

[32m- Expected:[39m 
null

[31m+ Received:[39m 
FakeElement {
  "attrs": {
    "aria-label": "할 일 목록",
    "role": "group",
  },
  "checked": false,
  "childNodes": [
    FakeElement {
      "attrs": {},
      "checked": false,
      "childNodes": [
        FakeElement {
          "attrs": {},
          "checked": false,
          "childNodes": [
            FakeElement {
              "attrs": {},
              "checked": false,
              "childNodes": [],
              "classList": {
                "add": [Function add],
                "contains": [Function contains],
                "remove": [Function remove],
                "toggle": [Function toggle],
              },
              "className": "ai-run-status",
              "dataset": {
                "testid": "ai-run-status",
              },
              "disabled": false,
              "hidden": false,
              "inert": false,
              "innerHTML": "",
              "isContentEditable": false,
              "listeners": {},
              "max": "",
              "min": "",
              "ownText": "마무리 확인 중",
              "parentNode": [Circular],
              "scrollLeft": 0,
              "scrollTop": 0,
              "selectionEnd": 0,
              "selectionStart": 0,
              "style": {
                "getPropertyValue": [Function anonymous],
                "removeProperty": [Function anonymous],
                "setProperty": [Function anonymous],
              },
              "tagName": "SPAN",
              "type": "",
              "value": "",
            },
            FakeElement {
              "attrs": {
                "title": "완료한 항목 / 전체 항목",
              },
              "checked": false,
              "childNodes": [],
              "classList": {
                "add": [Function add],
                "contains": [Function contains],
                "remove": [Function remove],
                "toggle": [Function toggle],
              },
              "className": "ai-autonomous-progress",
              "dataset": {
                "testid": "ai-autonomous-progress",
              },
              "disabled": false,
              "hidden": false,
              "inert": false,
              "innerHTML": "",
              "isContentEditable": false,
              "listeners": {},
              "max": "",
              "min": "",
              "ownText": "4/4",
              "parentNode": [Circular],
              "scrollLeft": 0,
              "scrollTop": 0,
              "selectionEnd": 0,
              "selectionStart": 0,
              "style": {
                "getPropertyValue": [Function anonymous],
                "removeProperty": [Function anonymous],
                "setProperty": [Function anonymous],
              },
              "tagName": "SPAN",
              "type": "",
              "value": "",
            },
            FakeElement {
              "attrs": {
                "title": "작업 계획을 페이지로 엽니다",
                "type": "button",
              },
              "checked": false,
              "childNodes": [],
              "classList": {
                "add": [Function add],
                "contains": [Function contains],
                "remove": [Function remove],
                "toggle": [Function toggle],
              },
              "className": "ai-plan-book-open",
              "dataset": {
                "testid": "ai-plan-book-open",
              },
              "disabled": false,
              "hidden": false,
              "inert": false,
              "innerHTML": "",
              "isContentEditable": false,
              "listeners": {
                "click": [Array],
              },
              "max": "",
              "min": "",
              "ownText": "계획 보기",
              "parentNode": [Circular],
              "scrollLeft": 0,
              "scrollTop": 0,
              "selectionEnd": 0,
              "selectionStart": 0,
              "style": {
                "getPropertyValue": [Function anonymous],
                "removeProperty": [Function anonymous],
                "setProperty": [Function anonymous],
              },
              "tagName": "BUTTON",
              "type": "",
              "value": "",
            },
            FakeElement {
              "attrs": {
                "title": "진행 중인 작업을 중지합니다",
                "type": "button",
              },
              "checked": false,
              "childNodes": [],
              "classList": {
                "add": [Function add],
                "contains": [Function contains],
                "remove": [Function remove],
                "toggle": [Function toggle],
              },
              "className": "ai-run-stop",
              "dataset": {
                "testid": "ai-run-stop",
              },
              "disabled": false,
              "hidden": false,
              "inert": false,
              "innerHTML": "",
              "isContentEditable": false,
              "listeners": {
                "click": [Array],
              },
              "max": "",
              "min": "",
              "ownText": "중지",
              "parentNode": [Circular],
              "scrollLeft": 0,
              "scrollTop": 0,
              "selectionEnd": 0,
              "selectionStart": 0,
              "style": {
                "getPropertyValue": [Function anonymous],
                "removeProperty": [Function anonymous],
                "setProperty": [Function anonymous],
              },
              "tagName": "BUTTON",
              "type": "",
              "value": "",
            },
          ],
          "classList": {
            "add": [Function add],
            "contains": [Function contains],
            "remove": [Function remove],
            "toggle": [Function toggle],
          },
          "className": "ai-run-line",
          "dataset": {},
          "disabled": false,
          "hidden": false,
          "inert": false,
          "innerHTML": "",
          "isContentEditable": false,
          "listeners": {},
          "max": "",
          "min": "",
          "ownText": "",
          "parentNode": [Circular],
          "scrollLeft": 0,
          "scrollTop": 0,
          "selectionEnd": 0,
          "selectionStart": 0,
          "style": {
            "getPropertyValue": [Function anonymous],
            "removeProperty": [Function anonymous],
            "setProperty": [Function anonymous],
          },
          "tagName": "DIV",
          "type": "",
          "value": "",
        },
        FakeElement {
          "attrs": {
            "aria-hidden": "true",
          },
          "checked": false,
          "childNodes": [
            FakeElement {
              "attrs": {},
              "checked": false,
              "childNodes": [],
              "classList": {
                "add": [Function add],
                "contains": [Function contains],
                "remove": [Function remove],
                "toggle": [Function toggle],
              },
              "className": "ai-run-progress-fill",
              "dataset": {},
              "disabled": false,
              "hidden": false,
              "inert": false,
              "innerHTML": "",
              "isContentEditable": false,
              "listeners": {},
              "max": "",
              "min": "",
              "ownText": "",
              "parentNode": [Circular],
              "scrollLeft": 0,
              "scrollTop": 0,
              "selectionEnd": 0,
              "selectionStart": 0,
              "style": {
                "getPropertyValue": [Function anonymous],
                "removeProperty": [Function anonymous],
                "setProperty": [Function anonymous],
                "width": "100%",
              },
              "tagName": "SPAN",
              "type": "",
              "value": "",
            },
          ],
          "classList": {
            "add": [Function add],
            "contains": [Function contains],
            "remove": [Function remove],
            "toggle": [Function toggle],
          },
          "className": "ai-run-progress",
          "dataset": {
            "testid": "ai-run-progress",
          },
          "disabled": false,
          "hidden": false,
          "inert": false,
          "innerHTML": "",
          "isContentEditable": false,
          "listeners": {},
          "max": "",
          "min": "",
          "ownText": "",
          "parentNode": [Circular],
          "scrollLeft": 0,
          "scrollTop": 0,
          "selectionEnd": 0,
          "selectionStart": 0,
          "style": {
            "getPropertyValue": [Function anonymous],
            "removeProperty": [Function anonymous],
            "setProperty": [Function anonymous],
          },
          "tagName": "DIV",
          "type": "",
          "value": "",
        },
      ],
      "classList": {
        "add": [Function add],
        "contains": [Function contains],
        "remove": [Function remove],
        "toggle": [Function toggle],
      },
      "className": "ai-run-whisper",
      "dataset": {
        "testid": "ai-run-whisper",
      },
      "disabled": false,
      "hidden": false,
      "inert": false,
      "innerHTML": "",
      "isContentEditable": false,
      "listeners": {},
      "max": "",
      "min": "",
      "ownText": "",
      "parentNode": [Circular],
      "scrollLeft": 0,
      "scrollTop": 0,
      "selectionEnd": 0,
      "selectionStart": 0,
      "style": {
        "getPropertyValue": [Function anonymous],
        "removeProperty": [Function anonymous],
        "setProperty": [Function anonymous],
      },
      "tagName": "DIV",
      "type": "",
      "value": "",
    },
    FakeElement {
      "attrs": {},
      "checked": false,
      "childNodes": [
        FakeElement {
          "attrs": {},
          "checked": false,
          "childNodes": [],
          "classList": {
            "add": [Function add],
            "contains": [Function contains],
            "remove": [Function remove],
            "toggle": [Function toggle],
          },
          "className": "ai-run-details-toggle",
          "dataset": {
            "testid": "ai-run-details-toggle",
          },
          "disabled": false,
          "hidden": false,
          "inert": false,
          "innerHTML": "",
          "isContentEditable": false,
          "listeners": {},
          "max": "",
          "min": "",
          "ownText": "자세히",
          "parentNode": [Circular],
          "scrollLeft": 0,
          "scrollTop": 0,
          "selectionEnd": 0,
          "selectionStart": 0,
          "style": {
            "getPropertyValue": [Function anonymous],
            "removeProperty": [Function anonymous],
            "setProperty": [Function anonymous],
          },
          "tagName": "SUMMARY",
          "type": "",
          "value": "",
        },
        FakeElement {
          "attrs": {},
          "checked": false,
          "childNodes": [
            FakeElement {
              "attrs": {},
              "checked": false,
              "childNodes": [],
              "classList": {
                "add": [Function add],
                "contains": [Function contains],
                "remove": [Function remove],
                "toggle": [Function toggle],
              },
              "className": "ai-autonomous-chip",
              "dataset": {
                "testid": "ai-autonomous-chip",
              },
              "disabled": false,
              "hidden": false,
              "inert": false,
              "innerHTML": "",
              "isContentEditable": false,
              "listeners": {},
              "max": "",
              "min": "",
              "ownText": "자율 실행 중",
              "parentNode": [Circular],
              "scrollLeft": 0,
              "scrollTop": 0,
              "selectionEnd": 0,
              "selectionStart": 0,
              "style": {
                "getPropertyValue": [Function anonymous],
                "removeProperty": [Function anonymous],
                "setProperty": [Function anonymous],
              },
              "tagName": "SPAN",
              "type": "",
              "value": "",
            },
            FakeElement {
              "attrs": {},
              "checked": false,
              "childNodes": [],
              "classList": {
                "add": [Function add],
                "contains": [Function contains],
                "remove": [Function remove],
                "toggle": [Function toggle],
              },
              "className": "ai-autonomous-budget",
              "dataset": {
                "testid": "ai-autonomous-budget",
              },
              "disabled": false,
              "hidden": false,
              "inert": false,
              "innerHTML": "",
              "isContentEditable": false,
              "listeners": {},
              "max": "",
              "min": "",
              "ownText": "예산 0/16",
              "parentNode": [Circular],
              "scrollLeft": 0,
              "scrollTop": 0,
              "selectionEnd": 0,
              "selectionStart": 0,
              "style": {
                "getPropertyValue": [Function anonymous],
                "removeProperty": [Function anonymous],
                "setProperty": [Function anonymous],
              },
              "tagName": "SPAN",
              "type": "",
              "value": "",
            },
          ],
          "classList": {
            "add": [Function add],
            "contains": [Function contains],
            "remove": [Function remove],
            "toggle": [Function toggle],
          },
          "className": "ai-autonomous-head",
          "dataset": {},
          "disabled": false,
          "hidden": false,
          "inert": false,
          "innerHTML": "",
          "isContentEditable": false,
          "listeners": {},
          "max": "",
          "min": "",
          "ownText": "",
          "parentNode": [Circular],
          "scrollLeft": 0,
          "scrollTop": 0,
          "selectionEnd": 0,
          "selectionStart": 0,
          "style": {
            "getPropertyValue": [Function anonymous],
            "removeProperty": [Function anonymous],
            "setProperty": [Function anonymous],
          },
          "tagName": "DIV",
          "type": "",
          "value": "",
        },
        FakeElement {
          "attrs": {},
          "checked": false,
          "childNodes": [],
          "classList": {
            "add": [Function add],
            "contains": [Function contains],
            "remove": [Function remove],
            "toggle": [Function toggle],
          },
          "className": "ai-autonomous-goal",
          "dataset": {
            "testid": "ai-autonomous-goal",
          },
          "disabled": false,
          "hidden": false,
          "inert": false,
          "innerHTML": "",
          "isContentEditable": false,
          "listeners": {},
          "max": "",
          "min": "",
          "ownText": "RPG 만들어줘",
          "parentNode": [Circular],
          "scrollLeft": 0,
          "scrollTop": 0,
          "selectionEnd": 0,
          "selectionStart": 0,
          "style": {
            "getPropertyValue": [Function anonymous],
            "removeProperty": [Function anonymous],
            "setProperty": [Function anonymous],
          },
          "tagName": "DIV",
          "type": "",
          "value": "",
        },
        FakeElement {
          "attrs": {},
          "checked": false,
          "childNodes": [],
          "classList": {
            "add": [Function add],
            "contains": [Function contains],
            "remove": [Function remove],
            "toggle": [Function toggle],
          },
          "className": "ai-autonomous-feed",
          "dataset": {
            "testid": "ai-autonomous-feed",
          },
          "disabled": false,
          "hidden": false,
          "inert": false,
          "innerHTML": "",
          "isContentEditable": false,
          "listeners": {},
          "max": "",
          "min": "",
          "ownText": "",
          "parentNode": [Circular],
          "scrollLeft": 0,
          "scrollTop": 0,
          "selectionEnd": 0,
          "selectionStart": 0,
          "style": {
            "getPropertyValue": [Function anonymous],
            "removeProperty": [Function anonymous],
            "setProperty": [Function anonymous],
          },
          "tagName": "DIV",
          "type": "",
          "value": "",
        },
      ],
      "classList": {
        "add": [Function add],
        "contains": [Function contains],
        "remove": [Function remove],
        "toggle": [Function toggle],
      },
      "className": "ai-run-details",
      "dataset": {
        "testid": "ai-run-details",
      },
      "disabled": false,
      "hidden": false,
      "inert": false,
      "innerHTML": "",
      "isContentEditable": false,
      "listeners": {},
      "max": "",
      "min": "",
      "ownText": "",
      "parentNode": [Circular],
      "scrollLeft": 0,
      "scrollTop": 0,
      "selectionEnd": 0,
      "selectionStart": 0,
      "style": {
        "getPropertyValue": [Function anonymous],
        "removeProperty": [Function anonymous],
        "setProperty": [Function anonymous],
      },
      "tagName": "DETAILS",
      "type": "",
      "value": "",
    },
  ],
  "classList": {
    "add": [Function add],
    "contains": [Function contains],
    "remove": [Function remove],
    "toggle": [Function toggle],
  },
  "className": "ai-autonomous-checklist",
  "dataset": {
    "active": "true",
    "blocked": "false",
    "complete": "false",
    "testid": "ai-work-plan-checklist",
  },
  "disabled": false,
  "hidden": false,
  "inert": false,
  "innerHTML": "",
  "isContentEditable": false,
  "listeners": {},
  "max": "",
  "min": "",
  "ownText": "",
  "parentNode": FakeElement {
    "attrs": {},
    "checked": false,
    "childNodes": [
      [Circular],
    ],
    "classList": {
      "add": [Function add],
      "contains": [Function contains],
      "remove": [Function remove],
      "toggle": [Function toggle],
    },
    "className": "ai-autonomous-run-surface",
    "dataset": {
      "testid": "ai-autonomous-run-surface",
    },
    "disabled": false,
    "hidden": false,
    "inert": false,
    "innerHTML": "",
    "isContentEditable": false,
    "listeners": {},
    "max": "",
    "min": "",
    "ownText": "",
    "parentNode": FakeElement {
      "attrs": {},
      "checked": false,
      "childNodes": [
        [Circular],
        FakeElement {
          "attrs": {},
          "checked": false,
          "childNodes": [
            FakeElement {
              "attrs": {
                "aria-label": "조수 대화",
                "role": "region",
                "tabindex": "0",
              },
              "checked": false,
              "childNodes": [
                [FakeElement],
                [FakeElement],
                [FakeElement],
                [FakeElement],
              ],
              "classList": {
                "add": [Function add],
                "contains": [Function contains],
                "remove": [Function remove],
                "toggle": [Function toggle],
              },
              "className": "ai-chat-log",
              "dataset": {
                "editorNavigationOwner": "true",
                "testid": "ai-chat-log",
              },
              "disabled": false,
              "hidden": false,
              "inert": false,
              "innerHTML": "",
              "isContentEditable": false,
              "listeners": {},
              "max": "",
              "min": "",
              "ownText": "",
              "parentNode": [Circular],
              "scrollLeft": 0,
              "scrollTop": undefined,
              "selectionEnd": 0,
              "selectionStart": 0,
              "style": {
                "getPropertyValue": [Function anonymous],
                "removeProperty": [Function anonymous],
                "setProperty": [Function anonymous],
              },
              "tagName": "DIV",
              "type": "",
              "value": "",
            },
          ],
          "classList": {
            "add": [Function add],
            "contains": [Function contains],
            "remove": [Function remove],
            "toggle": [Function toggle],
          },
          "className": "ai-glass-log",
          "dataset": {
            "testid": "ai-glass-log",
          },
          "disabled": false,
          "hidden": false,
          "inert": false,
          "innerHTML": "",
          "isContentEditable": false,
          "listeners": {},
          "max": "",
          "min": "",
          "ownText": "",
          "parentNode": [Circular],
          "scrollLeft": 0,
          "scrollTop": 0,
          "selectionEnd": 0,
          "selectionStart": 0,
          "style": {
            "getPropertyValue": [Function anonymous],
            "removeProperty": [Function anonymous],
            "setProperty": [Function anonymous],
          },
          "tagName": "DIV",
          "type": "",
          "value": "",
        },
        FakeElement {
          "attrs": {},
          "checked": false,
          "childNodes": [],
          "classList": {
            "add": [Function add],
            "contains": [Function contains],
            "remove": [Function remove],
            "toggle": [Function toggle],
          },
          "className": "ai-history-log-mount",
          "dataset": {},
          "disabled": false,
          "hidden": false,
          "inert": false,
          "innerHTML": "",
          "isContentEditable": false,
          "listeners": {},
          "max": "",
          "min": "",
          "ownText": "",
          "parentNode": [Circular],
          "scrollLeft": 0,
          "scrollTop": 0,
          "selectionEnd": 0,
          "selectionStart": 0,
          "style": {
            "getPropertyValue": [Function anonymous],
            "removeProperty": [Function anonymous],
            "setProperty": [Function anonymous],
          },
          "tagName": "DIV",
          "type": "",
          "value": "",
        },
      ],
      "classList": {
        "add": [Function add],
        "contains": [Function contains],
        "remove": [Function remove],
        "toggle": [Function toggle],
      },
      "className": "ai-chat-main",
      "dataset": {},
      "disabled": false,
      "hidden": false,
      "inert": false,
      "innerHTML": "",
      "isContentEditable": false,
      "listeners": {},
      "max": "",
      "min": "",
      "ownText": "",
      "parentNode": FakeElement {
        "attrs": {},
        "checked": false,
        "childNodes": [
          [Circular],
        ],
        "classList": {
          "add": [Function add],
          "contains": [Function contains],
          "remove": [Function remove],
          "toggle": [Function toggle],
        },
        "className": "ai-chat-body",
        "dataset": {
          "testid": "ai-chat-body",
        },
        "disabled": false,
        "hidden": false,
        "inert": false,
        "innerHTML": "",
        "isContentEditable": false,
        "listeners": {
          "wheel": [
            [Function anonymous],
          ],
        },
        "max": "",
        "min": "",
        "ownText": "",
        "parentNode": FakeElement {
          "attrs": {},
          "checked": false,
          "childNodes": [
            FakeElement {
              "attrs": {},
              "checked": false,
              "childNodes": [
                [FakeElement],
                [FakeElement],
                [FakeElement],
                [FakeElement],
                [FakeElement],
                [FakeElement],
                [FakeElement],
              ],
              "classList": {
                "add": [Function add],
                "contains": [Function contains],
                "remove": [Function remove],
                "toggle": [Function toggle],
              },
              "className": "ai-deck-rail",
              "dataset": {
                "aiState": "idle",
                "testid": "ai-deck-rail",
              },
              "disabled": false,
              "hidden": false,
              "inert": false,
              "innerHTML": "",
              "isContentEditable": false,
              "listeners": {},
              "max": "",
              "min": "",
              "ownText": "",
              "parentNode": [Circular],
              "scrollLeft": 0,
              "scrollTop": 0,
              "selectionEnd": 0,
              "selectionStart": 0,
              "style": {
                "getPropertyValue": [Function anonymous],
                "removeProperty": [Function anonymous],
                "setProperty": [Function anonymous],
              },
              "tagName": "DIV",
              "type": "",
              "value": "",
            },
            [Circular],
            FakeElement {
              "attrs": {},
              "checked": false,
              "childNodes": [],
              "classList": {
                "add": [Function add],
                "contains": [Function contains],
                "remove": [Function remove],
                "toggle": [Function toggle],
              },
              "className": "",
              "dataset": {},
              "disabled": false,
              "hidden": false,
              "inert": false,
              "innerHTML": "",
              "isContentEditable": false,
              "listeners": {},
              "max": "",
              "min": "",
              "ownText": "",
              "parentNode": [Circular],
              "scrollLeft": 0,
              "scrollTop": 0,
              "selectionEnd": 0,
              "selectionStart": 0,
              "style": {
                "getPropertyValue": [Function anonymous],
                "removeProperty": [Function anonymous],
                "setProperty": [Function anonymous],
              },
              "tagName": "DIV",
              "type": "",
              "value": "",
            },
            FakeElement {
              "attrs": {},
              "checked": false,
              "childNodes": [
                [FakeElement],
                [FakeElement],
                [FakeElement],
                [FakeElement],
                [FakeElement],
              ],
              "classList": {
                "add": [Function add],
                "contains": [Function contains],
                "remove": [Function remove],
                "toggle": [Function toggle],
              },
              "className": "ai-command-bar",
              "dataset": {
                "testid": "ai-command-bar",
              },
              "disabled": false,
              "hidden": false,
              "inert": false,
              "innerHTML": "",
              "isContentEditable": false,
              "listeners": {
                "focusin": [Array],
                "focusout": [Array],
              },
              "max": "",
              "min": "",
              "ownText": "",
              "parentNode": [Circular],
              "scrollLeft": 0,
              "scrollTop": 0,
              "selectionEnd": 0,
              "selectionStart": 0,
              "style": {
                "getPropertyValue": [Function anonymous],
                "removeProperty": [Function anonymous],
                "setProperty": [Function anonymous],
              },
              "tagName": "DIV",
              "type": "",
              "value": "",
            },
            FakeElement {
              "attrs": {
                "aria-label": "조수 입력줄 폭 조절",
                "aria-orientation": "vertical",
                "aria-valuemax": "NaN",
                "aria-valuemin": "280",
                "aria-valuenow": "280",
                "role": "separator",
                "tabindex": "0",
                "title": "드래그하거나 방향키로 조수 폭 조절",
              },
              "checked": false,
              "childNodes": [],
              "classList": {
                "add": [Function add],
                "contains": [Function contains],
                "remove": [Function remove],
                "toggle": [Function toggle],
              },
              "className": "ai-chat-resize-handle is-edge-start",
              "dataset": {
                "testid": "ai-resize-handle",
              },
              "disabled": false,
              "hidden": false,
              "inert": false,
              "innerHTML": "",
              "isContentEditable": false,
              "listeners": {
                "keydown": [Array],
                "pointerdown": [Array],
              },
              "max": "",
              "min": "",
              "ownText": "",
              "parentNode": [Circular],
              "scrollLeft": 0,
              "scrollTop": 0,
              "selectionEnd": 0,
              "selectionStart": 0,
              "style": {
                "getPropertyValue": [Function anonymous],
                "removeProperty": [Function anonymous],
                "setProperty": [Function anonymous],
              },
              "tagName": "DIV",
              "type": "",
              "value": "",
            },
          ],
          "classList": {
            "add": [Function add],
            "contains": [Function contains],
            "remove": [Function remove],
            "toggle": [Function toggle],
          },
          "className": "ai-deck",
          "dataset": {
            "testid": "ai-deck",
          },
          "disabled": false,
          "hidden": false,
          "inert": false,
          "innerHTML": "",
          "isContentEditable": false,
          "listeners": {},
          "max": "",
          "min": "",
          "ownText": "",
          "parentNode": FakeElement {
            "attrs": {
              "aria-label": "조수",
            },
            "checked": false,
            "childNodes": [
              FakeElement {
                "attrs": [Object],
                "checked": false,
                "childNodes": [Array],
                "classList": [Object],
                "className": "ai-chat-toolbar is-empty",
                "dataset": [Object],
                "disabled": false,
                "hidden": false,
                "inert": true,
                "innerHTML": "",
                "isContentEditable": false,
                "listeners": [Object],
                "max": "",
                "min": "",
                "ownText": "",
                "parentNode": [Circular],
                "scrollLeft": 0,
                "scrollTop": 0,
                "selectionEnd": 0,
                "selectionStart": 0,
                "style": [Object],
                "tagName": "DIV",
                "type": "",
                "value": "",
              },
              [Circular],
              FakeElement {
                "attrs": [Object],
                "checked": false,
                "childNodes": [Array],
                "classList": [Object],
                "className": "ai-collapsed-restore",
                "dataset": [Object],
                "disabled": false,
                "hidden": false,
                "inert": false,
                "innerHTML": "",
                "isContentEditable": false,
                "listeners": [Object],
                "max": "",
                "min": "",
                "ownText": "",
                "parentNode": [Circular],
                "scrollLeft": 0,
                "scrollTop": 0,
                "selectionEnd": 0,
                "selectionStart": 0,
                "style": [Object],
                "tagName": "BUTTON",
                "type": "",
                "value": "",
              },
              FakeElement {
                "attrs": [Object],
                "checked": false,
                "childNodes": [Array],
                "classList": [Object],
                "className": "ai-collapsed-undo",
                "dataset": [Object],
                "disabled": false,
                "hidden": true,
                "inert": false,
                "innerHTML": "",
                "isContentEditable": false,
                "listeners": [Object],
                "max": "",
                "min": "",
                "ownText": "",
                "parentNode": [Circular],
                "scrollLeft": 0,
                "scrollTop": 0,
                "selectionEnd": 0,
                "selectionStart": 0,
                "style": [Object],
                "tagName": "BUTTON",
                "type": "",
                "value": "",
              },
              FakeElement {
                "attrs": [Object],
                "checked": false,
                "childNodes": [Array],
                "classList": [Object],
                "className": "ai-rising-sticky-zone",
                "dataset": [Object],
                "disabled": false,
                "hidden": false,
                "inert": false,
                "innerHTML": "",
                "isContentEditable": false,
                "listeners": [Object],
                "max": "",
                "min": "",
                "ownText": "",
                "parentNode": [Circular],
                "scrollLeft": 0,
                "scrollTop": 0,
                "selectionEnd": 0,
                "selectionStart": 0,
                "style": [Object],
                "tagName": "DIV",
                "type": "",
                "value": "",
              },
            ],
            "classList": {
              "add": [Function add],
              "contains": [Function contains],
              "remove": [Function remove],
              "toggle": [Function toggle],
            },
            "className": "ai-chat-panel is-assistant-log-open is-autonomous-run",
            "dataset": {
              "aiConversation": "active",
              "aiFontSize": "normal",
              "aiState": "idle",
              "chatDock": "float",
              "logSlot": "glass",
              "temperature": "quiet-gold",
              "testid": "ai-panel",
              "uiDensity": "shared",
            },
            "disabled": false,
            "hidden": false,
            "inert": false,
            "innerHTML": "",
            "isContentEditable": false,
            "listeners": {},
            "max": "",
            "min": "",
            "ownText": "",
            "parentNode": null,
            "scrollLeft": 0,
            "scrollTop": 0,
            "selectionEnd": 0,
            "selectionStart": 0,
            "style": {
              "--ai-background-opacity": "82%",
              "--ai-font-scale": "1",
              "getPropertyValue": [Function anonymous],
              "height": "",
              "maxHeight": "",
              "maxWidth": "",
              "removeProperty": [Function anonymous],
              "setProperty": [Function anonymous],
              "width": "",
            },
            "tagName": "ASIDE",
            "type": "",
            "value": "",
          },
          "scrollLeft": 0,
          "scrollTop": 0,
          "selectionEnd": 0,
          "selectionStart": 0,
          "style": {
            "getPropertyValue": [Function anonymous],
            "removeProperty": [Function anonymous],
            "setProperty": [Function anonymous],
          },
          "tagName": "DIV",
          "type": "",
          "value": "",
        },
        "scrollLeft": 0,
        "scrollTop": 0,
        "selectionEnd": 0,
        "selectionStart": 0,
        "style": {
          "getPropertyValue": [Function anonymous],
          "removeProperty": [Function anonymous],
          "setProperty": [Function anonymous],
        },
        "tagName": "DIV",
        "type": "",
        "value": "",
      },
      "scrollLeft": 0,
      "scrollTop": 0,
      "selectionEnd": 0,
      "selectionStart": 0,
      "style": {
        "getPropertyValue": [Function anonymous],
        "removeProperty": [Function anonymous],
        "setProperty": [Function anonymous],
      },
      "tagName": "DIV",
      "type": "",
      "value": "",
    },
    "scrollLeft": 0,
    "scrollTop": 0,
    "selectionEnd": 0,
    "selectionStart": 0,
    "style": {
      "getPropertyValue": [Function anonymous],
      "removeProperty": [Function anonymous],
      "setProperty": [Function anonymous],
    },
    "tagName": "DIV",
    "type": "",
    "value": "",
  },
  "scrollLeft": 0,
  "scrollTop": 0,
  "selectionEnd": 0,
  "selectionStart": 0,
  "style": {
    "getPropertyValue": [Function anonymous],
    "removeProperty": [Function anonymous],
    "setProperty": [Function anonymous],
  },
  "tagName": "DIV",
  "type": "",
  "value": "",
}

 ❯ test/aiAutonomousRunSurface.test.ts:454:59
    452|     await running;
    453|     await flushAsync();
    454|     expect(findByTestId(panel, "ai-work-plan-checklist")).toBeNull();
       |                                                           ^
    455|   });
    456| 

⎯⎯⎯⎯⎯⎯⎯⎯⎯⎯⎯⎯⎯⎯⎯⎯⎯⎯⎯⎯⎯⎯⎯⎯[3/6]⎯

 FAIL  test/aiAutonomousRunSurface.test.ts > 할 일 목록 표면 (작업 계획 체크리스트) > 완료 계획은 표면에서 걷히고 계획 없는 턴도 목록을 만들지 않는다
AssertionError: expected <div role="group" …(1)>…(2)</div> to be null

[32m- Expected:[39m 
null

[31m+ Received:[39m 
FakeElement {
  "attrs": {
    "aria-label": "할 일 목록",
    "role": "group",
  },
  "checked": false,
  "childNodes": [
    FakeElement {
      "attrs": {},
      "checked": false,
      "childNodes": [
        FakeElement {
          "attrs": {},
          "checked": false,
          "childNodes": [
            FakeElement {
              "attrs": {},
              "checked": false,
              "childNodes": [],
              "classList": {
                "add": [Function add],
                "contains": [Function contains],
                "remove": [Function remove],
                "toggle": [Function toggle],
              },
              "className": "ai-run-status",
              "dataset": {
                "testid": "ai-run-status",
              },
              "disabled": false,
              "hidden": false,
              "inert": false,
              "innerHTML": "",
              "isContentEditable": false,
              "listeners": {},
              "max": "",
              "min": "",
              "ownText": "마무리 확인 중",
              "parentNode": [Circular],
              "scrollLeft": 0,
              "scrollTop": 0,
              "selectionEnd": 0,
              "selectionStart": 0,
              "style": {
                "getPropertyValue": [Function anonymous],
                "removeProperty": [Function anonymous],
                "setProperty": [Function anonymous],
              },
              "tagName": "SPAN",
              "type": "",
              "value": "",
            },
            FakeElement {
              "attrs": {
                "title": "완료한 항목 / 전체 항목",
              },
              "checked": false,
              "childNodes": [],
              "classList": {
                "add": [Function add],
                "contains": [Function contains],
                "remove": [Function remove],
                "toggle": [Function toggle],
              },
              "className": "ai-autonomous-progress",
              "dataset": {
                "testid": "ai-autonomous-progress",
              },
              "disabled": false,
              "hidden": false,
              "inert": false,
              "innerHTML": "",
              "isContentEditable": false,
              "listeners": {},
              "max": "",
              "min": "",
              "ownText": "4/4",
              "parentNode": [Circular],
              "scrollLeft": 0,
              "scrollTop": 0,
              "selectionEnd": 0,
              "selectionStart": 0,
              "style": {
                "getPropertyValue": [Function anonymous],
                "removeProperty": [Function anonymous],
                "setProperty": [Function anonymous],
              },
              "tagName": "SPAN",
              "type": "",
              "value": "",
            },
            FakeElement {
              "attrs": {
                "title": "작업 계획을 페이지로 엽니다",
                "type": "button",
              },
              "checked": false,
              "childNodes": [],
              "classList": {
                "add": [Function add],
                "contains": [Function contains],
                "remove": [Function remove],
                "toggle": [Function toggle],
              },
              "className": "ai-plan-book-open",
              "dataset": {
                "testid": "ai-plan-book-open",
              },
              "disabled": false,
              "hidden": false,
              "inert": false,
              "innerHTML": "",
              "isContentEditable": false,
              "listeners": {
                "click": [Array],
              },
              "max": "",
              "min": "",
              "ownText": "계획 보기",
              "parentNode": [Circular],
              "scrollLeft": 0,
              "scrollTop": 0,
              "selectionEnd": 0,
              "selectionStart": 0,
              "style": {
                "getPropertyValue": [Function anonymous],
                "removeProperty": [Function anonymous],
                "setProperty": [Function anonymous],
              },
              "tagName": "BUTTON",
              "type": "",
              "value": "",
            },
            FakeElement {
              "attrs": {
                "title": "진행 중인 작업을 중지합니다",
                "type": "button",
              },
              "checked": false,
              "childNodes": [],
              "classList": {
                "add": [Function add],
                "contains": [Function contains],
                "remove": [Function remove],
                "toggle": [Function toggle],
              },
              "className": "ai-run-stop",
              "dataset": {
                "testid": "ai-run-stop",
              },
              "disabled": false,
              "hidden": false,
              "inert": false,
              "innerHTML": "",
              "isContentEditable": false,
              "listeners": {
                "click": [Array],
              },
              "max": "",
              "min": "",
              "ownText": "중지",
              "parentNode": [Circular],
              "scrollLeft": 0,
              "scrollTop": 0,
              "selectionEnd": 0,
              "selectionStart": 0,
              "style": {
                "getPropertyValue": [Function anonymous],
                "removeProperty": [Function anonymous],
                "setProperty": [Function anonymous],
              },
              "tagName": "BUTTON",
              "type": "",
              "value": "",
            },
          ],
          "classList": {
            "add": [Function add],
            "contains": [Function contains],
            "remove": [Function remove],
            "toggle": [Function toggle],
          },
          "className": "ai-run-line",
          "dataset": {},
          "disabled": false,
          "hidden": false,
          "inert": false,
          "innerHTML": "",
          "isContentEditable": false,
          "listeners": {},
          "max": "",
          "min": "",
          "ownText": "",
          "parentNode": [Circular],
          "scrollLeft": 0,
          "scrollTop": 0,
          "selectionEnd": 0,
          "selectionStart": 0,
          "style": {
            "getPropertyValue": [Function anonymous],
            "removeProperty": [Function anonymous],
            "setProperty": [Function anonymous],
          },
          "tagName": "DIV",
          "type": "",
          "value": "",
        },
        FakeElement {
          "attrs": {
            "aria-hidden": "true",
          },
          "checked": false,
          "childNodes": [
            FakeElement {
              "attrs": {},
              "checked": false,
              "childNodes": [],
              "classList": {
                "add": [Function add],
                "contains": [Function contains],
                "remove": [Function remove],
                "toggle": [Function toggle],
              },
              "className": "ai-run-progress-fill",
              "dataset": {},
              "disabled": false,
              "hidden": false,
              "inert": false,
              "innerHTML": "",
              "isContentEditable": false,
              "listeners": {},
              "max": "",
              "min": "",
              "ownText": "",
              "parentNode": [Circular],
              "scrollLeft": 0,
              "scrollTop": 0,
              "selectionEnd": 0,
              "selectionStart": 0,
              "style": {
                "getPropertyValue": [Function anonymous],
                "removeProperty": [Function anonymous],
                "setProperty": [Function anonymous],
                "width": "100%",
              },
              "tagName": "SPAN",
              "type": "",
              "value": "",
            },
          ],
          "classList": {
            "add": [Function add],
            "contains": [Function contains],
            "remove": [Function remove],
            "toggle": [Function toggle],
          },
          "className": "ai-run-progress",
          "dataset": {
            "testid": "ai-run-progress",
          },
          "disabled": false,
          "hidden": false,
          "inert": false,
          "innerHTML": "",
          "isContentEditable": false,
          "listeners": {},
          "max": "",
          "min": "",
          "ownText": "",
          "parentNode": [Circular],
          "scrollLeft": 0,
          "scrollTop": 0,
          "selectionEnd": 0,
          "selectionStart": 0,
          "style": {
            "getPropertyValue": [Function anonymous],
            "removeProperty": [Function anonymous],
            "setProperty": [Function anonymous],
          },
          "tagName": "DIV",
          "type": "",
          "value": "",
        },
      ],
      "classList": {
        "add": [Function add],
        "contains": [Function contains],
        "remove": [Function remove],
        "toggle": [Function toggle],
      },
      "className": "ai-run-whisper",
      "dataset": {
        "testid": "ai-run-whisper",
      },
      "disabled": false,
      "hidden": false,
      "inert": false,
      "innerHTML": "",
      "isContentEditable": false,
      "listeners": {},
      "max": "",
      "min": "",
      "ownText": "",
      "parentNode": [Circular],
      "scrollLeft": 0,
      "scrollTop": 0,
      "selectionEnd": 0,
      "selectionStart": 0,
      "style": {
        "getPropertyValue": [Function anonymous],
        "removeProperty": [Function anonymous],
        "setProperty": [Function anonymous],
      },
      "tagName": "DIV",
      "type": "",
      "value": "",
    },
    FakeElement {
      "attrs": {},
      "checked": false,
      "childNodes": [
        FakeElement {
          "attrs": {},
          "checked": false,
          "childNodes": [],
          "classList": {
            "add": [Function add],
            "contains": [Function contains],
            "remove": [Function remove],
            "toggle": [Function toggle],
          },
          "className": "ai-run-details-toggle",
          "dataset": {
            "testid": "ai-run-details-toggle",
          },
          "disabled": false,
          "hidden": false,
          "inert": false,
          "innerHTML": "",
          "isContentEditable": false,
          "listeners": {},
          "max": "",
          "min": "",
          "ownText": "자세히",
          "parentNode": [Circular],
          "scrollLeft": 0,
          "scrollTop": 0,
          "selectionEnd": 0,
          "selectionStart": 0,
          "style": {
            "getPropertyValue": [Function anonymous],
            "removeProperty": [Function anonymous],
            "setProperty": [Function anonymous],
          },
          "tagName": "SUMMARY",
          "type": "",
          "value": "",
        },
        FakeElement {
          "attrs": {},
          "checked": false,
          "childNodes": [
            FakeElement {
              "attrs": {},
              "checked": false,
              "childNodes": [],
              "classList": {
                "add": [Function add],
                "contains": [Function contains],
                "remove": [Function remove],
                "toggle": [Function toggle],
              },
              "className": "ai-autonomous-chip",
              "dataset": {
                "testid": "ai-autonomous-chip",
              },
              "disabled": false,
              "hidden": false,
              "inert": false,
              "innerHTML": "",
              "isContentEditable": false,
              "listeners": {},
              "max": "",
              "min": "",
              "ownText": "자율 실행 중",
              "parentNode": [Circular],
              "scrollLeft": 0,
              "scrollTop": 0,
              "selectionEnd": 0,
              "selectionStart": 0,
              "style": {
                "getPropertyValue": [Function anonymous],
                "removeProperty": [Function anonymous],
                "setProperty": [Function anonymous],
              },
              "tagName": "SPAN",
              "type": "",
              "value": "",
            },
            FakeElement {
              "attrs": {},
              "checked": false,
              "childNodes": [],
              "classList": {
                "add": [Function add],
                "contains": [Function contains],
                "remove": [Function remove],
                "toggle": [Function toggle],
              },
              "className": "ai-autonomous-budget",
              "dataset": {
                "testid": "ai-autonomous-budget",
              },
              "disabled": false,
              "hidden": false,
              "inert": false,
              "innerHTML": "",
              "isContentEditable": false,
              "listeners": {},
              "max": "",
              "min": "",
              "ownText": "예산 0/16",
              "parentNode": [Circular],
              "scrollLeft": 0,
              "scrollTop": 0,
              "selectionEnd": 0,
              "selectionStart": 0,
              "style": {
                "getPropertyValue": [Function anonymous],
                "removeProperty": [Function anonymous],
                "setProperty": [Function anonymous],
              },
              "tagName": "SPAN",
              "type": "",
              "value": "",
            },
          ],
          "classList": {
            "add": [Function add],
            "contains": [Function contains],
            "remove": [Function remove],
            "toggle": [Function toggle],
          },
          "className": "ai-autonomous-head",
          "dataset": {},
          "disabled": false,
          "hidden": false,
          "inert": false,
          "innerHTML": "",
          "isContentEditable": false,
          "listeners": {},
          "max": "",
          "min": "",
          "ownText": "",
          "parentNode": [Circular],
          "scrollLeft": 0,
          "scrollTop": 0,
          "selectionEnd": 0,
          "selectionStart": 0,
          "style": {
            "getPropertyValue": [Function anonymous],
            "removeProperty": [Function anonymous],
            "setProperty": [Function anonymous],
          },
          "tagName": "DIV",
          "type": "",
          "value": "",
        },
        FakeElement {
          "attrs": {},
          "checked": false,
          "childNodes": [],
          "classList": {
            "add": [Function add],
            "contains": [Function contains],
            "remove": [Function remove],
            "toggle": [Function toggle],
          },
          "className": "ai-autonomous-goal",
          "dataset": {
            "testid": "ai-autonomous-goal",
          },
          "disabled": false,
          "hidden": false,
          "inert": false,
          "innerHTML": "",
          "isContentEditable": false,
          "listeners": {},
          "max": "",
          "min": "",
          "ownText": "RPG 만들어줘",
          "parentNode": [Circular],
          "scrollLeft": 0,
          "scrollTop": 0,
          "selectionEnd": 0,
          "selectionStart": 0,
          "style": {
            "getPropertyValue": [Function anonymous],
            "removeProperty": [Function anonymous],
            "setProperty": [Function anonymous],
          },
          "tagName": "DIV",
          "type": "",
          "value": "",
        },
        FakeElement {
          "attrs": {},
          "checked": false,
          "childNodes": [],
          "classList": {
            "add": [Function add],
            "contains": [Function contains],
            "remove": [Function remove],
            "toggle": [Function toggle],
          },
          "className": "ai-autonomous-feed",
          "dataset": {
            "testid": "ai-autonomous-feed",
          },
          "disabled": false,
          "hidden": false,
          "inert": false,
          "innerHTML": "",
          "isContentEditable": false,
          "listeners": {},
          "max": "",
          "min": "",
          "ownText": "",
          "parentNode": [Circular],
          "scrollLeft": 0,
          "scrollTop": 0,
          "selectionEnd": 0,
          "selectionStart": 0,
          "style": {
            "getPropertyValue": [Function anonymous],
            "removeProperty": [Function anonymous],
            "setProperty": [Function anonymous],
          },
          "tagName": "DIV",
          "type": "",
          "value": "",
        },
      ],
      "classList": {
        "add": [Function add],
        "contains": [Function contains],
        "remove": [Function remove],
        "toggle": [Function toggle],
      },
      "className": "ai-run-details",
      "dataset": {
        "testid": "ai-run-details",
      },
      "disabled": false,
      "hidden": false,
      "inert": false,
      "innerHTML": "",
      "isContentEditable": false,
      "listeners": {},
      "max": "",
      "min": "",
      "ownText": "",
      "parentNode": [Circular],
      "scrollLeft": 0,
      "scrollTop": 0,
      "selectionEnd": 0,
      "selectionStart": 0,
      "style": {
        "getPropertyValue": [Function anonymous],
        "removeProperty": [Function anonymous],
        "setProperty": [Function anonymous],
      },
      "tagName": "DETAILS",
      "type": "",
      "value": "",
    },
  ],
  "classList": {
    "add": [Function add],
    "contains": [Function contains],
    "remove": [Function remove],
    "toggle": [Function toggle],
  },
  "className": "ai-autonomous-checklist",
  "dataset": {
    "active": "true",
    "blocked": "false",
    "complete": "false",
    "testid": "ai-work-plan-checklist",
  },
  "disabled": false,
  "hidden": false,
  "inert": false,
  "innerHTML": "",
  "isContentEditable": false,
  "listeners": {},
  "max": "",
  "min": "",
  "ownText": "",
  "parentNode": FakeElement {
    "attrs": {},
    "checked": false,
    "childNodes": [
      [Circular],
    ],
    "classList": {
      "add": [Function add],
      "contains": [Function contains],
      "remove": [Function remove],
      "toggle": [Function toggle],
    },
    "className": "ai-autonomous-run-surface",
    "dataset": {
      "testid": "ai-autonomous-run-surface",
    },
    "disabled": false,
    "hidden": false,
    "inert": false,
    "innerHTML": "",
    "isContentEditable": false,
    "listeners": {},
    "max": "",
    "min": "",
    "ownText": "",
    "parentNode": FakeElement {
      "attrs": {},
      "checked": false,
      "childNodes": [
        [Circular],
        FakeElement {
          "attrs": {},
          "checked": false,
          "childNodes": [
            FakeElement {
              "attrs": {
                "aria-label": "조수 대화",
                "role": "region",
                "tabindex": "0",
              },
              "checked": false,
              "childNodes": [
                [FakeElement],
                [FakeElement],
                [FakeElement],
                [FakeElement],
              ],
              "classList": {
                "add": [Function add],
                "contains": [Function contains],
                "remove": [Function remove],
                "toggle": [Function toggle],
              },
              "className": "ai-chat-log",
              "dataset": {
                "editorNavigationOwner": "true",
                "testid": "ai-chat-log",
              },
              "disabled": false,
              "hidden": false,
              "inert": false,
              "innerHTML": "",
              "isContentEditable": false,
              "listeners": {},
              "max": "",
              "min": "",
              "ownText": "",
              "parentNode": [Circular],
              "scrollLeft": 0,
              "scrollTop": undefined,
              "selectionEnd": 0,
              "selectionStart": 0,
              "style": {
                "getPropertyValue": [Function anonymous],
                "removeProperty": [Function anonymous],
                "setProperty": [Function anonymous],
              },
              "tagName": "DIV",
              "type": "",
              "value": "",
            },
          ],
          "classList": {
            "add": [Function add],
            "contains": [Function contains],
            "remove": [Function remove],
            "toggle": [Function toggle],
          },
          "className": "ai-glass-log",
          "dataset": {
            "testid": "ai-glass-log",
          },
          "disabled": false,
          "hidden": false,
          "inert": false,
          "innerHTML": "",
          "isContentEditable": false,
          "listeners": {},
          "max": "",
          "min": "",
          "ownText": "",
          "parentNode": [Circular],
          "scrollLeft": 0,
          "scrollTop": 0,
          "selectionEnd": 0,
          "selectionStart": 0,
          "style": {
            "getPropertyValue": [Function anonymous],
            "removeProperty": [Function anonymous],
            "setProperty": [Function anonymous],
          },
          "tagName": "DIV",
          "type": "",
          "value": "",
        },
        FakeElement {
          "attrs": {},
          "checked": false,
          "childNodes": [],
          "classList": {
            "add": [Function add],
            "contains": [Function contains],
            "remove": [Function remove],
            "toggle": [Function toggle],
          },
          "className": "ai-history-log-mount",
          "dataset": {},
          "disabled": false,
          "hidden": false,
          "inert": false,
          "innerHTML": "",
          "isContentEditable": false,
          "listeners": {},
          "max": "",
          "min": "",
          "ownText": "",
          "parentNode": [Circular],
          "scrollLeft": 0,
          "scrollTop": 0,
          "selectionEnd": 0,
          "selectionStart": 0,
          "style": {
            "getPropertyValue": [Function anonymous],
            "removeProperty": [Function anonymous],
            "setProperty": [Function anonymous],
          },
          "tagName": "DIV",
          "type": "",
          "value": "",
        },
      ],
      "classList": {
        "add": [Function add],
        "contains": [Function contains],
        "remove": [Function remove],
        "toggle": [Function toggle],
      },
      "className": "ai-chat-main",
      "dataset": {},
      "disabled": false,
      "hidden": false,
      "inert": false,
      "innerHTML": "",
      "isContentEditable": false,
      "listeners": {},
      "max": "",
      "min": "",
      "ownText": "",
      "parentNode": FakeElement {
        "attrs": {},
        "checked": false,
        "childNodes": [
          [Circular],
        ],
        "classList": {
          "add": [Function add],
          "contains": [Function contains],
          "remove": [Function remove],
          "toggle": [Function toggle],
        },
        "className": "ai-chat-body",
        "dataset": {
          "testid": "ai-chat-body",
        },
        "disabled": false,
        "hidden": false,
        "inert": false,
        "innerHTML": "",
        "isContentEditable": false,
        "listeners": {
          "wheel": [
            [Function anonymous],
          ],
        },
        "max": "",
        "min": "",
        "ownText": "",
        "parentNode": FakeElement {
          "attrs": {},
          "checked": false,
          "childNodes": [
            FakeElement {
              "attrs": {},
              "checked": false,
              "childNodes": [
                [FakeElement],
                [FakeElement],
                [FakeElement],
                [FakeElement],
                [FakeElement],
                [FakeElement],
                [FakeElement],
              ],
              "classList": {
                "add": [Function add],
                "contains": [Function contains],
                "remove": [Function remove],
                "toggle": [Function toggle],
              },
              "className": "ai-deck-rail",
              "dataset": {
                "aiState": "idle",
                "testid": "ai-deck-rail",
              },
              "disabled": false,
              "hidden": false,
              "inert": false,
              "innerHTML": "",
              "isContentEditable": false,
              "listeners": {},
              "max": "",
              "min": "",
              "ownText": "",
              "parentNode": [Circular],
              "scrollLeft": 0,
              "scrollTop": 0,
              "selectionEnd": 0,
              "selectionStart": 0,
              "style": {
                "getPropertyValue": [Function anonymous],
                "removeProperty": [Function anonymous],
                "setProperty": [Function anonymous],
              },
              "tagName": "DIV",
              "type": "",
              "value": "",
            },
            [Circular],
            FakeElement {
              "attrs": {},
              "checked": false,
              "childNodes": [],
              "classList": {
                "add": [Function add],
                "contains": [Function contains],
                "remove": [Function remove],
                "toggle": [Function toggle],
              },
              "className": "",
              "dataset": {},
              "disabled": false,
              "hidden": false,
              "inert": false,
              "innerHTML": "",
              "isContentEditable": false,
              "listeners": {},
              "max": "",
              "min": "",
              "ownText": "",
              "parentNode": [Circular],
              "scrollLeft": 0,
              "scrollTop": 0,
              "selectionEnd": 0,
              "selectionStart": 0,
              "style": {
                "getPropertyValue": [Function anonymous],
                "removeProperty": [Function anonymous],
                "setProperty": [Function anonymous],
              },
              "tagName": "DIV",
              "type": "",
              "value": "",
            },
            FakeElement {
              "attrs": {},
              "checked": false,
              "childNodes": [
                [FakeElement],
                [FakeElement],
                [FakeElement],
                [FakeElement],
                [FakeElement],
              ],
              "classList": {
                "add": [Function add],
                "contains": [Function contains],
                "remove": [Function remove],
                "toggle": [Function toggle],
              },
              "className": "ai-command-bar",
              "dataset": {
                "testid": "ai-command-bar",
              },
              "disabled": false,
              "hidden": false,
              "inert": false,
              "innerHTML": "",
              "isContentEditable": false,
              "listeners": {
                "focusin": [Array],
                "focusout": [Array],
              },
              "max": "",
              "min": "",
              "ownText": "",
              "parentNode": [Circular],
              "scrollLeft": 0,
              "scrollTop": 0,
              "selectionEnd": 0,
              "selectionStart": 0,
              "style": {
                "getPropertyValue": [Function anonymous],
                "removeProperty": [Function anonymous],
                "setProperty": [Function anonymous],
              },
              "tagName": "DIV",
              "type": "",
              "value": "",
            },
            FakeElement {
              "attrs": {
                "aria-label": "조수 입력줄 폭 조절",
                "aria-orientation": "vertical",
                "aria-valuemax": "NaN",
                "aria-valuemin": "280",
                "aria-valuenow": "280",
                "role": "separator",
                "tabindex": "0",
                "title": "드래그하거나 방향키로 조수 폭 조절",
              },
              "checked": false,
              "childNodes": [],
              "classList": {
                "add": [Function add],
                "contains": [Function contains],
                "remove": [Function remove],
                "toggle": [Function toggle],
              },
              "className": "ai-chat-resize-handle is-edge-start",
              "dataset": {
                "testid": "ai-resize-handle",
              },
              "disabled": false,
              "hidden": false,
              "inert": false,
              "innerHTML": "",
              "isContentEditable": false,
              "listeners": {
                "keydown": [Array],
                "pointerdown": [Array],
              },
              "max": "",
              "min": "",
              "ownText": "",
              "parentNode": [Circular],
              "scrollLeft": 0,
              "scrollTop": 0,
              "selectionEnd": 0,
              "selectionStart": 0,
              "style": {
                "getPropertyValue": [Function anonymous],
                "removeProperty": [Function anonymous],
                "setProperty": [Function anonymous],
              },
              "tagName": "DIV",
              "type": "",
              "value": "",
            },
          ],
          "classList": {
            "add": [Function add],
            "contains": [Function contains],
            "remove": [Function remove],
            "toggle": [Function toggle],
          },
          "className": "ai-deck",
          "dataset": {
            "testid": "ai-deck",
          },
          "disabled": false,
          "hidden": false,
          "inert": false,
          "innerHTML": "",
          "isContentEditable": false,
          "listeners": {},
          "max": "",
          "min": "",
          "ownText": "",
          "parentNode": FakeElement {
            "attrs": {
              "aria-label": "조수",
            },
            "checked": false,
            "childNodes": [
              FakeElement {
                "attrs": [Object],
                "checked": false,
                "childNodes": [Array],
                "classList": [Object],
                "className": "ai-chat-toolbar is-empty",
                "dataset": [Object],
                "disabled": false,
                "hidden": false,
                "inert": true,
                "innerHTML": "",
                "isContentEditable": false,
                "listeners": [Object],
                "max": "",
                "min": "",
                "ownText": "",
                "parentNode": [Circular],
                "scrollLeft": 0,
                "scrollTop": 0,
                "selectionEnd": 0,
                "selectionStart": 0,
                "style": [Object],
                "tagName": "DIV",
                "type": "",
                "value": "",
              },
              [Circular],
              FakeElement {
                "attrs": [Object],
                "checked": false,
                "childNodes": [Array],
                "classList": [Object],
                "className": "ai-collapsed-restore",
                "dataset": [Object],
                "disabled": false,
                "hidden": false,
                "inert": false,
                "innerHTML": "",
                "isContentEditable": false,
                "listeners": [Object],
                "max": "",
                "min": "",
                "ownText": "",
                "parentNode": [Circular],
                "scrollLeft": 0,
                "scrollTop": 0,
                "selectionEnd": 0,
                "selectionStart": 0,
                "style": [Object],
                "tagName": "BUTTON",
                "type": "",
                "value": "",
              },
              FakeElement {
                "attrs": [Object],
                "checked": false,
                "childNodes": [Array],
                "classList": [Object],
                "className": "ai-collapsed-undo",
                "dataset": [Object],
                "disabled": false,
                "hidden": true,
                "inert": false,
                "innerHTML": "",
                "isContentEditable": false,
                "listeners": [Object],
                "max": "",
                "min": "",
                "ownText": "",
                "parentNode": [Circular],
                "scrollLeft": 0,
                "scrollTop": 0,
                "selectionEnd": 0,
                "selectionStart": 0,
                "style": [Object],
                "tagName": "BUTTON",
                "type": "",
                "value": "",
              },
              FakeElement {
                "attrs": [Object],
                "checked": false,
                "childNodes": [Array],
                "classList": [Object],
                "className": "ai-rising-sticky-zone",
                "dataset": [Object],
                "disabled": false,
                "hidden": false,
                "inert": false,
                "innerHTML": "",
                "isContentEditable": false,
                "listeners": [Object],
                "max": "",
                "min": "",
                "ownText": "",
                "parentNode": [Circular],
                "scrollLeft": 0,
                "scrollTop": 0,
                "selectionEnd": 0,
                "selectionStart": 0,
                "style": [Object],
                "tagName": "DIV",
                "type": "",
                "value": "",
              },
            ],
            "classList": {
              "add": [Function add],
              "contains": [Function contains],
              "remove": [Function remove],
              "toggle": [Function toggle],
            },
            "className": "ai-chat-panel is-assistant-log-open is-autonomous-run",
            "dataset": {
              "aiConversation": "active",
              "aiFontSize": "normal",
              "aiState": "idle",
              "chatDock": "float",
              "logSlot": "glass",
              "temperature": "quiet-gold",
              "testid": "ai-panel",
              "uiDensity": "shared",
            },
            "disabled": false,
            "hidden": false,
            "inert": false,
            "innerHTML": "",
            "isContentEditable": false,
            "listeners": {},
            "max": "",
            "min": "",
            "ownText": "",
            "parentNode": null,
            "scrollLeft": 0,
            "scrollTop": 0,
            "selectionEnd": 0,
            "selectionStart": 0,
            "style": {
              "--ai-background-opacity": "82%",
              "--ai-font-scale": "1",
              "getPropertyValue": [Function anonymous],
              "height": "",
              "maxHeight": "",
              "maxWidth": "",
              "removeProperty": [Function anonymous],
              "setProperty": [Function anonymous],
              "width": "",
            },
            "tagName": "ASIDE",
            "type": "",
            "value": "",
          },
          "scrollLeft": 0,
          "scrollTop": 0,
          "selectionEnd": 0,
          "selectionStart": 0,
          "style": {
            "getPropertyValue": [Function anonymous],
            "removeProperty": [Function anonymous],
            "setProperty": [Function anonymous],
          },
          "tagName": "DIV",
          "type": "",
          "value": "",
        },
        "scrollLeft": 0,
        "scrollTop": 0,
        "selectionEnd": 0,
        "selectionStart": 0,
        "style": {
          "getPropertyValue": [Function anonymous],
          "removeProperty": [Function anonymous],
          "setProperty": [Function anonymous],
        },
        "tagName": "DIV",
        "type": "",
        "value": "",
      },
      "scrollLeft": 0,
      "scrollTop": 0,
      "selectionEnd": 0,
      "selectionStart": 0,
      "style": {
        "getPropertyValue": [Function anonymous],
        "removeProperty": [Function anonymous],
        "setProperty": [Function anonymous],
      },
      "tagName": "DIV",
      "type": "",
      "value": "",
    },
    "scrollLeft": 0,
    "scrollTop": 0,
    "selectionEnd": 0,
    "selectionStart": 0,
    "style": {
      "getPropertyValue": [Function anonymous],
      "removeProperty": [Function anonymous],
      "setProperty": [Function anonymous],
    },
    "tagName": "DIV",
    "type": "",
    "value": "",
  },
  "scrollLeft": 0,
  "scrollTop": 0,
  "selectionEnd": 0,
  "selectionStart": 0,
  "style": {
    "getPropertyValue": [Function anonymous],
    "removeProperty": [Function anonymous],
    "setProperty": [Function anonymous],
  },
  "tagName": "DIV",
  "type": "",
  "value": "",
}

 ❯ test/aiAutonomousRunSurface.test.ts:473:23
    471|     await flushAsync();
    472|     const checklist = findByTestId(panel, "ai-work-plan-checklist");
    473|     expect(checklist).toBeNull();
       |                       ^
    474|     expect(document.querySelector("[data-testid=ai-plan-book]")).toBeN…
    475| 

⎯⎯⎯⎯⎯⎯⎯⎯⎯⎯⎯⎯⎯⎯⎯⎯⎯⎯⎯⎯⎯⎯⎯⎯[4/6]⎯

 FAIL  test/aiAutonomousRunSurface.test.ts > 할 일 목록 표면 (작업 계획 체크리스트) > 런 중 중단하면 목록과 활동 표면이 함께 걷힌다
AssertionError: expected <div role="group" …(1)>…(2)</div> to be null

[32m- Expected:[39m 
null

[31m+ Received:[39m 
FakeElement {
  "attrs": {
    "aria-label": "할 일 목록",
    "role": "group",
  },
  "checked": false,
  "childNodes": [
    FakeElement {
      "attrs": {},
      "checked": false,
      "childNodes": [
        FakeElement {
          "attrs": {},
          "checked": false,
          "childNodes": [
            FakeElement {
              "attrs": {},
              "checked": false,
              "childNodes": [],
              "classList": {
                "add": [Function add],
                "contains": [Function contains],
                "remove": [Function remove],
                "toggle": [Function toggle],
              },
              "className": "ai-run-status",
              "dataset": {
                "testid": "ai-run-status",
              },
              "disabled": false,
              "hidden": false,
              "inert": false,
              "innerHTML": "",
              "isContentEditable": false,
              "listeners": {},
              "max": "",
              "min": "",
              "ownText": "집 3채 중",
              "parentNode": [Circular],
              "scrollLeft": 0,
              "scrollTop": 0,
              "selectionEnd": 0,
              "selectionStart": 0,
              "style": {
                "getPropertyValue": [Function anonymous],
                "removeProperty": [Function anonymous],
                "setProperty": [Function anonymous],
              },
              "tagName": "SPAN",
              "type": "",
              "value": "",
            },
            FakeElement {
              "attrs": {
                "title": "완료한 항목 / 전체 항목",
              },
              "checked": false,
              "childNodes": [],
              "classList": {
                "add": [Function add],
                "contains": [Function contains],
                "remove": [Function remove],
                "toggle": [Function toggle],
              },
              "className": "ai-autonomous-progress",
              "dataset": {
                "testid": "ai-autonomous-progress",
              },
              "disabled": false,
              "hidden": false,
              "inert": false,
              "innerHTML": "",
              "isContentEditable": false,
              "listeners": {},
              "max": "",
              "min": "",
              "ownText": "1/4",
              "parentNode": [Circular],
              "scrollLeft": 0,
              "scrollTop": 0,
              "selectionEnd": 0,
              "selectionStart": 0,
              "style": {
                "getPropertyValue": [Function anonymous],
                "removeProperty": [Function anonymous],
                "setProperty": [Function anonymous],
              },
              "tagName": "SPAN",
              "type": "",
              "value": "",
            },
            FakeElement {
              "attrs": {
                "title": "작업 계획을 페이지로 엽니다",
                "type": "button",
              },
              "checked": false,
              "childNodes": [],
              "classList": {
                "add": [Function add],
                "contains": [Function contains],
                "remove": [Function remove],
                "toggle": [Function toggle],
              },
              "className": "ai-plan-book-open",
              "dataset": {
                "testid": "ai-plan-book-open",
              },
              "disabled": false,
              "hidden": false,
              "inert": false,
              "innerHTML": "",
              "isContentEditable": false,
              "listeners": {
                "click": [Array],
              },
              "max": "",
              "min": "",
              "ownText": "계획 보기",
              "parentNode": [Circular],
              "scrollLeft": 0,
              "scrollTop": 0,
              "selectionEnd": 0,
              "selectionStart": 0,
              "style": {
                "getPropertyValue": [Function anonymous],
                "removeProperty": [Function anonymous],
                "setProperty": [Function anonymous],
              },
              "tagName": "BUTTON",
              "type": "",
              "value": "",
            },
            FakeElement {
              "attrs": {
                "title": "진행 중인 작업을 중지합니다",
                "type": "button",
              },
              "checked": false,
              "childNodes": [],
              "classList": {
                "add": [Function add],
                "contains": [Function contains],
                "remove": [Function remove],
                "toggle": [Function toggle],
              },
              "className": "ai-run-stop",
              "dataset": {
                "testid": "ai-run-stop",
              },
              "disabled": false,
              "hidden": false,
              "inert": false,
              "innerHTML": "",
              "isContentEditable": false,
              "listeners": {
                "click": [Array],
              },
              "max": "",
              "min": "",
              "ownText": "중지",
              "parentNode": [Circular],
              "scrollLeft": 0,
              "scrollTop": 0,
              "selectionEnd": 0,
              "selectionStart": 0,
              "style": {
                "getPropertyValue": [Function anonymous],
                "removeProperty": [Function anonymous],
                "setProperty": [Function anonymous],
              },
              "tagName": "BUTTON",
              "type": "",
              "value": "",
            },
          ],
          "classList": {
            "add": [Function add],
            "contains": [Function contains],
            "remove": [Function remove],
            "toggle": [Function toggle],
          },
          "className": "ai-run-line",
          "dataset": {},
          "disabled": false,
          "hidden": false,
          "inert": false,
          "innerHTML": "",
          "isContentEditable": false,
          "listeners": {},
          "max": "",
          "min": "",
          "ownText": "",
          "parentNode": [Circular],
          "scrollLeft": 0,
          "scrollTop": 0,
          "selectionEnd": 0,
          "selectionStart": 0,
          "style": {
            "getPropertyValue": [Function anonymous],
            "removeProperty": [Function anonymous],
            "setProperty": [Function anonymous],
          },
          "tagName": "DIV",
          "type": "",
          "value": "",
        },
        FakeElement {
          "attrs": {},
          "checked": false,
          "childNodes": [],
          "classList": {
            "add": [Function add],
            "contains": [Function contains],
            "remove": [Function remove],
            "toggle": [Function toggle],
          },
          "className": "ai-autonomous-item-note",
          "dataset": {
            "testid": "ai-work-item-activity",
          },
          "disabled": false,
          "hidden": false,
          "inert": false,
          "innerHTML": "",
          "isContentEditable": false,
          "listeners": {},
          "max": "",
          "min": "",
          "ownText": "진행 중…",
          "parentNode": [Circular],
          "scrollLeft": 0,
          "scrollTop": 0,
          "selectionEnd": 0,
          "selectionStart": 0,
          "style": {
            "getPropertyValue": [Function anonymous],
            "removeProperty": [Function anonymous],
            "setProperty": [Function anonymous],
          },
          "tagName": "SPAN",
          "type": "",
          "value": "",
        },
        FakeElement {
          "attrs": {
            "aria-hidden": "true",
          },
          "checked": false,
          "childNodes": [
            FakeElement {
              "attrs": {},
              "checked": false,
              "childNodes": [],
              "classList": {
                "add": [Function add],
                "contains": [Function contains],
                "remove": [Function remove],
                "toggle": [Function toggle],
              },
              "className": "ai-run-progress-fill",
              "dataset": {},
              "disabled": false,
              "hidden": false,
              "inert": false,
              "innerHTML": "",
              "isContentEditable": false,
              "listeners": {},
              "max": "",
              "min": "",
              "ownText": "",
              "parentNode": [Circular],
              "scrollLeft": 0,
              "scrollTop": 0,
              "selectionEnd": 0,
              "selectionStart": 0,
              "style": {
                "getPropertyValue": [Function anonymous],
                "removeProperty": [Function anonymous],
                "setProperty": [Function anonymous],
                "width": "25%",
              },
              "tagName": "SPAN",
              "type": "",
              "value": "",
            },
          ],
          "classList": {
            "add": [Function add],
            "contains": [Function contains],
            "remove": [Function remove],
            "toggle": [Function toggle],
          },
          "className": "ai-run-progress",
          "dataset": {
            "testid": "ai-run-progress",
          },
          "disabled": false,
          "hidden": false,
          "inert": false,
          "innerHTML": "",
          "isContentEditable": false,
          "listeners": {},
          "max": "",
          "min": "",
          "ownText": "",
          "parentNode": [Circular],
          "scrollLeft": 0,
          "scrollTop": 0,
          "selectionEnd": 0,
          "selectionStart": 0,
          "style": {
            "getPropertyValue": [Function anonymous],
            "removeProperty": [Function anonymous],
            "setProperty": [Function anonymous],
          },
          "tagName": "DIV",
          "type": "",
          "value": "",
        },
      ],
      "classList": {
        "add": [Function add],
        "contains": [Function contains],
        "remove": [Function remove],
        "toggle": [Function toggle],
      },
      "className": "ai-run-whisper",
      "dataset": {
        "testid": "ai-run-whisper",
      },
      "disabled": false,
      "hidden": false,
      "inert": false,
      "innerHTML": "",
      "isContentEditable": false,
      "listeners": {},
      "max": "",
      "min": "",
      "ownText": "",
      "parentNode": [Circular],
      "scrollLeft": 0,
      "scrollTop": 0,
      "selectionEnd": 0,
      "selectionStart": 0,
      "style": {
        "getPropertyValue": [Function anonymous],
        "removeProperty": [Function anonymous],
        "setProperty": [Function anonymous],
      },
      "tagName": "DIV",
      "type": "",
      "value": "",
    },
    FakeElement {
      "attrs": {},
      "checked": false,
      "childNodes": [
        FakeElement {
          "attrs": {},
          "checked": false,
          "childNodes": [],
          "classList": {
            "add": [Function add],
            "contains": [Function contains],
            "remove": [Function remove],
            "toggle": [Function toggle],
          },
          "className": "ai-run-details-toggle",
          "dataset": {
            "testid": "ai-run-details-toggle",
          },
          "disabled": false,
          "hidden": false,
          "inert": false,
          "innerHTML": "",
          "isContentEditable": false,
          "listeners": {},
          "max": "",
          "min": "",
          "ownText": "자세히",
          "parentNode": [Circular],
          "scrollLeft": 0,
          "scrollTop": 0,
          "selectionEnd": 0,
          "selectionStart": 0,
          "style": {
            "getPropertyValue": [Function anonymous],
            "removeProperty": [Function anonymous],
            "setProperty": [Function anonymous],
          },
          "tagName": "SUMMARY",
          "type": "",
          "value": "",
        },
        FakeElement {
          "attrs": {},
          "checked": false,
          "childNodes": [
            FakeElement {
              "attrs": {},
              "checked": false,
              "childNodes": [],
              "classList": {
                "add": [Function add],
                "contains": [Function contains],
                "remove": [Function remove],
                "toggle": [Function toggle],
              },
              "className": "ai-autonomous-chip",
              "dataset": {
                "testid": "ai-autonomous-chip",
              },
              "disabled": false,
              "hidden": false,
              "inert": false,
              "innerHTML": "",
              "isContentEditable": false,
              "listeners": {},
              "max": "",
              "min": "",
              "ownText": "자율 실행 중",
              "parentNode": [Circular],
              "scrollLeft": 0,
              "scrollTop": 0,
              "selectionEnd": 0,
              "selectionStart": 0,
              "style": {
                "getPropertyValue": [Function anonymous],
                "removeProperty": [Function anonymous],
                "setProperty": [Function anonymous],
              },
              "tagName": "SPAN",
              "type": "",
              "value": "",
            },
            FakeElement {
              "attrs": {},
              "checked": false,
              "childNodes": [],
              "classList": {
                "add": [Function add],
                "contains": [Function contains],
                "remove": [Function remove],
                "toggle": [Function toggle],
              },
              "className": "ai-autonomous-budget",
              "dataset": {
                "testid": "ai-autonomous-budget",
              },
              "disabled": false,
              "hidden": false,
              "inert": false,
              "innerHTML": "",
              "isContentEditable": false,
              "listeners": {},
              "max": "",
              "min": "",
              "ownText": "예산 0/16",
              "parentNode": [Circular],
              "scrollLeft": 0,
              "scrollTop": 0,
              "selectionEnd": 0,
              "selectionStart": 0,
              "style": {
                "getPropertyValue": [Function anonymous],
                "removeProperty": [Function anonymous],
                "setProperty": [Function anonymous],
              },
              "tagName": "SPAN",
              "type": "",
              "value": "",
            },
          ],
          "classList": {
            "add": [Function add],
            "contains": [Function contains],
            "remove": [Function remove],
            "toggle": [Function toggle],
          },
          "className": "ai-autonomous-head",
          "dataset": {},
          "disabled": false,
          "hidden": false,
          "inert": false,
          "innerHTML": "",
          "isContentEditable": false,
          "listeners": {},
          "max": "",
          "min": "",
          "ownText": "",
          "parentNode": [Circular],
          "scrollLeft": 0,
          "scrollTop": 0,
          "selectionEnd": 0,
          "selectionStart": 0,
          "style": {
            "getPropertyValue": [Function anonymous],
            "removeProperty": [Function anonymous],
            "setProperty": [Function anonymous],
          },
          "tagName": "DIV",
          "type": "",
          "value": "",
        },
        FakeElement {
          "attrs": {},
          "checked": false,
          "childNodes": [],
          "classList": {
            "add": [Function add],
            "contains": [Function contains],
            "remove": [Function remove],
            "toggle": [Function toggle],
          },
          "className": "ai-autonomous-goal",
          "dataset": {
            "testid": "ai-autonomous-goal",
          },
          "disabled": false,
          "hidden": false,
          "inert": false,
          "innerHTML": "",
          "isContentEditable": false,
          "listeners": {},
          "max": "",
          "min": "",
          "ownText": "RPG 만들어줘",
          "parentNode": [Circular],
          "scrollLeft": 0,
          "scrollTop": 0,
          "selectionEnd": 0,
          "selectionStart": 0,
          "style": {
            "getPropertyValue": [Function anonymous],
            "removeProperty": [Function anonymous],
            "setProperty": [Function anonymous],
          },
          "tagName": "DIV",
          "type": "",
          "value": "",
        },
        FakeElement {
          "attrs": {},
          "checked": false,
          "childNodes": [],
          "classList": {
            "add": [Function add],
            "contains": [Function contains],
            "remove": [Function remove],
            "toggle": [Function toggle],
          },
          "className": "ai-autonomous-feed",
          "dataset": {
            "testid": "ai-autonomous-feed",
          },
          "disabled": false,
          "hidden": false,
          "inert": false,
          "innerHTML": "",
          "isContentEditable": false,
          "listeners": {},
          "max": "",
          "min": "",
          "ownText": "",
          "parentNode": [Circular],
          "scrollLeft": 0,
          "scrollTop": 0,
          "selectionEnd": 0,
          "selectionStart": 0,
          "style": {
            "getPropertyValue": [Function anonymous],
            "removeProperty": [Function anonymous],
            "setProperty": [Function anonymous],
          },
          "tagName": "DIV",
          "type": "",
          "value": "",
        },
      ],
      "classList": {
        "add": [Function add],
        "contains": [Function contains],
        "remove": [Function remove],
        "toggle": [Function toggle],
      },
      "className": "ai-run-details",
      "dataset": {
        "testid": "ai-run-details",
      },
      "disabled": false,
      "hidden": false,
      "inert": false,
      "innerHTML": "",
      "isContentEditable": false,
      "listeners": {},
      "max": "",
      "min": "",
      "ownText": "",
      "parentNode": [Circular],
      "scrollLeft": 0,
      "scrollTop": 0,
      "selectionEnd": 0,
      "selectionStart": 0,
      "style": {
        "getPropertyValue": [Function anonymous],
        "removeProperty": [Function anonymous],
        "setProperty": [Function anonymous],
      },
      "tagName": "DETAILS",
      "type": "",
      "value": "",
    },
  ],
  "classList": {
    "add": [Function add],
    "contains": [Function contains],
    "remove": [Function remove],
    "toggle": [Function toggle],
  },
  "className": "ai-autonomous-checklist",
  "dataset": {
    "active": "true",
    "blocked": "false",
    "complete": "false",
    "testid": "ai-work-plan-checklist",
  },
  "disabled": false,
  "hidden": false,
  "inert": false,
  "innerHTML": "",
  "isContentEditable": false,
  "listeners": {},
  "max": "",
  "min": "",
  "ownText": "",
  "parentNode": FakeElement {
    "attrs": {},
    "checked": false,
    "childNodes": [
      [Circular],
    ],
    "classList": {
      "add": [Function add],
      "contains": [Function contains],
      "remove": [Function remove],
      "toggle": [Function toggle],
    },
    "className": "ai-autonomous-run-surface",
    "dataset": {
      "testid": "ai-autonomous-run-surface",
    },
    "disabled": false,
    "hidden": false,
    "inert": false,
    "innerHTML": "",
    "isContentEditable": false,
    "listeners": {},
    "max": "",
    "min": "",
    "ownText": "",
    "parentNode": FakeElement {
      "attrs": {},
      "checked": false,
      "childNodes": [
        [Circular],
        FakeElement {
          "attrs": {},
          "checked": false,
          "childNodes": [
            FakeElement {
              "attrs": {
                "aria-label": "조수 대화",
                "role": "region",
                "tabindex": "0",
              },
              "checked": false,
              "childNodes": [
                [FakeElement],
                [FakeElement],
                [FakeElement],
              ],
              "classList": {
                "add": [Function add],
                "contains": [Function contains],
                "remove": [Function remove],
                "toggle": [Function toggle],
              },
              "className": "ai-chat-log",
              "dataset": {
                "editorNavigationOwner": "true",
                "testid": "ai-chat-log",
              },
              "disabled": false,
              "hidden": false,
              "inert": false,
              "innerHTML": "",
              "isContentEditable": false,
              "listeners": {},
              "max": "",
              "min": "",
              "ownText": "",
              "parentNode": [Circular],
              "scrollLeft": 0,
              "scrollTop": undefined,
              "selectionEnd": 0,
              "selectionStart": 0,
              "style": {
                "getPropertyValue": [Function anonymous],
                "removeProperty": [Function anonymous],
                "setProperty": [Function anonymous],
              },
              "tagName": "DIV",
              "type": "",
              "value": "",
            },
          ],
          "classList": {
            "add": [Function add],
            "contains": [Function contains],
            "remove": [Function remove],
            "toggle": [Function toggle],
          },
          "className": "ai-glass-log",
          "dataset": {
            "testid": "ai-glass-log",
          },
          "disabled": false,
          "hidden": false,
          "inert": false,
          "innerHTML": "",
          "isContentEditable": false,
          "listeners": {},
          "max": "",
          "min": "",
          "ownText": "",
          "parentNode": [Circular],
          "scrollLeft": 0,
          "scrollTop": 0,
          "selectionEnd": 0,
          "selectionStart": 0,
          "style": {
            "getPropertyValue": [Function anonymous],
            "removeProperty": [Function anonymous],
            "setProperty": [Function anonymous],
          },
          "tagName": "DIV",
          "type": "",
          "value": "",
        },
        FakeElement {
          "attrs": {},
          "checked": false,
          "childNodes": [],
          "classList": {
            "add": [Function add],
            "contains": [Function contains],
            "remove": [Function remove],
            "toggle": [Function toggle],
          },
          "className": "ai-history-log-mount",
          "dataset": {},
          "disabled": false,
          "hidden": false,
          "inert": false,
          "innerHTML": "",
          "isContentEditable": false,
          "listeners": {},
          "max": "",
          "min": "",
          "ownText": "",
          "parentNode": [Circular],
          "scrollLeft": 0,
          "scrollTop": 0,
          "selectionEnd": 0,
          "selectionStart": 0,
          "style": {
            "getPropertyValue": [Function anonymous],
            "removeProperty": [Function anonymous],
            "setProperty": [Function anonymous],
          },
          "tagName": "DIV",
          "type": "",
          "value": "",
        },
      ],
      "classList": {
        "add": [Function add],
        "contains": [Function contains],
        "remove": [Function remove],
        "toggle": [Function toggle],
      },
      "className": "ai-chat-main",
      "dataset": {},
      "disabled": false,
      "hidden": false,
      "inert": false,
      "innerHTML": "",
      "isContentEditable": false,
      "listeners": {},
      "max": "",
      "min": "",
      "ownText": "",
      "parentNode": FakeElement {
        "attrs": {},
        "checked": false,
        "childNodes": [
          [Circular],
        ],
        "classList": {
          "add": [Function add],
          "contains": [Function contains],
          "remove": [Function remove],
          "toggle": [Function toggle],
        },
        "className": "ai-chat-body",
        "dataset": {
          "testid": "ai-chat-body",
        },
        "disabled": false,
        "hidden": false,
        "inert": false,
        "innerHTML": "",
        "isContentEditable": false,
        "listeners": {
          "wheel": [
            [Function anonymous],
          ],
        },
        "max": "",
        "min": "",
        "ownText": "",
        "parentNode": FakeElement {
          "attrs": {},
          "checked": false,
          "childNodes": [
            FakeElement {
              "attrs": {},
              "checked": false,
              "childNodes": [
                [FakeElement],
                [FakeElement],
                [FakeElement],
                [FakeElement],
                [FakeElement],
                [FakeElement],
                [FakeElement],
              ],
              "classList": {
                "add": [Function add],
                "contains": [Function contains],
                "remove": [Function remove],
                "toggle": [Function toggle],
              },
              "className": "ai-deck-rail",
              "dataset": {
                "aiState": "idle",
                "testid": "ai-deck-rail",
              },
              "disabled": false,
              "hidden": false,
              "inert": false,
              "innerHTML": "",
              "isContentEditable": false,
              "listeners": {},
              "max": "",
              "min": "",
              "ownText": "",
              "parentNode": [Circular],
              "scrollLeft": 0,
              "scrollTop": 0,
              "selectionEnd": 0,
              "selectionStart": 0,
              "style": {
                "getPropertyValue": [Function anonymous],
                "removeProperty": [Function anonymous],
                "setProperty": [Function anonymous],
              },
              "tagName": "DIV",
              "type": "",
              "value": "",
            },
            [Circular],
            FakeElement {
              "attrs": {},
              "checked": false,
              "childNodes": [],
              "classList": {
                "add": [Function add],
                "contains": [Function contains],
                "remove": [Function remove],
                "toggle": [Function toggle],
              },
              "className": "",
              "dataset": {},
              "disabled": false,
              "hidden": false,
              "inert": false,
              "innerHTML": "",
              "isContentEditable": false,
              "listeners": {},
              "max": "",
              "min": "",
              "ownText": "",
              "parentNode": [Circular],
              "scrollLeft": 0,
              "scrollTop": 0,
              "selectionEnd": 0,
              "selectionStart": 0,
              "style": {
                "getPropertyValue": [Function anonymous],
                "removeProperty": [Function anonymous],
                "setProperty": [Function anonymous],
              },
              "tagName": "DIV",
              "type": "",
              "value": "",
            },
            FakeElement {
              "attrs": {},
              "checked": false,
              "childNodes": [
                [FakeElement],
                [FakeElement],
                [FakeElement],
                [FakeElement],
                [FakeElement],
              ],
              "classList": {
                "add": [Function add],
                "contains": [Function contains],
                "remove": [Function remove],
                "toggle": [Function toggle],
              },
              "className": "ai-command-bar",
              "dataset": {
                "testid": "ai-command-bar",
              },
              "disabled": false,
              "hidden": false,
              "inert": false,
              "innerHTML": "",
              "isContentEditable": false,
              "listeners": {
                "focusin": [Array],
                "focusout": [Array],
              },
              "max": "",
              "min": "",
              "ownText": "",
              "parentNode": [Circular],
              "scrollLeft": 0,
              "scrollTop": 0,
              "selectionEnd": 0,
              "selectionStart": 0,
              "style": {
                "getPropertyValue": [Function anonymous],
                "removeProperty": [Function anonymous],
                "setProperty": [Function anonymous],
              },
              "tagName": "DIV",
              "type": "",
              "value": "",
            },
            FakeElement {
              "attrs": {
                "aria-label": "조수 입력줄 폭 조절",
                "aria-orientation": "vertical",
                "aria-valuemax": "NaN",
                "aria-valuemin": "280",
                "aria-valuenow": "280",
                "role": "separator",
                "tabindex": "0",
                "title": "드래그하거나 방향키로 조수 폭 조절",
              },
              "checked": false,
              "childNodes": [],
              "classList": {
                "add": [Function add],
                "contains": [Function contains],
                "remove": [Function remove],
                "toggle": [Function toggle],
              },
              "className": "ai-chat-resize-handle is-edge-start",
              "dataset": {
                "testid": "ai-resize-handle",
              },
              "disabled": false,
              "hidden": false,
              "inert": false,
              "innerHTML": "",
              "isContentEditable": false,
              "listeners": {
                "keydown": [Array],
                "pointerdown": [Array],
              },
              "max": "",
              "min": "",
              "ownText": "",
              "parentNode": [Circular],
              "scrollLeft": 0,
              "scrollTop": 0,
              "selectionEnd": 0,
              "selectionStart": 0,
              "style": {
                "getPropertyValue": [Function anonymous],
                "removeProperty": [Function anonymous],
                "setProperty": [Function anonymous],
              },
              "tagName": "DIV",
              "type": "",
              "value": "",
            },
          ],
          "classList": {
            "add": [Function add],
            "contains": [Function contains],
            "remove": [Function remove],
            "toggle": [Function toggle],
          },
          "className": "ai-deck",
          "dataset": {
            "testid": "ai-deck",
          },
          "disabled": false,
          "hidden": false,
          "inert": false,
          "innerHTML": "",
          "isContentEditable": false,
          "listeners": {},
          "max": "",
          "min": "",
          "ownText": "",
          "parentNode": FakeElement {
            "attrs": {
              "aria-label": "조수",
            },
            "checked": false,
            "childNodes": [
              FakeElement {
                "attrs": [Object],
                "checked": false,
                "childNodes": [Array],
                "classList": [Object],
                "className": "ai-chat-toolbar is-empty",
                "dataset": [Object],
                "disabled": false,
                "hidden": false,
                "inert": true,
                "innerHTML": "",
                "isContentEditable": false,
                "listeners": [Object],
                "max": "",
                "min": "",
                "ownText": "",
                "parentNode": [Circular],
                "scrollLeft": 0,
                "scrollTop": 0,
                "selectionEnd": 0,
                "selectionStart": 0,
                "style": [Object],
                "tagName": "DIV",
                "type": "",
                "value": "",
              },
              [Circular],
              FakeElement {
                "attrs": [Object],
                "checked": false,
                "childNodes": [Array],
                "classList": [Object],
                "className": "ai-collapsed-restore",
                "dataset": [Object],
                "disabled": false,
                "hidden": false,
                "inert": false,
                "innerHTML": "",
                "isContentEditable": false,
                "listeners": [Object],
                "max": "",
                "min": "",
                "ownText": "",
                "parentNode": [Circular],
                "scrollLeft": 0,
                "scrollTop": 0,
                "selectionEnd": 0,
                "selectionStart": 0,
                "style": [Object],
                "tagName": "BUTTON",
                "type": "",
                "value": "",
              },
              FakeElement {
                "attrs": [Object],
                "checked": false,
                "childNodes": [Array],
                "classList": [Object],
                "className": "ai-collapsed-undo",
                "dataset": [Object],
                "disabled": false,
                "hidden": true,
                "inert": false,
                "innerHTML": "",
                "isContentEditable": false,
                "listeners": [Object],
                "max": "",
                "min": "",
                "ownText": "",
                "parentNode": [Circular],
                "scrollLeft": 0,
                "scrollTop": 0,
                "selectionEnd": 0,
                "selectionStart": 0,
                "style": [Object],
                "tagName": "BUTTON",
                "type": "",
                "value": "",
              },
              FakeElement {
                "attrs": [Object],
                "checked": false,
                "childNodes": [Array],
                "classList": [Object],
                "className": "ai-rising-sticky-zone",
                "dataset": [Object],
                "disabled": false,
                "hidden": false,
                "inert": false,
                "innerHTML": "",
                "isContentEditable": false,
                "listeners": [Object],
                "max": "",
                "min": "",
                "ownText": "",
                "parentNode": [Circular],
                "scrollLeft": 0,
                "scrollTop": 0,
                "selectionEnd": 0,
                "selectionStart": 0,
                "style": [Object],
                "tagName": "DIV",
                "type": "",
                "value": "",
              },
            ],
            "classList": {
              "add": [Function add],
              "contains": [Function contains],
              "remove": [Function remove],
              "toggle": [Function toggle],
            },
            "className": "ai-chat-panel is-assistant-log-open is-autonomous-run",
            "dataset": {
              "aiConversation": "active",
              "aiFontSize": "normal",
              "aiState": "idle",
              "chatDock": "float",
              "logSlot": "glass",
              "temperature": "quiet-gold",
              "testid": "ai-panel",
              "uiDensity": "shared",
            },
            "disabled": false,
            "hidden": false,
            "inert": false,
            "innerHTML": "",
            "isContentEditable": false,
            "listeners": {},
            "max": "",
            "min": "",
            "ownText": "",
            "parentNode": null,
            "scrollLeft": 0,
            "scrollTop": 0,
            "selectionEnd": 0,
            "selectionStart": 0,
            "style": {
              "--ai-background-opacity": "82%",
              "--ai-font-scale": "1",
              "getPropertyValue": [Function anonymous],
              "height": "",
              "maxHeight": "",
              "maxWidth": "",
              "removeProperty": [Function anonymous],
              "setProperty": [Function anonymous],
              "width": "",
            },
            "tagName": "ASIDE",
            "type": "",
            "value": "",
          },
          "scrollLeft": 0,
          "scrollTop": 0,
          "selectionEnd": 0,
          "selectionStart": 0,
          "style": {
            "getPropertyValue": [Function anonymous],
            "removeProperty": [Function anonymous],
            "setProperty": [Function anonymous],
          },
          "tagName": "DIV",
          "type": "",
          "value": "",
        },
        "scrollLeft": 0,
        "scrollTop": 0,
        "selectionEnd": 0,
        "selectionStart": 0,
        "style": {
          "getPropertyValue": [Function anonymous],
          "removeProperty": [Function anonymous],
          "setProperty": [Function anonymous],
        },
        "tagName": "DIV",
        "type": "",
        "value": "",
      },
      "scrollLeft": 0,
      "scrollTop": 0,
      "selectionEnd": 0,
      "selectionStart": 0,
      "style": {
        "getPropertyValue": [Function anonymous],
        "removeProperty": [Function anonymous],
        "setProperty": [Function anonymous],
      },
      "tagName": "DIV",
      "type": "",
      "value": "",
    },
    "scrollLeft": 0,
    "scrollTop": 0,
    "selectionEnd": 0,
    "selectionStart": 0,
    "style": {
      "getPropertyValue": [Function anonymous],
      "removeProperty": [Function anonymous],
      "setProperty": [Function anonymous],
    },
    "tagName": "DIV",
    "type": "",
    "value": "",
  },
  "scrollLeft": 0,
  "scrollTop": 0,
  "selectionEnd": 0,
  "selectionStart": 0,
  "style": {
    "getPropertyValue": [Function anonymous],
    "removeProperty": [Function anonymous],
    "setProperty": [Function anonymous],
  },
  "tagName": "DIV",
  "type": "",
  "value": "",
}

 ❯ test/aiAutonomousRunSurface.test.ts:506:59
    504|     await flushAsync();
    505|     // 중단된 런도 목록은 남는다 — 어디까지 됐는지가 곧 중단의 결과다. 활동(중지 버튼·펄스)만 꺼진다.
    506|     expect(findByTestId(panel, "ai-work-plan-checklist")).toBeNull();
       |                                                           ^
    507|     expect(findByTestId(panel, "ai-run-stop")).toBeNull();
    508|   });

⎯⎯⎯⎯⎯⎯⎯⎯⎯⎯⎯⎯⎯⎯⎯⎯⎯⎯⎯⎯⎯⎯⎯⎯[5/6]⎯

 FAIL  test/aiAutonomousRunSurface.test.ts > 할 일 목록 표면 (작업 계획 체크리스트) > agentMode chat 에서도 할 일 목록은 뜨되 예산 없이 뜨고, 세션에 autonomous 플래그가 전달되지 않는다
AssertionError: expected <div role="group" …(1)>…(2)</div> to be null

[32m- Expected:[39m 
null

[31m+ Received:[39m 
FakeElement {
  "attrs": {
    "aria-label": "할 일 목록",
    "role": "group",
  },
  "checked": false,
  "childNodes": [
    FakeElement {
      "attrs": {},
      "checked": false,
      "childNodes": [
        FakeElement {
          "attrs": {},
          "checked": false,
          "childNodes": [
            FakeElement {
              "attrs": {},
              "checked": false,
              "childNodes": [],
              "classList": {
                "add": [Function add],
                "contains": [Function contains],
                "remove": [Function remove],
                "toggle": [Function toggle],
              },
              "className": "ai-run-status",
              "dataset": {
                "testid": "ai-run-status",
              },
              "disabled": false,
              "hidden": false,
              "inert": false,
              "innerHTML": "",
              "isContentEditable": false,
              "listeners": {},
              "max": "",
              "min": "",
              "ownText": "집 3채 중",
              "parentNode": [Circular],
              "scrollLeft": 0,
              "scrollTop": 0,
              "selectionEnd": 0,
              "selectionStart": 0,
              "style": {
                "getPropertyValue": [Function anonymous],
                "removeProperty": [Function anonymous],
                "setProperty": [Function anonymous],
              },
              "tagName": "SPAN",
              "type": "",
              "value": "",
            },
            FakeElement {
              "attrs": {
                "title": "완료한 항목 / 전체 항목",
              },
              "checked": false,
              "childNodes": [],
              "classList": {
                "add": [Function add],
                "contains": [Function contains],
                "remove": [Function remove],
                "toggle": [Function toggle],
              },
              "className": "ai-autonomous-progress",
              "dataset": {
                "testid": "ai-autonomous-progress",
              },
              "disabled": false,
              "hidden": false,
              "inert": false,
              "innerHTML": "",
              "isContentEditable": false,
              "listeners": {},
              "max": "",
              "min": "",
              "ownText": "1/4",
              "parentNode": [Circular],
              "scrollLeft": 0,
              "scrollTop": 0,
              "selectionEnd": 0,
              "selectionStart": 0,
              "style": {
                "getPropertyValue": [Function anonymous],
                "removeProperty": [Function anonymous],
                "setProperty": [Function anonymous],
              },
              "tagName": "SPAN",
              "type": "",
              "value": "",
            },
            FakeElement {
              "attrs": {
                "title": "작업 계획을 페이지로 엽니다",
                "type": "button",
              },
              "checked": false,
              "childNodes": [],
              "classList": {
                "add": [Function add],
                "contains": [Function contains],
                "remove": [Function remove],
                "toggle": [Function toggle],
              },
              "className": "ai-plan-book-open",
              "dataset": {
                "testid": "ai-plan-book-open",
              },
              "disabled": false,
              "hidden": false,
              "inert": false,
              "innerHTML": "",
              "isContentEditable": false,
              "listeners": {
                "click": [Array],
              },
              "max": "",
              "min": "",
              "ownText": "계획 보기",
              "parentNode": [Circular],
              "scrollLeft": 0,
              "scrollTop": 0,
              "selectionEnd": 0,
              "selectionStart": 0,
              "style": {
                "getPropertyValue": [Function anonymous],
                "removeProperty": [Function anonymous],
                "setProperty": [Function anonymous],
              },
              "tagName": "BUTTON",
              "type": "",
              "value": "",
            },
            FakeElement {
              "attrs": {
                "title": "진행 중인 작업을 중지합니다",
                "type": "button",
              },
              "checked": false,
              "childNodes": [],
              "classList": {
                "add": [Function add],
                "contains": [Function contains],
                "remove": [Function remove],
                "toggle": [Function toggle],
              },
              "className": "ai-run-stop",
              "dataset": {
                "testid": "ai-run-stop",
              },
              "disabled": false,
              "hidden": false,
              "inert": false,
              "innerHTML": "",
              "isContentEditable": false,
              "listeners": {
                "click": [Array],
              },
              "max": "",
              "min": "",
              "ownText": "중지",
              "parentNode": [Circular],
              "scrollLeft": 0,
              "scrollTop": 0,
              "selectionEnd": 0,
              "selectionStart": 0,
              "style": {
                "getPropertyValue": [Function anonymous],
                "removeProperty": [Function anonymous],
                "setProperty": [Function anonymous],
              },
              "tagName": "BUTTON",
              "type": "",
              "value": "",
            },
          ],
          "classList": {
            "add": [Function add],
            "contains": [Function contains],
            "remove": [Function remove],
            "toggle": [Function toggle],
          },
          "className": "ai-run-line",
          "dataset": {},
          "disabled": false,
          "hidden": false,
          "inert": false,
          "innerHTML": "",
          "isContentEditable": false,
          "listeners": {},
          "max": "",
          "min": "",
          "ownText": "",
          "parentNode": [Circular],
          "scrollLeft": 0,
          "scrollTop": 0,
          "selectionEnd": 0,
          "selectionStart": 0,
          "style": {
            "getPropertyValue": [Function anonymous],
            "removeProperty": [Function anonymous],
            "setProperty": [Function anonymous],
          },
          "tagName": "DIV",
          "type": "",
          "value": "",
        },
        FakeElement {
          "attrs": {},
          "checked": false,
          "childNodes": [],
          "classList": {
            "add": [Function add],
            "contains": [Function contains],
            "remove": [Function remove],
            "toggle": [Function toggle],
          },
          "className": "ai-autonomous-item-note",
          "dataset": {
            "testid": "ai-work-item-activity",
          },
          "disabled": false,
          "hidden": false,
          "inert": false,
          "innerHTML": "",
          "isContentEditable": false,
          "listeners": {},
          "max": "",
          "min": "",
          "ownText": "진행 중…",
          "parentNode": [Circular],
          "scrollLeft": 0,
          "scrollTop": 0,
          "selectionEnd": 0,
          "selectionStart": 0,
          "style": {
            "getPropertyValue": [Function anonymous],
            "removeProperty": [Function anonymous],
            "setProperty": [Function anonymous],
          },
          "tagName": "SPAN",
          "type": "",
          "value": "",
        },
        FakeElement {
          "attrs": {
            "aria-hidden": "true",
          },
          "checked": false,
          "childNodes": [
            FakeElement {
              "attrs": {},
              "checked": false,
              "childNodes": [],
              "classList": {
                "add": [Function add],
                "contains": [Function contains],
                "remove": [Function remove],
                "toggle": [Function toggle],
              },
              "className": "ai-run-progress-fill",
              "dataset": {},
              "disabled": false,
              "hidden": false,
              "inert": false,
              "innerHTML": "",
              "isContentEditable": false,
              "listeners": {},
              "max": "",
              "min": "",
              "ownText": "",
              "parentNode": [Circular],
              "scrollLeft": 0,
              "scrollTop": 0,
              "selectionEnd": 0,
              "selectionStart": 0,
              "style": {
                "getPropertyValue": [Function anonymous],
                "removeProperty": [Function anonymous],
                "setProperty": [Function anonymous],
                "width": "25%",
              },
              "tagName": "SPAN",
              "type": "",
              "value": "",
            },
          ],
          "classList": {
            "add": [Function add],
            "contains": [Function contains],
            "remove": [Function remove],
            "toggle": [Function toggle],
          },
          "className": "ai-run-progress",
          "dataset": {
            "testid": "ai-run-progress",
          },
          "disabled": false,
          "hidden": false,
          "inert": false,
          "innerHTML": "",
          "isContentEditable": false,
          "listeners": {},
          "max": "",
          "min": "",
          "ownText": "",
          "parentNode": [Circular],
          "scrollLeft": 0,
          "scrollTop": 0,
          "selectionEnd": 0,
          "selectionStart": 0,
          "style": {
            "getPropertyValue": [Function anonymous],
            "removeProperty": [Function anonymous],
            "setProperty": [Function anonymous],
          },
          "tagName": "DIV",
          "type": "",
          "value": "",
        },
      ],
      "classList": {
        "add": [Function add],
        "contains": [Function contains],
        "remove": [Function remove],
        "toggle": [Function toggle],
      },
      "className": "ai-run-whisper",
      "dataset": {
        "testid": "ai-run-whisper",
      },
      "disabled": false,
      "hidden": false,
      "inert": false,
      "innerHTML": "",
      "isContentEditable": false,
      "listeners": {},
      "max": "",
      "min": "",
      "ownText": "",
      "parentNode": [Circular],
      "scrollLeft": 0,
      "scrollTop": 0,
      "selectionEnd": 0,
      "selectionStart": 0,
      "style": {
        "getPropertyValue": [Function anonymous],
        "removeProperty": [Function anonymous],
        "setProperty": [Function anonymous],
      },
      "tagName": "DIV",
      "type": "",
      "value": "",
    },
    FakeElement {
      "attrs": {},
      "checked": false,
      "childNodes": [
        FakeElement {
          "attrs": {},
          "checked": false,
          "childNodes": [],
          "classList": {
            "add": [Function add],
            "contains": [Function contains],
            "remove": [Function remove],
            "toggle": [Function toggle],
          },
          "className": "ai-run-details-toggle",
          "dataset": {
            "testid": "ai-run-details-toggle",
          },
          "disabled": false,
          "hidden": false,
          "inert": false,
          "innerHTML": "",
          "isContentEditable": false,
          "listeners": {},
          "max": "",
          "min": "",
          "ownText": "자세히",
          "parentNode": [Circular],
          "scrollLeft": 0,
          "scrollTop": 0,
          "selectionEnd": 0,
          "selectionStart": 0,
          "style": {
            "getPropertyValue": [Function anonymous],
            "removeProperty": [Function anonymous],
            "setProperty": [Function anonymous],
          },
          "tagName": "SUMMARY",
          "type": "",
          "value": "",
        },
        FakeElement {
          "attrs": {},
          "checked": false,
          "childNodes": [
            FakeElement {
              "attrs": {},
              "checked": false,
              "childNodes": [],
              "classList": {
                "add": [Function add],
                "contains": [Function contains],
                "remove": [Function remove],
                "toggle": [Function toggle],
              },
              "className": "ai-autonomous-chip",
              "dataset": {
                "testid": "ai-autonomous-chip",
              },
              "disabled": false,
              "hidden": false,
              "inert": false,
              "innerHTML": "",
              "isContentEditable": false,
              "listeners": {},
              "max": "",
              "min": "",
              "ownText": "할 일 목록",
              "parentNode": [Circular],
              "scrollLeft": 0,
              "scrollTop": 0,
              "selectionEnd": 0,
              "selectionStart": 0,
              "style": {
                "getPropertyValue": [Function anonymous],
                "removeProperty": [Function anonymous],
                "setProperty": [Function anonymous],
              },
              "tagName": "SPAN",
              "type": "",
              "value": "",
            },
          ],
          "classList": {
            "add": [Function add],
            "contains": [Function contains],
            "remove": [Function remove],
            "toggle": [Function toggle],
          },
          "className": "ai-autonomous-head",
          "dataset": {},
          "disabled": false,
          "hidden": false,
          "inert": false,
          "innerHTML": "",
          "isContentEditable": false,
          "listeners": {},
          "max": "",
          "min": "",
          "ownText": "",
          "parentNode": [Circular],
          "scrollLeft": 0,
          "scrollTop": 0,
          "selectionEnd": 0,
          "selectionStart": 0,
          "style": {
            "getPropertyValue": [Function anonymous],
            "removeProperty": [Function anonymous],
            "setProperty": [Function anonymous],
          },
          "tagName": "DIV",
          "type": "",
          "value": "",
        },
        FakeElement {
          "attrs": {},
          "checked": false,
          "childNodes": [],
          "classList": {
            "add": [Function add],
            "contains": [Function contains],
            "remove": [Function remove],
            "toggle": [Function toggle],
          },
          "className": "ai-autonomous-goal",
          "dataset": {
            "testid": "ai-autonomous-goal",
          },
          "disabled": false,
          "hidden": false,
          "inert": false,
          "innerHTML": "",
          "isContentEditable": false,
          "listeners": {},
          "max": "",
          "min": "",
          "ownText": "RPG 만들어줘",
          "parentNode": [Circular],
          "scrollLeft": 0,
          "scrollTop": 0,
          "selectionEnd": 0,
          "selectionStart": 0,
          "style": {
            "getPropertyValue": [Function anonymous],
            "removeProperty": [Function anonymous],
            "setProperty": [Function anonymous],
          },
          "tagName": "DIV",
          "type": "",
          "value": "",
        },
        FakeElement {
          "attrs": {},
          "checked": false,
          "childNodes": [],
          "classList": {
            "add": [Function add],
            "contains": [Function contains],
            "remove": [Function remove],
            "toggle": [Function toggle],
          },
          "className": "ai-autonomous-feed",
          "dataset": {
            "testid": "ai-autonomous-feed",
          },
          "disabled": false,
          "hidden": false,
          "inert": false,
          "innerHTML": "",
          "isContentEditable": false,
          "listeners": {},
          "max": "",
          "min": "",
          "ownText": "",
          "parentNode": [Circular],
          "scrollLeft": 0,
          "scrollTop": 0,
          "selectionEnd": 0,
          "selectionStart": 0,
          "style": {
            "getPropertyValue": [Function anonymous],
            "removeProperty": [Function anonymous],
            "setProperty": [Function anonymous],
          },
          "tagName": "DIV",
          "type": "",
          "value": "",
        },
      ],
      "classList": {
        "add": [Function add],
        "contains": [Function contains],
        "remove": [Function remove],
        "toggle": [Function toggle],
      },
      "className": "ai-run-details",
      "dataset": {
        "testid": "ai-run-details",
      },
      "disabled": false,
      "hidden": false,
      "inert": false,
      "innerHTML": "",
      "isContentEditable": false,
      "listeners": {},
      "max": "",
      "min": "",
      "ownText": "",
      "parentNode": [Circular],
      "scrollLeft": 0,
      "scrollTop": 0,
      "selectionEnd": 0,
      "selectionStart": 0,
      "style": {
        "getPropertyValue": [Function anonymous],
        "removeProperty": [Function anonymous],
        "setProperty": [Function anonymous],
      },
      "tagName": "DETAILS",
      "type": "",
      "value": "",
    },
  ],
  "classList": {
    "add": [Function add],
    "contains": [Function contains],
    "remove": [Function remove],
    "toggle": [Function toggle],
  },
  "className": "ai-autonomous-checklist",
  "dataset": {
    "active": "true",
    "blocked": "false",
    "complete": "false",
    "testid": "ai-work-plan-checklist",
  },
  "disabled": false,
  "hidden": false,
  "inert": false,
  "innerHTML": "",
  "isContentEditable": false,
  "listeners": {},
  "max": "",
  "min": "",
  "ownText": "",
  "parentNode": FakeElement {
    "attrs": {},
    "checked": false,
    "childNodes": [
      [Circular],
    ],
    "classList": {
      "add": [Function add],
      "contains": [Function contains],
      "remove": [Function remove],
      "toggle": [Function toggle],
    },
    "className": "ai-autonomous-run-surface",
    "dataset": {
      "testid": "ai-autonomous-run-surface",
    },
    "disabled": false,
    "hidden": false,
    "inert": false,
    "innerHTML": "",
    "isContentEditable": false,
    "listeners": {},
    "max": "",
    "min": "",
    "ownText": "",
    "parentNode": FakeElement {
      "attrs": {},
      "checked": false,
      "childNodes": [
        [Circular],
        FakeElement {
          "attrs": {},
          "checked": false,
          "childNodes": [
            FakeElement {
              "attrs": {
                "aria-label": "조수 대화",
                "role": "region",
                "tabindex": "0",
              },
              "checked": false,
              "childNodes": [
                [FakeElement],
                [FakeElement],
                [FakeElement],
              ],
              "classList": {
                "add": [Function add],
                "contains": [Function contains],
                "remove": [Function remove],
                "toggle": [Function toggle],
              },
              "className": "ai-chat-log",
              "dataset": {
                "editorNavigationOwner": "true",
                "testid": "ai-chat-log",
              },
              "disabled": false,
              "hidden": false,
              "inert": false,
              "innerHTML": "",
              "isContentEditable": false,
              "listeners": {},
              "max": "",
              "min": "",
              "ownText": "",
              "parentNode": [Circular],
              "scrollLeft": 0,
              "scrollTop": undefined,
              "selectionEnd": 0,
              "selectionStart": 0,
              "style": {
                "getPropertyValue": [Function anonymous],
                "removeProperty": [Function anonymous],
                "setProperty": [Function anonymous],
              },
              "tagName": "DIV",
              "type": "",
              "value": "",
            },
          ],
          "classList": {
            "add": [Function add],
            "contains": [Function contains],
            "remove": [Function remove],
            "toggle": [Function toggle],
          },
          "className": "ai-glass-log",
          "dataset": {
            "testid": "ai-glass-log",
          },
          "disabled": false,
          "hidden": false,
          "inert": false,
          "innerHTML": "",
          "isContentEditable": false,
          "listeners": {},
          "max": "",
          "min": "",
          "ownText": "",
          "parentNode": [Circular],
          "scrollLeft": 0,
          "scrollTop": 0,
          "selectionEnd": 0,
          "selectionStart": 0,
          "style": {
            "getPropertyValue": [Function anonymous],
            "removeProperty": [Function anonymous],
            "setProperty": [Function anonymous],
          },
          "tagName": "DIV",
          "type": "",
          "value": "",
        },
        FakeElement {
          "attrs": {},
          "checked": false,
          "childNodes": [],
          "classList": {
            "add": [Function add],
            "contains": [Function contains],
            "remove": [Function remove],
            "toggle": [Function toggle],
          },
          "className": "ai-history-log-mount",
          "dataset": {},
          "disabled": false,
          "hidden": false,
          "inert": false,
          "innerHTML": "",
          "isContentEditable": false,
          "listeners": {},
          "max": "",
          "min": "",
          "ownText": "",
          "parentNode": [Circular],
          "scrollLeft": 0,
          "scrollTop": 0,
          "selectionEnd": 0,
          "selectionStart": 0,
          "style": {
            "getPropertyValue": [Function anonymous],
            "removeProperty": [Function anonymous],
            "setProperty": [Function anonymous],
          },
          "tagName": "DIV",
          "type": "",
          "value": "",
        },
      ],
      "classList": {
        "add": [Function add],
        "contains": [Function contains],
        "remove": [Function remove],
        "toggle": [Function toggle],
      },
      "className": "ai-chat-main",
      "dataset": {},
      "disabled": false,
      "hidden": false,
      "inert": false,
      "innerHTML": "",
      "isContentEditable": false,
      "listeners": {},
      "max": "",
      "min": "",
      "ownText": "",
      "parentNode": FakeElement {
        "attrs": {},
        "checked": false,
        "childNodes": [
          [Circular],
        ],
        "classList": {
          "add": [Function add],
          "contains": [Function contains],
          "remove": [Function remove],
          "toggle": [Function toggle],
        },
        "className": "ai-chat-body",
        "dataset": {
          "testid": "ai-chat-body",
        },
        "disabled": false,
        "hidden": false,
        "inert": false,
        "innerHTML": "",
        "isContentEditable": false,
        "listeners": {
          "wheel": [
            [Function anonymous],
          ],
        },
        "max": "",
        "min": "",
        "ownText": "",
        "parentNode": FakeElement {
          "attrs": {},
          "checked": false,
          "childNodes": [
            FakeElement {
              "attrs": {},
              "checked": false,
              "childNodes": [
                [FakeElement],
                [FakeElement],
                [FakeElement],
                [FakeElement],
                [FakeElement],
                [FakeElement],
                [FakeElement],
              ],
              "classList": {
                "add": [Function add],
                "contains": [Function contains],
                "remove": [Function remove],
                "toggle": [Function toggle],
              },
              "className": "ai-deck-rail",
              "dataset": {
                "aiState": "idle",
                "testid": "ai-deck-rail",
              },
              "disabled": false,
              "hidden": false,
              "inert": false,
              "innerHTML": "",
              "isContentEditable": false,
              "listeners": {},
              "max": "",
              "min": "",
              "ownText": "",
              "parentNode": [Circular],
              "scrollLeft": 0,
              "scrollTop": 0,
              "selectionEnd": 0,
              "selectionStart": 0,
              "style": {
                "getPropertyValue": [Function anonymous],
                "removeProperty": [Function anonymous],
                "setProperty": [Function anonymous],
              },
              "tagName": "DIV",
              "type": "",
              "value": "",
            },
            [Circular],
            FakeElement {
              "attrs": {},
              "checked": false,
              "childNodes": [],
              "classList": {
                "add": [Function add],
                "contains": [Function contains],
                "remove": [Function remove],
                "toggle": [Function toggle],
              },
              "className": "",
              "dataset": {},
              "disabled": false,
              "hidden": false,
              "inert": false,
              "innerHTML": "",
              "isContentEditable": false,
              "listeners": {},
              "max": "",
              "min": "",
              "ownText": "",
              "parentNode": [Circular],
              "scrollLeft": 0,
              "scrollTop": 0,
              "selectionEnd": 0,
              "selectionStart": 0,
              "style": {
                "getPropertyValue": [Function anonymous],
                "removeProperty": [Function anonymous],
                "setProperty": [Function anonymous],
              },
              "tagName": "DIV",
              "type": "",
              "value": "",
            },
            FakeElement {
              "attrs": {},
              "checked": false,
              "childNodes": [
                [FakeElement],
                [FakeElement],
                [FakeElement],
                [FakeElement],
                [FakeElement],
              ],
              "classList": {
                "add": [Function add],
                "contains": [Function contains],
                "remove": [Function remove],
                "toggle": [Function toggle],
              },
              "className": "ai-command-bar",
              "dataset": {
                "testid": "ai-command-bar",
              },
              "disabled": false,
              "hidden": false,
              "inert": false,
              "innerHTML": "",
              "isContentEditable": false,
              "listeners": {
                "focusin": [Array],
                "focusout": [Array],
              },
              "max": "",
              "min": "",
              "ownText": "",
              "parentNode": [Circular],
              "scrollLeft": 0,
              "scrollTop": 0,
              "selectionEnd": 0,
              "selectionStart": 0,
              "style": {
                "getPropertyValue": [Function anonymous],
                "removeProperty": [Function anonymous],
                "setProperty": [Function anonymous],
              },
              "tagName": "DIV",
              "type": "",
              "value": "",
            },
            FakeElement {
              "attrs": {
                "aria-label": "조수 입력줄 폭 조절",
                "aria-orientation": "vertical",
                "aria-valuemax": "NaN",
                "aria-valuemin": "280",
                "aria-valuenow": "280",
                "role": "separator",
                "tabindex": "0",
                "title": "드래그하거나 방향키로 조수 폭 조절",
              },
              "checked": false,
              "childNodes": [],
              "classList": {
                "add": [Function add],
                "contains": [Function contains],
                "remove": [Function remove],
                "toggle": [Function toggle],
              },
              "className": "ai-chat-resize-handle is-edge-start",
              "dataset": {
                "testid": "ai-resize-handle",
              },
              "disabled": false,
              "hidden": false,
              "inert": false,
              "innerHTML": "",
              "isContentEditable": false,
              "listeners": {
                "keydown": [Array],
                "pointerdown": [Array],
              },
              "max": "",
              "min": "",
              "ownText": "",
              "parentNode": [Circular],
              "scrollLeft": 0,
              "scrollTop": 0,
              "selectionEnd": 0,
              "selectionStart": 0,
              "style": {
                "getPropertyValue": [Function anonymous],
                "removeProperty": [Function anonymous],
                "setProperty": [Function anonymous],
              },
              "tagName": "DIV",
              "type": "",
              "value": "",
            },
          ],
          "classList": {
            "add": [Function add],
            "contains": [Function contains],
            "remove": [Function remove],
            "toggle": [Function toggle],
          },
          "className": "ai-deck",
          "dataset": {
            "testid": "ai-deck",
          },
          "disabled": false,
          "hidden": false,
          "inert": false,
          "innerHTML": "",
          "isContentEditable": false,
          "listeners": {},
          "max": "",
          "min": "",
          "ownText": "",
          "parentNode": FakeElement {
            "attrs": {
              "aria-label": "조수",
            },
            "checked": false,
            "childNodes": [
              FakeElement {
                "attrs": [Object],
                "checked": false,
                "childNodes": [Array],
                "classList": [Object],
                "className": "ai-chat-toolbar is-empty",
                "dataset": [Object],
                "disabled": false,
                "hidden": false,
                "inert": true,
                "innerHTML": "",
                "isContentEditable": false,
                "listeners": [Object],
                "max": "",
                "min": "",
                "ownText": "",
                "parentNode": [Circular],
                "scrollLeft": 0,
                "scrollTop": 0,
                "selectionEnd": 0,
                "selectionStart": 0,
                "style": [Object],
                "tagName": "DIV",
                "type": "",
                "value": "",
              },
              [Circular],
              FakeElement {
                "attrs": [Object],
                "checked": false,
                "childNodes": [Array],
                "classList": [Object],
                "className": "ai-collapsed-restore",
                "dataset": [Object],
                "disabled": false,
                "hidden": false,
                "inert": false,
                "innerHTML": "",
                "isContentEditable": false,
                "listeners": [Object],
                "max": "",
                "min": "",
                "ownText": "",
                "parentNode": [Circular],
                "scrollLeft": 0,
                "scrollTop": 0,
                "selectionEnd": 0,
                "selectionStart": 0,
                "style": [Object],
                "tagName": "BUTTON",
                "type": "",
                "value": "",
              },
              FakeElement {
                "attrs": [Object],
                "checked": false,
                "childNodes": [Array],
                "classList": [Object],
                "className": "ai-collapsed-undo",
                "dataset": [Object],
                "disabled": false,
                "hidden": true,
                "inert": false,
                "innerHTML": "",
                "isContentEditable": false,
                "listeners": [Object],
                "max": "",
                "min": "",
                "ownText": "",
                "parentNode": [Circular],
                "scrollLeft": 0,
                "scrollTop": 0,
                "selectionEnd": 0,
                "selectionStart": 0,
                "style": [Object],
                "tagName": "BUTTON",
                "type": "",
                "value": "",
              },
              FakeElement {
                "attrs": [Object],
                "checked": false,
                "childNodes": [Array],
                "classList": [Object],
                "className": "ai-rising-sticky-zone",
                "dataset": [Object],
                "disabled": false,
                "hidden": false,
                "inert": false,
                "innerHTML": "",
                "isContentEditable": false,
                "listeners": [Object],
                "max": "",
                "min": "",
                "ownText": "",
                "parentNode": [Circular],
                "scrollLeft": 0,
                "scrollTop": 0,
                "selectionEnd": 0,
                "selectionStart": 0,
                "style": [Object],
                "tagName": "DIV",
                "type": "",
                "value": "",
              },
            ],
            "classList": {
              "add": [Function add],
              "contains": [Function contains],
              "remove": [Function remove],
              "toggle": [Function toggle],
            },
            "className": "ai-chat-panel is-assistant-log-open is-autonomous-run",
            "dataset": {
              "aiConversation": "active",
              "aiFontSize": "normal",
              "aiState": "idle",
              "chatDock": "float",
              "logSlot": "glass",
              "temperature": "quiet-gold",
              "testid": "ai-panel",
              "uiDensity": "shared",
            },
            "disabled": false,
            "hidden": false,
            "inert": false,
            "innerHTML": "",
            "isContentEditable": false,
            "listeners": {},
            "max": "",
            "min": "",
            "ownText": "",
            "parentNode": null,
            "scrollLeft": 0,
            "scrollTop": 0,
            "selectionEnd": 0,
            "selectionStart": 0,
            "style": {
              "--ai-background-opacity": "82%",
              "--ai-font-scale": "1",
              "getPropertyValue": [Function anonymous],
              "height": "",
              "maxHeight": "",
              "maxWidth": "",
              "removeProperty": [Function anonymous],
              "setProperty": [Function anonymous],
              "width": "",
            },
            "tagName": "ASIDE",
            "type": "",
            "value": "",
          },
          "scrollLeft": 0,
          "scrollTop": 0,
          "selectionEnd": 0,
          "selectionStart": 0,
          "style": {
            "getPropertyValue": [Function anonymous],
            "removeProperty": [Function anonymous],
            "setProperty": [Function anonymous],
          },
          "tagName": "DIV",
          "type": "",
          "value": "",
        },
        "scrollLeft": 0,
        "scrollTop": 0,
        "selectionEnd": 0,
        "selectionStart": 0,
        "style": {
          "getPropertyValue": [Function anonymous],
          "removeProperty": [Function anonymous],
          "setProperty": [Function anonymous],
        },
        "tagName": "DIV",
        "type": "",
        "value": "",
      },
      "scrollLeft": 0,
      "scrollTop": 0,
      "selectionEnd": 0,
      "selectionStart": 0,
      "style": {
        "getPropertyValue": [Function anonymous],
        "removeProperty": [Function anonymous],
        "setProperty": [Function anonymous],
      },
      "tagName": "DIV",
      "type": "",
      "value": "",
    },
    "scrollLeft": 0,
    "scrollTop": 0,
    "selectionEnd": 0,
    "selectionStart": 0,
    "style": {
      "getPropertyValue": [Function anonymous],
      "removeProperty": [Function anonymous],
      "setProperty": [Function anonymous],
    },
    "tagName": "DIV",
    "type": "",
    "value": "",
  },
  "scrollLeft": 0,
  "scrollTop": 0,
  "selectionEnd": 0,
  "selectionStart": 0,
  "style": {
    "getPropertyValue": [Function anonymous],
    "removeProperty": [Function anonymous],
    "setProperty": [Function anonymous],
  },
  "tagName": "DIV",
  "type": "",
  "value": "",
}

 ❯ test/aiAutonomousRunSurface.test.ts:546:59
    544|     assistantMock.releaseHeldTurn();
    545|     await sending;
    546|     expect(findByTestId(panel, "ai-work-plan-checklist")).toBeNull();
       |                                                           ^
    547|   });
    548| });

⎯⎯⎯⎯⎯⎯⎯⎯⎯⎯⎯⎯⎯⎯⎯⎯⎯⎯⎯⎯⎯⎯⎯⎯[6/6]⎯


 Test Files  1 failed | 4 passed (5)
      Tests  6 failed | 126 passed (132)
   Start at  05:13:02
   Duration  154.31s (transform 69.55s, setup 0ms, collect 113.56s, tests 32.52s, environment 1.99s, prepare 1.15s)

