name,category,source_page,download_url,filename,local_path,width,height,sha256,status,notes,bytes,http_status,archive_member,headings
set-mansion-in.png,tileset,https://yms.main.jp/dotartworld/page2/tile-mansion02.html,https://yms.main.jp/dotartworld/sozai/tileset/pack/set-mansion-in.zip,set-mansion-in.png,/home/main/.local/share/oprn/pixel-art-world-downloads/archive-images/set-mansion-in/set-mansion-in.png,1440,1760,e1d01b870f2946ef0076f3c4908d5df013b4e9ebed785dbf4404ef94f37284d8,extracted_verified,개인 로컬 수집; 소재 재배포 금지; 공개 작품에 Pixel Art World/ドット絵世界 크레딧. 조건: https://yms.main.jp/dotartworld/page1/rule.html; ZIP 중앙목록 및 전체 CRC 확인.; ZIP 내부 PNG만 별도 추출/전체 디코딩 확인. 아카이브 멤버 경로: set-mansion-in.png,96339,200,set-mansion-in.png,屋敷内装
SA-GroundG01.png,autotile,https://yms.main.jp/dotartworld/page3/autotiles01.html,https://yms.main.jp/dotartworld/sozai/autotile2/autotile-old.zip,SA-GroundG01.png,/home/main/.local/share/oprn/pixel-art-world-downloads/archive-images/autotile-old/autotile/autotile2/SA-GroundG01.png,96,128,b3391e95c4e2dc81f5f08514f8b407727fa3f80bf021974730028c411d6a8c45,extracted_verified,개인 로컬 수집; 소재 재배포 금지; 공개 작품에 Pixel Art World/ドット絵世界 크레딧. 조건: https://yms.main.jp/dotartworld/page1/rule.html; ZIP 중앙목록 및 전체 CRC 확인.; ZIP 내부 PNG만 별도 추출/전체 디코딩 확인. 아카이브 멤버 경로: autotile/autotile2/SA-GroundG01.png,966,200,autotile/autotile2/SA-GroundG01.png,オートタイル1（屋外用）
SA-GroundG02.png,autotile,https://yms.main.jp/dotartworld/page3/autotiles01.html,https://yms.main.jp/dotartworld/sozai/autotile2/autotile-old.zip,SA-GroundG02.png,/home/main/.local/share/oprn/pixel-art-world-downloads/archive-images/autotile-old/autotile/autotile2/SA-GroundG02.png,96,128,f498e1e462768f7a033c846852f88bbe97947d045585dfeb8cd26fc7b9c911a2,extracted_verified,개인 로컬 수집; 소재 재배포 금지; 공개 작품에 Pixel Art World/ドット絵世界 크레딧. 조건: https://yms.main.jp/dotartworld/page1/rule.html; ZIP 중앙목록 및 전체 CRC 확인.; ZIP 내부 PNG만 별도 추출/전체 디코딩 확인. 아카이브 멤버 경로: autotile/autotile2/SA-GroundG02.png,5382,200,autotile/autotile2/SA-GroundG02.png,オートタイル1（屋外用）
SA-GroundG03.png,autotile,https://yms.main.jp/dotartworld/page3/autotiles01.html,https://yms.main.jp/dotartworld/sozai/autotile2/autotile-old.zip,SA-GroundG03.png,/home/main/.local/share/oprn/pixel-art-world-downloads/archive-images/autotile-old/autotile/autotile2/SA-GroundG03.png,96,128,a203f079c921096fcd32f11362bbd2e3655a4c5593c6c29fe473875d31017736,extracted_verified,개인 로컬 수집; 소재 재배포 금지; 공개 작품에 Pixel Art World/ドット絵世界 크레딧. 조건: https://yms.main.jp/dotartworld/page1/rule.html; ZIP 중앙목록 및 전체 CRC 확인.; ZIP 내부 PNG만 별도 추출/전체 디코딩 확인. 아카이브 멤버 경로: autotile/autotile2/SA-GroundG03.png,3826,200,autotile/autotile2/SA-GroundG03.png,オートタイル1（屋外用）
SA-GroundG04.png,autotile,https://yms.main.jp/dotartworld/page3/autotiles01.html,https://yms.main.jp/dotartworld/sozai/autotile2/autotile-old.zip,SA-GroundG04.png,/home/main/.local/share/oprn/pixel-art-world-downloads/archive-images/autotile-old/autotile/autotile2/SA-GroundG04.png,96,128,a46f40cf4b95631903da122862e75483e0b178597f5531f9a874c7ed4bfe0820,extracted_verified,개인 로컬 수집; 소재 재배포 금지; 공개 작품에 Pixel Art World/ドット絵世界 크레딧. 조건: https://yms.main.jp/dotartworld/page1/rule.html; ZIP 중앙목록 및 전체 CRC 확인.; ZIP 내부 PNG만 별도 추출/전체 디코딩 확인. 아카이브 멤버 경로: autotile/autotile2/SA-GroundG04.png,3618,200,autotile/autotile2/SA-GroundG04.png,オートタイル1（屋外用）
SA-GroundG05.png,autotile,https://yms.main.jp/dotartworld/page3/autotiles01.html,https://yms.main.jp/dotartworld/sozai/autotile2/autotile-old.zip,SA-GroundG05.png,/home/main/.local/share/oprn/pixel-art-world-downloads/archive-images/autotile-old/autotile/autotile2/SA-GroundG05.png,96,128,de4b193908be878d3814f433918e070190089b36dcc768cce03e00679203f37c,extracted_verified,개인 로컬 수집; 소재 재배포 금지; 공개 작품에 Pixel Art World/ドット絵世界 크레딧. 조건: https://yms.main.jp/dotartworld/page1/rule.html; ZIP 중앙목록 및 전체 CRC 확인.; ZIP 내부 PNG만 별도 추출/전체 디코딩 확인. 아카이브 멤버 경로: autotile/autotile2/SA-GroundG05.png,3372,200,autotile/autotile2/SA-GroundG05.png,オートタイル1（屋外用）
WSA-GroundG01.png,autotile,https://yms.main.jp/dotartworld/page3/autotiles01.html,https://yms.main.jp/dotartworld/sozai/autotile2/autotile-old.zip,WSA-GroundG01.png,/home/main/.local/share/oprn/pixel-art-world-downloads/archive-images/autotile-old/autotile/autotile2/WSA-GroundG01.png,32,160,9ffe256dd12876f36a16052ba3d2cce1150da13097acac83f9196d15abb3e167,extracted_verified,개인 로컬 수집; 소재 재배포 금지; 공개 작품에 Pixel Art World/ドット絵世界 크레딧. 조건: https://yms.main.jp/dotartworld/page1/rule.html; ZIP 중앙목록 및 전체 CRC 확인.; ZIP 내부 PNG만 별도 추출/전체 디코딩 확인. 아카이브 멤버 경로: autotile/autotile2/WSA-GroundG01.png,1415,200,autotile/autotile2/WSA-GroundG01.png,オートタイル1（屋外用）
WSA-GroundG02.png,autotile,https://yms.main.jp/dotartworld/page3/autotiles01.html,https://yms.main.jp/dotartworld/sozai/autotile2/autotile-old.zip,WSA-GroundG02.png,/home/main/.local/share/oprn/pixel-art-world-downloads/archive-images/autotile-old/autotile/autotile2/WSA-GroundG02.png,32,160,aab31b8b861685bac9325b0b2a8a42d6a928d232a7128c2ec56bfaa749b68ba7,extracted_verified,개인 로컬 수집; 소재 재배포 금지; 공개 작품에 Pixel Art World/ドット絵世界 크레딧. 조건: https://yms.main.jp/dotartworld/page1/rule.html; ZIP 중앙목록 및 전체 CRC 확인.; ZIP 내부 PNG만 별도 추출/전체 디코딩 확인. 아카이브 멤버 경로: autotile/autotile2/WSA-GroundG02.png,5126,200,autotile/autotile2/WSA-GroundG02.png,オートタイル1（屋外用）
WSA-GroundG03.png,autotile,https://yms.main.jp/dotartworld/page3/autotiles01.html,https://yms.main.jp/dotartworld/sozai/autotile2/autotile-old.zip,WSA-GroundG03.png,/home/main/.local/share/oprn/pixel-art-world-downloads/archive-images/autotile-old/autotile/autotile2/WSA-GroundG03.png,32,160,e5ad00804ba668b66872e231de05fb9101b5d45c827558711e507410bd57fe9a,extracted_verified,개인 로컬 수집; 소재 재배포 금지; 공개 작품에 Pixel Art World/ドット絵世界 크레딧. 조건: https://yms.main.jp/dotartworld/page1/rule.html; ZIP 중앙목록 및 전체 CRC 확인.; ZIP 내부 PNG만 별도 추출/전체 디코딩 확인. 아카이브 멤버 경로: autotile/autotile2/WSA-GroundG03.png,4166,200,autotile/autotile2/WSA-GroundG03.png,オートタイル1（屋外用）
WSA-GroundG04.png,autotile,https://yms.main.jp/dotartworld/page3/autotiles01.html,https://yms.main.jp/dotartworld/sozai/autotile2/autotile-old.zip,WSA-GroundG04.png,/home/main/.local/share/oprn/pixel-art-world-downloads/archive-images/autotile-old/autotile/autotile2/WSA-GroundG04.png,32,160,590f0b3c8c36d3d046340227b785fdd918cf13497261dfab2467543ba4815a47,extracted_verified,개인 로컬 수집; 소재 재배포 금지; 공개 작품에 Pixel Art World/ドット絵世界 크레딧. 조건: https://yms.main.jp/dotartworld/page1/rule.html; ZIP 중앙목록 및 전체 CRC 확인.; ZIP 내부 PNG만 별도 추출/전체 디코딩 확인. 아카이브 멤버 경로: autotile/autotile2/WSA-GroundG04.png,3947,200,autotile/autotile2/WSA-GroundG04.png,オートタイル1（屋外用）
WSA-GroundG05.png,autotile,https://yms.main.jp/dotartworld/page3/autotiles01.html,https://yms.main.jp/dotartworld/sozai/autotile2/autotile-old.zip,WSA-GroundG05.png,/home/main/.local/share/oprn/pixel-art-world-downloads/archive-images/autotile-old/autotile/autotile2/WSA-GroundG05.png,32,160,d20657f14531d73113f399be272f25cd26f653b84b8700deb3a8936262d8d11f,extracted_verified,개인 로컬 수집; 소재 재배포 금지; 공개 작품에 Pixel Art World/ドット絵世界 크레딧. 조건: https://yms.main.jp/dotartworld/page1/rule.html; ZIP 중앙목록 및 전체 CRC 확인.; ZIP 내부 PNG만 별도 추출/전체 디코딩 확인. 아카이브 멤버 경로: autotile/autotile2/WSA-GroundG05.png,3607,200,autotile/autotile2/WSA-GroundG05.png,オートタイル1（屋外用）
SA-BorderG01.png,autotile,https://yms.main.jp/dotartworld/page3/autotiles01.html,https://yms.main.jp/dotartworld/sozai/autotile2/autotile-old.zip,SA-BorderG01.png,/home/main/.local/share/oprn/pixel-art-world-downloads/archive-images/autotile-old/autotile/SA-BorderG01.png,96,128,f3755cd0c2b6b02a9c162222585b6b3bcceb44f6195a997122b755459fe3da59,extracted_verified,개인 로컬 수집; 소재 재배포 금지; 공개 작품에 Pixel Art World/ドット絵世界 크레딧. 조건: https://yms.main.jp/dotartworld/page1/rule.html; ZIP 중앙목록 및 전체 CRC 확인.; ZIP 내부 PNG만 별도 추출/전체 디코딩 확인. 아카이브 멤버 경로: autotile/SA-BorderG01.png,1383,200,autotile/SA-BorderG01.png,オートタイル1（屋外用）
SA-BorderG02.png,autotile,https://yms.main.jp/dotartworld/page3/autotiles01.html,https://yms.main.jp/dotartworld/sozai/autotile2/autotile-old.zip,SA-BorderG02.png,/home/main/.local/share/oprn/pixel-art-world-downloads/archive-images/autotile-old/autotile/SA-BorderG02.png,96,128,1253705a8d7808bb190c277516f408d6009338b9f846b8ceffb2f1ec7d29d790,extracted_verified,개인 로컬 수집; 소재 재배포 금지; 공개 작품에 Pixel Art World/ドット絵世界 크레딧. 조건: https://yms.main.jp/dotartworld/page1/rule.html; ZIP 중앙목록 및 전체 CRC 확인.; ZIP 내부 PNG만 별도 추출/전체 디코딩 확인. 아카이브 멤버 경로: autotile/SA-BorderG02.png,2007,200,autotile/SA-BorderG02.png,オートタイル1（屋外用）
SA-BorderG03.png,autotile,https://yms.main.jp/dotartworld/page3/autotiles01.html,https://yms.main.jp/dotartworld/sozai/autotile2/autotile-old.zip,SA-BorderG03.png,/home/main/.local/share/oprn/pixel-art-world-downloads/archive-images/autotile-old/autotile/SA-BorderG03.png,96,128,78e9cebda478435e89f0bd8d94beaaf56e426e1f68ccb948edb910eb3362daab,extracted_verified,개인 로컬 수집; 소재 재배포 금지; 공개 작품에 Pixel Art World/ドット絵世界 크레딧. 조건: https://yms.main.jp/dotartworld/page1/rule.html; ZIP 중앙목록 및 전체 CRC 확인.; ZIP 내부 PNG만 별도 추출/전체 디코딩 확인. 아카이브 멤버 경로: autotile/SA-BorderG03.png,1293,200,autotile/SA-BorderG03.png,オートタイル1（屋外用）
SA-BorderG04.png,autotile,https://yms.main.jp/dotartworld/page3/autotiles01.html,https://yms.main.jp/dotartworld/sozai/autotile2/autotile-old.zip,SA-BorderG04.png,/home/main/.local/share/oprn/pixel-art-world-downloads/archive-images/autotile-old/autotile/SA-BorderG04.png,96,128,83b7481d8ec647716357da0227fa13a69dd68ab0bff88130af11dc5afcf91a54,extracted_verified,개인 로컬 수집; 소재 재배포 금지; 공개 작품에 Pixel Art World/ドット絵世界 크레딧. 조건: https://yms.main.jp/dotartworld/page1/rule.html; ZIP 중앙목록 및 전체 CRC 확인.; ZIP 내부 PNG만 별도 추출/전체 디코딩 확인. 아카이브 멤버 경로: autotile/SA-BorderG04.png,2377,200,autotile/SA-BorderG04.png,オートタイル1（屋外用）
SA-BorderG05.png,autotile,https://yms.main.jp/dotartworld/page3/autotiles01.html,https://yms.main.jp/dotartworld/sozai/autotile2/autotile-old.zip,SA-BorderG05.png,/home/main/.local/share/oprn/pixel-art-world-downloads/archive-images/autotile-old/autotile/SA-BorderG05.png,96,128,98f35c4a17f49124b746f98cd0b2c56c6e9860795c1dbacfdcfae1093f383c6c,extracted_verified,개인 로컬 수집; 소재 재배포 금지; 공개 작품에 Pixel Art World/ドット絵世界 크레딧. 조건: https://yms.main.jp/dotartworld/page1/rule.html; ZIP 중앙목록 및 전체 CRC 확인.; ZIP 내부 PNG만 별도 추출/전체 디코딩 확인. 아카이브 멤버 경로: autotile/SA-BorderG05.png,1677,200,autotile/SA-BorderG05.png,オートタイル1（屋外用）
SA-Carpet01.png,autotile,https://yms.main.jp/dotartworld/page3/autotiles01.html,https://yms.main.jp/dotartworld/sozai/autotile2/autotile-old.zip,SA-Carpet01.png,/home/main/.local/share/oprn/pixel-art-world-downloads/archive-images/autotile-old/autotile/SA-Carpet01.png,96,128,b8991a5b9efbf4bd806cd2bf282d6bd0452496dfecea722f103b964233ab21c3,extracted_verified,개인 로컬 수집; 소재 재배포 금지; 공개 작품에 Pixel Art World/ドット絵世界 크레딧. 조건: https://yms.main.jp/dotartworld/page1/rule.html; ZIP 중앙목록 및 전체 CRC 확인.; ZIP 내부 PNG만 별도 추출/전체 디코딩 확인. 아카이브 멤버 경로: autotile/SA-Carpet01.png,434,200,autotile/SA-Carpet01.png,オートタイル1（屋外用）
SA-Carpet02.png,autotile,https://yms.main.jp/dotartworld/page3/autotiles01.html,https://yms.main.jp/dotartworld/sozai/autotile2/autotile-old.zip,SA-Carpet02.png,/home/main/.local/share/oprn/pixel-art-world-downloads/archive-images/autotile-old/autotile/SA-Carpet02.png,96,128,f8828aeb938da60504f94c515e05aa0115c64d6f5eed01a443d9ec9e0a21935a,extracted_verified,개인 로컬 수집; 소재 재배포 금지; 공개 작품에 Pixel Art World/ドット絵世界 크레딧. 조건: https://yms.main.jp/dotartworld/page1/rule.html; ZIP 중앙목록 및 전체 CRC 확인.; ZIP 내부 PNG만 별도 추출/전체 디코딩 확인. 아카이브 멤버 경로: autotile/SA-Carpet02.png,423,200,autotile/SA-Carpet02.png,オートタイル1（屋外用）
SA-Carpet03.png,autotile,https://yms.main.jp/dotartworld/page3/autotiles01.html,https://yms.main.jp/dotartworld/sozai/autotile2/autotile-old.zip,SA-Carpet03.png,/home/main/.local/share/oprn/pixel-art-world-downloads/archive-images/autotile-old/autotile/SA-Carpet03.png,96,128,6b194460c767ab0d97d5987623ece3fed9fe41ea0dee249e0ad0e2406def83a6,extracted_verified,개인 로컬 수집; 소재 재배포 금지; 공개 작품에 Pixel Art World/ドット絵世界 크레딧. 조건: https://yms.main.jp/dotartworld/page1/rule.html; ZIP 중앙목록 및 전체 CRC 확인.; ZIP 내부 PNG만 별도 추출/전체 디코딩 확인. 아카이브 멤버 경로: autotile/SA-Carpet03.png,434,200,autotile/SA-Carpet03.png,オートタイル1（屋外用）
SA-Carpet04.png,autotile,https://yms.main.jp/dotartworld/page3/autotiles01.html,https://yms.main.jp/dotartworld/sozai/autotile2/autotile-old.zip,SA-Carpet04.png,/home/main/.local/share/oprn/pixel-art-world-downloads/archive-images/autotile-old/autotile/SA-Carpet04.png,96,128,77910ff16d3f72ad5b39924b7a7e98076f758e13ab2878c7730442ce248b88fa,extracted_verified,개인 로컬 수집; 소재 재배포 금지; 공개 작품에 Pixel Art World/ドット絵世界 크레딧. 조건: https://yms.main.jp/dotartworld/page1/rule.html; ZIP 중앙목록 및 전체 CRC 확인.; ZIP 내부 PNG만 별도 추출/전체 디코딩 확인. 아카이브 멤버 경로: autotile/SA-Carpet04.png,485,200,autotile/SA-Carpet04.png,オートタイル1（屋外用）
SA-Carpet05.png,autotile,https://yms.main.jp/dotartworld/page3/autotiles01.html,https://yms.main.jp/dotartworld/sozai/autotile2/autotile-old.zip,SA-Carpet05.png,/home/main/.local/share/oprn/pixel-art-world-downloads/archive-images/autotile-old/autotile/SA-Carpet05.png,96,128,2ac74ea68a1f00c80521242421df2f4342780884d3266540c0ad50c871666b5f,extracted_verified,개인 로컬 수집; 소재 재배포 금지; 공개 작품에 Pixel Art World/ドット絵世界 크레딧. 조건: https://yms.main.jp/dotartworld/page1/rule.html; ZIP 중앙목록 및 전체 CRC 확인.; ZIP 내부 PNG만 별도 추출/전체 디코딩 확인. 아카이브 멤버 경로: autotile/SA-Carpet05.png,434,200,autotile/SA-Carpet05.png,オートタイル1（屋外用）
SA-Carpet06.png,autotile,https://yms.main.jp/dotartworld/page3/autotiles01.html,https://yms.main.jp/dotartworld/sozai/autotile2/autotile-old.zip,SA-Carpet06.png,/home/main/.local/share/oprn/pixel-art-world-downloads/archive-images/autotile-old/autotile/SA-Carpet06.png,96,128,46e86f0e79c075978356eebb941ac3605a6e0df5372444ec09e8661778328854,extracted_verified,개인 로컬 수집; 소재 재배포 금지; 공개 작품에 Pixel Art World/ドット絵世界 크레딧. 조건: https://yms.main.jp/dotartworld/page1/rule.html; ZIP 중앙목록 및 전체 CRC 확인.; ZIP 내부 PNG만 별도 추출/전체 디코딩 확인. 아카이브 멤버 경로: autotile/SA-Carpet06.png,827,200,autotile/SA-Carpet06.png,オートタイル1（屋外用）
SA-Carpet07.png,autotile,https://yms.main.jp/dotartworld/page3/autotiles01.html,https://yms.main.jp/dotartworld/sozai/autotile2/autotile-old.zip,SA-Carpet07.png,/home/main/.local/share/oprn/pixel-art-world-downloads/archive-images/autotile-old/autotile/SA-Carpet07.png,96,128,9ecbc2432d31a804be46bf0580f9d37807ca5560cc9a9994b858d2463eb42d4b,extracted_verified,개인 로컬 수집; 소재 재배포 금지; 공개 작품에 Pixel Art World/ドット絵世界 크레딧. 조건: https://yms.main.jp/dotartworld/page1/rule.html; ZIP 중앙목록 및 전체 CRC 확인.; ZIP 내부 PNG만 별도 추출/전체 디코딩 확인. 아카이브 멤버 경로: autotile/SA-Carpet07.png,812,200,autotile/SA-Carpet07.png,オートタイル1（屋外用）
SA-Carpet08.png,autotile,https://yms.main.jp/dotartworld/page3/autotiles01.html,https://yms.main.jp/dotartworld/sozai/autotile2/autotile-old.zip,SA-Carpet08.png,/home/main/.local/share/oprn/pixel-art-world-downloads/archive-images/autotile-old/autotile/SA-Carpet08.png,96,128,0d9e2c378202c719d290dbdc5697956b45bd8c1daab443500ac2dde3b5645368,extracted_verified,개인 로컬 수집; 소재 재배포 금지; 공개 작품에 Pixel Art World/ドット絵世界 크레딧. 조건: https://yms.main.jp/dotartworld/page1/rule.html; ZIP 중앙목록 및 전체 CRC 확인.; ZIP 내부 PNG만 별도 추출/전체 디코딩 확인. 아카이브 멤버 경로: autotile/SA-Carpet08.png,827,200,autotile/SA-Carpet08.png,オートタイル1（屋外用）
SA-Carpet08ST.png,autotile,https://yms.main.jp/dotartworld/page3/autotiles01.html,https://yms.main.jp/dotartworld/sozai/autotile2/autotile-old.zip,SA-Carpet08ST.png,/home/main/.local/share/oprn/pixel-art-world-downloads/archive-images/autotile-old/autotile/SA-Carpet08ST.png,96,128,9f0dd0fae6383d793491b676b84914b4e27908faed3ea0e775a1c7ccb792dd88,extracted_verified,개인 로컬 수집; 소재 재배포 금지; 공개 작품에 Pixel Art World/ドット絵世界 크레딧. 조건: https://yms.main.jp/dotartworld/page1/rule.html; ZIP 중앙목록 및 전체 CRC 확인.; ZIP 내부 PNG만 별도 추출/전체 디코딩 확인. 아카이브 멤버 경로: autotile/SA-Carpet08ST.png,666,200,autotile/SA-Carpet08ST.png,オートタイル1（屋外用）
SA-Carpet09.png,autotile,https://yms.main.jp/dotartworld/page3/autotiles01.html,https://yms.main.jp/dotartworld/sozai/autotile2/autotile-old.zip,SA-Carpet09.png,/home/main/.local/share/oprn/pixel-art-world-downloads/archive-images/autotile-old/autotile/SA-Carpet09.png,96,128,ff5ae80c4eb7c901ecc2d0326aac9b0af1baae372c652ace218b428bf6df9a6f,extracted_verified,개인 로컬 수집; 소재 재배포 금지; 공개 작품에 Pixel Art World/ドット絵世界 크레딧. 조건: https://yms.main.jp/dotartworld/page1/rule.html; ZIP 중앙목록 및 전체 CRC 확인.; ZIP 내부 PNG만 별도 추출/전체 디코딩 확인. 아카이브 멤버 경로: autotile/SA-Carpet09.png,827,200,autotile/SA-Carpet09.png,オートタイル1（屋外用）
SA-Carpet09ST.png,autotile,https://yms.main.jp/dotartworld/page3/autotiles01.html,https://yms.main.jp/dotartworld/sozai/autotile2/autotile-old.zip,SA-Carpet09ST.png,/home/main/.local/share/oprn/pixel-art-world-downloads/archive-images/autotile-old/autotile/SA-Carpet09ST.png,96,128,11c2b9245f0b6e29c38a341d0fde6e8bbb09becd33bd96f79e2f155135759c65,extracted_verified,개인 로컬 수집; 소재 재배포 금지; 공개 작품에 Pixel Art World/ドット絵世界 크레딧. 조건: https://yms.main.jp/dotartworld/page1/rule.html; ZIP 중앙목록 및 전체 CRC 확인.; ZIP 내부 PNG만 별도 추출/전체 디코딩 확인. 아카이브 멤버 경로: autotile/SA-Carpet09ST.png,666,200,autotile/SA-Carpet09ST.png,オートタイル1（屋外用）
SA-Carpet10.png,autotile,https://yms.main.jp/dotartworld/page3/autotiles01.html,https://yms.main.jp/dotartworld/sozai/autotile2/autotile-old.zip,SA-Carpet10.png,/home/main/.local/share/oprn/pixel-art-world-downloads/archive-images/autotile-old/autotile/SA-Carpet10.png,96,128,9ee0dbb6c712bd5f6189e33c1dc56e4b3542946286679b5500e1c1bac07a9f11,extracted_verified,개인 로컬 수집; 소재 재배포 금지; 공개 작품에 Pixel Art World/ドット絵世界 크레딧. 조건: https://yms.main.jp/dotartworld/page1/rule.html; ZIP 중앙목록 및 전체 CRC 확인.; ZIP 내부 PNG만 별도 추출/전체 디코딩 확인. 아카이브 멤버 경로: autotile/SA-Carpet10.png,629,200,autotile/SA-Carpet10.png,オートタイル1（屋外用）
SA-Carpet11.png,autotile,https://yms.main.jp/dotartworld/page3/autotiles01.html,https://yms.main.jp/dotartworld/sozai/autotile2/autotile-old.zip,SA-Carpet11.png,/home/main/.local/share/oprn/pixel-art-world-downloads/archive-images/autotile-old/autotile/SA-Carpet11.png,96,128,7a0710a2b93af6189a1b8e0b75c126c6baa1452bb25a8547c4374ead5d7b35dc,extracted_verified,개인 로컬 수집; 소재 재배포 금지; 공개 작품에 Pixel Art World/ドット絵世界 크레딧. 조건: https://yms.main.jp/dotartworld/page1/rule.html; ZIP 중앙목록 및 전체 CRC 확인.; ZIP 내부 PNG만 별도 추출/전체 디코딩 확인. 아카이브 멤버 경로: autotile/SA-Carpet11.png,614,200,autotile/SA-Carpet11.png,オートタイル1（屋外用）
SA-Carpet12.png,autotile,https://yms.main.jp/dotartworld/page3/autotiles01.html,https://yms.main.jp/dotartworld/sozai/autotile2/autotile-old.zip,SA-Carpet12.png,/home/main/.local/share/oprn/pixel-art-world-downloads/archive-images/autotile-old/autotile/SA-Carpet12.png,96,128,c477c757d2185c9eb685f06614a8a8475f3cb9df74fc1114663cecfa0f4c508b,extracted_verified,개인 로컬 수집; 소재 재배포 금지; 공개 작품에 Pixel Art World/ドット絵世界 크레딧. 조건: https://yms.main.jp/dotartworld/page1/rule.html; ZIP 중앙목록 및 전체 CRC 확인.; ZIP 내부 PNG만 별도 추출/전체 디코딩 확인. 아카이브 멤버 경로: autotile/SA-Carpet12.png,614,200,autotile/SA-Carpet12.png,オートタイル1（屋外用）
SA-Cartain01.png,autotile,https://yms.main.jp/dotartworld/page3/autotiles01.html,https://yms.main.jp/dotartworld/sozai/autotile2/autotile-old.zip,SA-Cartain01.png,/home/main/.local/share/oprn/pixel-art-world-downloads/archive-images/autotile-old/autotile/SA-Cartain01.png,96,128,eee762c26f2564455fe7ef8083cb3c86b8302f5e7a513decf785063e8ea7f50e,extracted_verified,개인 로컬 수집; 소재 재배포 금지; 공개 작품에 Pixel Art World/ドット絵世界 크레딧. 조건: https://yms.main.jp/dotartworld/page1/rule.html; ZIP 중앙목록 및 전체 CRC 확인.; ZIP 내부 PNG만 별도 추출/전체 디코딩 확인. 아카이브 멤버 경로: autotile/SA-Cartain01.png,965,200,autotile/SA-Cartain01.png,オートタイル1（屋外用）
SA-Cartain02.png,autotile,https://yms.main.jp/dotartworld/page3/autotiles01.html,https://yms.main.jp/dotartworld/sozai/autotile2/autotile-old.zip,SA-Cartain02.png,/home/main/.local/share/oprn/pixel-art-world-downloads/archive-images/autotile-old/autotile/SA-Cartain02.png,96,128,f690a42402c4343d505ea4693a26274f3642a34c2fe34cdc0698c158295d7354,extracted_verified,개인 로컬 수집; 소재 재배포 금지; 공개 작품에 Pixel Art World/ドット絵世界 크레딧. 조건: https://yms.main.jp/dotartworld/page1/rule.html; ZIP 중앙목록 및 전체 CRC 확인.; ZIP 내부 PNG만 별도 추출/전체 디코딩 확인. 아카이브 멤버 경로: autotile/SA-Cartain02.png,965,200,autotile/SA-Cartain02.png,オートタイル1（屋外用）
SA-Concrete01.png,autotile,https://yms.main.jp/dotartworld/page3/autotiles01.html,https://yms.main.jp/dotartworld/sozai/autotile2/autotile-old.zip,SA-Concrete01.png,/home/main/.local/share/oprn/pixel-art-world-downloads/archive-images/autotile-old/autotile/SA-Concrete01.png,96,128,7e490718dbf6ad39953fb291ac957b3167150ea4e326621182bf9dc7a0ee65ce,extracted_verified,개인 로컬 수집; 소재 재배포 금지; 공개 작품에 Pixel Art World/ドット絵世界 크레딧. 조건: https://yms.main.jp/dotartworld/page1/rule.html; ZIP 중앙목록 및 전체 CRC 확인.; ZIP 내부 PNG만 별도 추출/전체 디코딩 확인. 아카이브 멤버 경로: autotile/SA-Concrete01.png,1895,200,autotile/SA-Concrete01.png,オートタイル1（屋外用）
SA-Concrete02.png,autotile,https://yms.main.jp/dotartworld/page3/autotiles01.html,https://yms.main.jp/dotartworld/sozai/autotile2/autotile-old.zip,SA-Concrete02.png,/home/main/.local/share/oprn/pixel-art-world-downloads/archive-images/autotile-old/autotile/SA-Concrete02.png,96,128,d3d589e1215cdcca23b17c4a2654d907cd5171e03eb5ec4d23d9ec602a726cad,extracted_verified,개인 로컬 수집; 소재 재배포 금지; 공개 작품에 Pixel Art World/ドット絵世界 크레딧. 조건: https://yms.main.jp/dotartworld/page1/rule.html; ZIP 중앙목록 및 전체 CRC 확인.; ZIP 내부 PNG만 별도 추출/전체 디코딩 확인. 아카이브 멤버 경로: autotile/SA-Concrete02.png,741,200,autotile/SA-Concrete02.png,オートタイル1（屋外用）
SA-Concrete03.png,autotile,https://yms.main.jp/dotartworld/page3/autotiles01.html,https://yms.main.jp/dotartworld/sozai/autotile2/autotile-old.zip,SA-Concrete03.png,/home/main/.local/share/oprn/pixel-art-world-downloads/archive-images/autotile-old/autotile/SA-Concrete03.png,96,128,016edc7b7572e20684cfa259e383312619d7ed4d52b55db3d4bb44b67c6aa1c0,extracted_verified,개인 로컬 수집; 소재 재배포 금지; 공개 작품에 Pixel Art World/ドット絵世界 크레딧. 조건: https://yms.main.jp/dotartworld/page1/rule.html; ZIP 중앙목록 및 전체 CRC 확인.; ZIP 내부 PNG만 별도 추출/전체 디코딩 확인. 아카이브 멤버 경로: autotile/SA-Concrete03.png,970,200,autotile/SA-Concrete03.png,オートタイル1（屋外用）
SA-Ditch01.png,autotile,https://yms.main.jp/dotartworld/page3/autotiles01.html,https://yms.main.jp/dotartworld/sozai/autotile2/autotile-old.zip,SA-Ditch01.png,/home/main/.local/share/oprn/pixel-art-world-downloads/archive-images/autotile-old/autotile/SA-Ditch01.png,384,128,ce6b06ca456e3bae08680d1fb6dad2eada83c9ab78bfdd1fd5895be7a9b9b7dc,extracted_verified,개인 로컬 수집; 소재 재배포 금지; 공개 작품에 Pixel Art World/ドット絵世界 크레딧. 조건: https://yms.main.jp/dotartworld/page1/rule.html; ZIP 중앙목록 및 전체 CRC 확인.; ZIP 내부 PNG만 별도 추출/전체 디코딩 확인. 아카이브 멤버 경로: autotile/SA-Ditch01.png,4112,200,autotile/SA-Ditch01.png,オートタイル1（屋外用）
SA-Ditch02.png,autotile,https://yms.main.jp/dotartworld/page3/autotiles01.html,https://yms.main.jp/dotartworld/sozai/autotile2/autotile-old.zip,SA-Ditch02.png,/home/main/.local/share/oprn/pixel-art-world-downloads/archive-images/autotile-old/autotile/SA-Ditch02.png,384,128,1807918dbe8edb5cc53cf4415d6a01939343992dde376733d59671256ed4a9cc,extracted_verified,개인 로컬 수집; 소재 재배포 금지; 공개 작품에 Pixel Art World/ドット絵世界 크레딧. 조건: https://yms.main.jp/dotartworld/page1/rule.html; ZIP 중앙목록 및 전체 CRC 확인.; ZIP 내부 PNG만 별도 추출/전체 디코딩 확인. 아카이브 멤버 경로: autotile/SA-Ditch02.png,7081,200,autotile/SA-Ditch02.png,オートタイル1（屋外用）
SA-Ditch03.png,autotile,https://yms.main.jp/dotartworld/page3/autotiles01.html,https://yms.main.jp/dotartworld/sozai/autotile2/autotile-old.zip,SA-Ditch03.png,/home/main/.local/share/oprn/pixel-art-world-downloads/archive-images/autotile-old/autotile/SA-Ditch03.png,384,128,96e87341f368f714ae6f425e707bebec851a09a7bd409ab76736a8705fcb3efc,extracted_verified,개인 로컬 수집; 소재 재배포 금지; 공개 작품에 Pixel Art World/ドット絵世界 크레딧. 조건: https://yms.main.jp/dotartworld/page1/rule.html; ZIP 중앙목록 및 전체 CRC 확인.; ZIP 내부 PNG만 별도 추출/전체 디코딩 확인. 아카이브 멤버 경로: autotile/SA-Ditch03.png,7061,200,autotile/SA-Ditch03.png,オートタイル1（屋外用）
SA-Ditch04.png,autotile,https://yms.main.jp/dotartworld/page3/autotiles01.html,https://yms.main.jp/dotartworld/sozai/autotile2/autotile-old.zip,SA-Ditch04.png,/home/main/.local/share/oprn/pixel-art-world-downloads/archive-images/autotile-old/autotile/SA-Ditch04.png,384,128,3dc2947162346fee2479d107ddc071c8c0c025526271d3461c5ffc2b3c5ca809,extracted_verified,개인 로컬 수집; 소재 재배포 금지; 공개 작품에 Pixel Art World/ドット絵世界 크레딧. 조건: https://yms.main.jp/dotartworld/page1/rule.html; ZIP 중앙목록 및 전체 CRC 확인.; ZIP 내부 PNG만 별도 추출/전체 디코딩 확인. 아카이브 멤버 경로: autotile/SA-Ditch04.png,6960,200,autotile/SA-Ditch04.png,オートタイル1（屋外用）
SA-Dway01.png,autotile,https://yms.main.jp/dotartworld/page3/autotiles01.html,https://yms.main.jp/dotartworld/sozai/autotile2/autotile-old.zip,SA-Dway01.png,/home/main/.local/share/oprn/pixel-art-world-downloads/archive-images/autotile-old/autotile/SA-Dway01.png,96,128,80110c41f17f349bd762dc5c5e9a3bf55f5eb60e7ee8daa11947c95999cf5d74,extracted_verified,개인 로컬 수집; 소재 재배포 금지; 공개 작품에 Pixel Art World/ドット絵世界 크레딧. 조건: https://yms.main.jp/dotartworld/page1/rule.html; ZIP 중앙목록 및 전체 CRC 확인.; ZIP 내부 PNG만 별도 추출/전체 디코딩 확인. 아카이브 멤버 경로: autotile/SA-Dway01.png,299,200,autotile/SA-Dway01.png,オートタイル1（屋外用）
SA-Dway02.png,autotile,https://yms.main.jp/dotartworld/page3/autotiles01.html,https://yms.main.jp/dotartworld/sozai/autotile2/autotile-old.zip,SA-Dway02.png,/home/main/.local/share/oprn/pixel-art-world-downloads/archive-images/autotile-old/autotile/SA-Dway02.png,96,128,451daedeab8e739a683202d6c1c563f4a6fcd452785c591839dbbd929509998f,extracted_verified,개인 로컬 수집; 소재 재배포 금지; 공개 작품에 Pixel Art World/ドット絵世界 크레딧. 조건: https://yms.main.jp/dotartworld/page1/rule.html; ZIP 중앙목록 및 전체 CRC 확인.; ZIP 내부 PNG만 별도 추출/전체 디코딩 확인. 아카이브 멤버 경로: autotile/SA-Dway02.png,459,200,autotile/SA-Dway02.png,オートタイル1（屋外用）
SA-Dway03.png,autotile,https://yms.main.jp/dotartworld/page3/autotiles01.html,https://yms.main.jp/dotartworld/sozai/autotile2/autotile-old.zip,SA-Dway03.png,/home/main/.local/share/oprn/pixel-art-world-downloads/archive-images/autotile-old/autotile/SA-Dway03.png,96,128,e2dd3bbd80898b0ff97f8201df693862234a6debb07227a72b52cf8d7a0183e0,extracted_verified,개인 로컬 수집; 소재 재배포 금지; 공개 작품에 Pixel Art World/ドット絵世界 크레딧. 조건: https://yms.main.jp/dotartworld/page1/rule.html; ZIP 중앙목록 및 전체 CRC 확인.; ZIP 내부 PNG만 별도 추출/전체 디코딩 확인. 아카이브 멤버 경로: autotile/SA-Dway03.png,415,200,autotile/SA-Dway03.png,オートタイル1（屋外用）
SA-Dway04.png,autotile,https://yms.main.jp/dotartworld/page3/autotiles01.html,https://yms.main.jp/dotartworld/sozai/autotile2/autotile-old.zip,SA-Dway04.png,/home/main/.local/share/oprn/pixel-art-world-downloads/archive-images/autotile-old/autotile/SA-Dway04.png,96,128,c556bf8db2a7c0c89168c18d657747c2a9303b591a909662d6fdb4a1705d93a4,extracted_verified,개인 로컬 수집; 소재 재배포 금지; 공개 작품에 Pixel Art World/ドット絵世界 크레딧. 조건: https://yms.main.jp/dotartworld/page1/rule.html; ZIP 중앙목록 및 전체 CRC 확인.; ZIP 내부 PNG만 별도 추출/전체 디코딩 확인. 아카이브 멤버 경로: autotile/SA-Dway04.png,300,200,autotile/SA-Dway04.png,オートタイル1（屋外用）
SA-Dway05.png,autotile,https://yms.main.jp/dotartworld/page3/autotiles01.html,https://yms.main.jp/dotartworld/sozai/autotile2/autotile-old.zip,SA-Dway05.png,/home/main/.local/share/oprn/pixel-art-world-downloads/archive-images/autotile-old/autotile/SA-Dway05.png,96,128,7a5e91a10c19ec70e250baa962960785cf4dc22b64780d157659c3420ef3e6a0,extracted_verified,개인 로컬 수집; 소재 재배포 금지; 공개 작품에 Pixel Art World/ドット絵世界 크레딧. 조건: https://yms.main.jp/dotartworld/page1/rule.html; ZIP 중앙목록 및 전체 CRC 확인.; ZIP 내부 PNG만 별도 추출/전체 디코딩 확인. 아카이브 멤버 경로: autotile/SA-Dway05.png,459,200,autotile/SA-Dway05.png,オートタイル1（屋外用）
SA-Dway06.png,autotile,https://yms.main.jp/dotartworld/page3/autotiles01.html,https://yms.main.jp/dotartworld/sozai/autotile2/autotile-old.zip,SA-Dway06.png,/home/main/.local/share/oprn/pixel-art-world-downloads/archive-images/autotile-old/autotile/SA-Dway06.png,96,128,7c99d41b353e93af972a331fe2a2a758fdf8d006c6ef7a88b16679ff7874abeb,extracted_verified,개인 로컬 수집; 소재 재배포 금지; 공개 작품에 Pixel Art World/ドット絵世界 크레딧. 조건: https://yms.main.jp/dotartworld/page1/rule.html; ZIP 중앙목록 및 전체 CRC 확인.; ZIP 내부 PNG만 별도 추출/전체 디코딩 확인. 아카이브 멤버 경로: autotile/SA-Dway06.png,409,200,autotile/SA-Dway06.png,オートタイル1（屋外用）
SA-DwayEX01.png,autotile,https://yms.main.jp/dotartworld/page3/autotiles01.html,https://yms.main.jp/dotartworld/sozai/autotile2/autotile-old.zip,SA-DwayEX01.png,/home/main/.local/share/oprn/pixel-art-world-downloads/archive-images/autotile-old/autotile/SA-DwayEX01.png,96,128,bafe03e12b7a9efae447f749b8bfd3c7e1c99b12a1d997caebcc83f268c2e047,extracted_verified,개인 로컬 수집; 소재 재배포 금지; 공개 작품에 Pixel Art World/ドット絵世界 크레딧. 조건: https://yms.main.jp/dotartworld/page1/rule.html; ZIP 중앙목록 및 전체 CRC 확인.; ZIP 내부 PNG만 별도 추출/전체 디코딩 확인. 아카이브 멤버 경로: autotile/SA-DwayEX01.png,878,200,autotile/SA-DwayEX01.png,オートタイル1（屋外用）
SA-Floor01.png,autotile,https://yms.main.jp/dotartworld/page3/autotiles01.html,https://yms.main.jp/dotartworld/sozai/autotile2/autotile-old.zip,SA-Floor01.png,/home/main/.local/share/oprn/pixel-art-world-downloads/archive-images/autotile-old/autotile/SA-Floor01.png,96,128,07ffb846c7f174a9265fb2ac0b348a47fc93e24a12415419664ea77f2d341f4a,extracted_verified,개인 로컬 수집; 소재 재배포 금지; 공개 작품에 Pixel Art World/ドット絵世界 크레딧. 조건: https://yms.main.jp/dotartworld/page1/rule.html; ZIP 중앙목록 및 전체 CRC 확인.; ZIP 내부 PNG만 별도 추출/전체 디코딩 확인. 아카이브 멤버 경로: autotile/SA-Floor01.png,482,200,autotile/SA-Floor01.png,オートタイル1（屋外用）
SA-Floor02.png,autotile,https://yms.main.jp/dotartworld/page3/autotiles01.html,https://yms.main.jp/dotartworld/sozai/autotile2/autotile-old.zip,SA-Floor02.png,/home/main/.local/share/oprn/pixel-art-world-downloads/archive-images/autotile-old/autotile/SA-Floor02.png,96,128,71649fa46885b07a21c03fb2f08bdd011652ab9185275c90e48f22a8c523b406,extracted_verified,개인 로컬 수집; 소재 재배포 금지; 공개 작품에 Pixel Art World/ドット絵世界 크레딧. 조건: https://yms.main.jp/dotartworld/page1/rule.html; ZIP 중앙목록 및 전체 CRC 확인.; ZIP 내부 PNG만 별도 추출/전체 디코딩 확인. 아카이브 멤버 경로: autotile/SA-Floor02.png,1365,200,autotile/SA-Floor02.png,オートタイル1（屋外用）
SA-Floor03.png,autotile,https://yms.main.jp/dotartworld/page3/autotiles01.html,https://yms.main.jp/dotartworld/sozai/autotile2/autotile-old.zip,SA-Floor03.png,/home/main/.local/share/oprn/pixel-art-world-downloads/archive-images/autotile-old/autotile/SA-Floor03.png,96,128,d1cb6c161386034addad3abd9669fee43269bf2326b58ef25600bc76f17e5e12,extracted_verified,개인 로컬 수집; 소재 재배포 금지; 공개 작품에 Pixel Art World/ドット絵世界 크레딧. 조건: https://yms.main.jp/dotartworld/page1/rule.html; ZIP 중앙목록 및 전체 CRC 확인.; ZIP 내부 PNG만 별도 추출/전체 디코딩 확인. 아카이브 멤버 경로: autotile/SA-Floor03.png,413,200,autotile/SA-Floor03.png,オートタイル1（屋外用）
SA-Floor04.png,autotile,https://yms.main.jp/dotartworld/page3/autotiles01.html,https://yms.main.jp/dotartworld/sozai/autotile2/autotile-old.zip,SA-Floor04.png,/home/main/.local/share/oprn/pixel-art-world-downloads/archive-images/autotile-old/autotile/SA-Floor04.png,96,128,889012989061b3a3f00aa10a054196db01aef84984c0a7db107a029fe779fc95,extracted_verified,개인 로컬 수집; 소재 재배포 금지; 공개 작품에 Pixel Art World/ドット絵世界 크레딧. 조건: https://yms.main.jp/dotartworld/page1/rule.html; ZIP 중앙목록 및 전체 CRC 확인.; ZIP 내부 PNG만 별도 추출/전체 디코딩 확인. 아카이브 멤버 경로: autotile/SA-Floor04.png,413,200,autotile/SA-Floor04.png,オートタイル1（屋外用）
SA-Floor05.png,autotile,https://yms.main.jp/dotartworld/page3/autotiles01.html,https://yms.main.jp/dotartworld/sozai/autotile2/autotile-old.zip,SA-Floor05.png,/home/main/.local/share/oprn/pixel-art-world-downloads/archive-images/autotile-old/autotile/SA-Floor05.png,96,128,eee3d654d4f1978c99ab291b9cef9c8e54de3f43e413d8465b33aa9152d626f4,extracted_verified,개인 로컬 수집; 소재 재배포 금지; 공개 작품에 Pixel Art World/ドット絵世界 크레딧. 조건: https://yms.main.jp/dotartworld/page1/rule.html; ZIP 중앙목록 및 전체 CRC 확인.; ZIP 내부 PNG만 별도 추출/전체 디코딩 확인. 아카이브 멤버 경로: autotile/SA-Floor05.png,416,200,autotile/SA-Floor05.png,オートタイル1（屋外用）
SA-Floor06.png,autotile,https://yms.main.jp/dotartworld/page3/autotiles01.html,https://yms.main.jp/dotartworld/sozai/autotile2/autotile-old.zip,SA-Floor06.png,/home/main/.local/share/oprn/pixel-art-world-downloads/archive-images/autotile-old/autotile/SA-Floor06.png,96,128,253dae0747db3e805e2e8f320546136118e663de06842771eec0614cce839073,extracted_verified,개인 로컬 수집; 소재 재배포 금지; 공개 작품에 Pixel Art World/ドット絵世界 크레딧. 조건: https://yms.main.jp/dotartworld/page1/rule.html; ZIP 중앙목록 및 전체 CRC 확인.; ZIP 내부 PNG만 별도 추출/전체 디코딩 확인. 아카이브 멤버 경로: autotile/SA-Floor06.png,416,200,autotile/SA-Floor06.png,オートタイル1（屋外用）
SA-Floor-M01.png,autotile,https://yms.main.jp/dotartworld/page3/autotiles01.html,https://yms.main.jp/dotartworld/sozai/autotile2/autotile-old.zip,SA-Floor-M01.png,/home/main/.local/share/oprn/pixel-art-world-downloads/archive-images/autotile-old/autotile/SA-Floor-M01.png,96,128,5314962bc1e81565813860ff1fe122fd320f6b3eabc18e205cf656f271221f08,extracted_verified,개인 로컬 수집; 소재 재배포 금지; 공개 작품에 Pixel Art World/ドット絵世界 크레딧. 조건: https://yms.main.jp/dotartworld/page1/rule.html; ZIP 중앙목록 및 전체 CRC 확인.; ZIP 내부 PNG만 별도 추출/전체 디코딩 확인. 아카이브 멤버 경로: autotile/SA-Floor-M01.png,649,200,autotile/SA-Floor-M01.png,オートタイル1（屋外用）
SA-Floor-T01.png,autotile,https://yms.main.jp/dotartworld/page3/autotiles01.html,https://yms.main.jp/dotartworld/sozai/autotile2/autotile-old.zip,SA-Floor-T01.png,/home/main/.local/share/oprn/pixel-art-world-downloads/archive-images/autotile-old/autotile/SA-Floor-T01.png,96,128,c810e1a36f668ad0250f060eed2851cc7f0faa77fc3742126e62bfc3b13681ae,extracted_verified,개인 로컬 수집; 소재 재배포 금지; 공개 작품에 Pixel Art World/ドット絵世界 크레딧. 조건: https://yms.main.jp/dotartworld/page1/rule.html; ZIP 중앙목록 및 전체 CRC 확인.; ZIP 내부 PNG만 별도 추출/전체 디코딩 확인. 아카이브 멤버 경로: autotile/SA-Floor-T01.png,434,200,autotile/SA-Floor-T01.png,オートタイル1（屋外用）
SA-Floor-T02.png,autotile,https://yms.main.jp/dotartworld/page3/autotiles01.html,https://yms.main.jp/dotartworld/sozai/autotile2/autotile-old.zip,SA-Floor-T02.png,/home/main/.local/share/oprn/pixel-art-world-downloads/archive-images/autotile-old/autotile/SA-Floor-T02.png,96,128,32a31deea040395612455d75a9a78d0d0963d1a1c405226a860832dbf0e12acb,extracted_verified,개인 로컬 수집; 소재 재배포 금지; 공개 작품에 Pixel Art World/ドット絵世界 크레딧. 조건: https://yms.main.jp/dotartworld/page1/rule.html; ZIP 중앙목록 및 전체 CRC 확인.; ZIP 내부 PNG만 별도 추출/전체 디코딩 확인. 아카이브 멤버 경로: autotile/SA-Floor-T02.png,434,200,autotile/SA-Floor-T02.png,オートタイル1（屋外用）
SA-Floor-T03.png,autotile,https://yms.main.jp/dotartworld/page3/autotiles01.html,https://yms.main.jp/dotartworld/sozai/autotile2/autotile-old.zip,SA-Floor-T03.png,/home/main/.local/share/oprn/pixel-art-world-downloads/archive-images/autotile-old/autotile/SA-Floor-T03.png,96,128,e822fd398149740720105a70f63becd3071674f1b5e3048a4ae8243455e038c4,extracted_verified,개인 로컬 수집; 소재 재배포 금지; 공개 작품에 Pixel Art World/ドット絵世界 크레딧. 조건: https://yms.main.jp/dotartworld/page1/rule.html; ZIP 중앙목록 및 전체 CRC 확인.; ZIP 내부 PNG만 별도 추출/전체 디코딩 확인. 아카이브 멤버 경로: autotile/SA-Floor-T03.png,1765,200,autotile/SA-Floor-T03.png,オートタイル1（屋外用）
SA-Floor-T04.png,autotile,https://yms.main.jp/dotartworld/page3/autotiles01.html,https://yms.main.jp/dotartworld/sozai/autotile2/autotile-old.zip,SA-Floor-T04.png,/home/main/.local/share/oprn/pixel-art-world-downloads/archive-images/autotile-old/autotile/SA-Floor-T04.png,96,128,36e7379aac03b503961f8f20147f9d782429e371121a0f09b1b0bac084d9a07c,extracted_verified,개인 로컬 수집; 소재 재배포 금지; 공개 작품에 Pixel Art World/ドット絵世界 크레딧. 조건: https://yms.main.jp/dotartworld/page1/rule.html; ZIP 중앙목록 및 전체 CRC 확인.; ZIP 내부 PNG만 별도 추출/전체 디코딩 확인. 아카이브 멤버 경로: autotile/SA-Floor-T04.png,790,200,autotile/SA-Floor-T04.png,オートタイル1（屋外用）
SA-Floor-T05.png,autotile,https://yms.main.jp/dotartworld/page3/autotiles01.html,https://yms.main.jp/dotartworld/sozai/autotile2/autotile-old.zip,SA-Floor-T05.png,/home/main/.local/share/oprn/pixel-art-world-downloads/archive-images/autotile-old/autotile/SA-Floor-T05.png,96,128,733c83ec3c6df090ee678105b070d8f3c8ac8625abbffc8dccdfef5c94c0f610,extracted_verified,개인 로컬 수집; 소재 재배포 금지; 공개 작품에 Pixel Art World/ドット絵世界 크레딧. 조건: https://yms.main.jp/dotartworld/page1/rule.html; ZIP 중앙목록 및 전체 CRC 확인.; ZIP 내부 PNG만 별도 추출/전체 디코딩 확인. 아카이브 멤버 경로: autotile/SA-Floor-T05.png,794,200,autotile/SA-Floor-T05.png,オートタイル1（屋外用）
SA-Flower01.png,autotile,https://yms.main.jp/dotartworld/page3/autotiles01.html,https://yms.main.jp/dotartworld/sozai/autotile2/autotile-old.zip,SA-Flower01.png,/home/main/.local/share/oprn/pixel-art-world-downloads/archive-images/autotile-old/autotile/SA-Flower01.png,96,128,c565d31eb35a054e9475ab7cf9ee4652fe2dff4f7fabb780206fb391f7049d83,extracted_verified,개인 로컬 수집; 소재 재배포 금지; 공개 작품에 Pixel Art World/ドット絵世界 크레딧. 조건: https://yms.main.jp/dotartworld/page1/rule.html; ZIP 중앙목록 및 전체 CRC 확인.; ZIP 내부 PNG만 별도 추출/전체 디코딩 확인. 아카이브 멤버 경로: autotile/SA-Flower01.png,1938,200,autotile/SA-Flower01.png,オートタイル1（屋外用）
SA-Fur01.png,autotile,https://yms.main.jp/dotartworld/page3/autotiles01.html,https://yms.main.jp/dotartworld/sozai/autotile2/autotile-old.zip,SA-Fur01.png,/home/main/.local/share/oprn/pixel-art-world-downloads/archive-images/autotile-old/autotile/SA-Fur01.png,96,128,89dd227bcf22f5e1f8b977df357a3790890ab9cb1923821d4e6e198c7f9b8e56,extracted_verified,개인 로컬 수집; 소재 재배포 금지; 공개 작품에 Pixel Art World/ドット絵世界 크레딧. 조건: https://yms.main.jp/dotartworld/page1/rule.html; ZIP 중앙목록 및 전체 CRC 확인.; ZIP 내부 PNG만 별도 추출/전체 디코딩 확인. 아카이브 멤버 경로: autotile/SA-Fur01.png,4183,200,autotile/SA-Fur01.png,オートタイル1（屋外用）
SA-Fur02.png,autotile,https://yms.main.jp/dotartworld/page3/autotiles01.html,https://yms.main.jp/dotartworld/sozai/autotile2/autotile-old.zip,SA-Fur02.png,/home/main/.local/share/oprn/pixel-art-world-downloads/archive-images/autotile-old/autotile/SA-Fur02.png,96,128,8f022a51968f24140fc0c7dd107583aa48760837fff37d52426a0a7b71ba1d42,extracted_verified,개인 로컬 수집; 소재 재배포 금지; 공개 작품에 Pixel Art World/ドット絵世界 크레딧. 조건: https://yms.main.jp/dotartworld/page1/rule.html; ZIP 중앙목록 및 전체 CRC 확인.; ZIP 내부 PNG만 별도 추출/전체 디코딩 확인. 아카이브 멤버 경로: autotile/SA-Fur02.png,4405,200,autotile/SA-Fur02.png,オートタイル1（屋外用）
SA-Fur03.png,autotile,https://yms.main.jp/dotartworld/page3/autotiles01.html,https://yms.main.jp/dotartworld/sozai/autotile2/autotile-old.zip,SA-Fur03.png,/home/main/.local/share/oprn/pixel-art-world-downloads/archive-images/autotile-old/autotile/SA-Fur03.png,96,128,d64cf199977c60817a78c4699640f182fa631ce4c519067bb4188c96a0a229d2,extracted_verified,개인 로컬 수집; 소재 재배포 금지; 공개 작품에 Pixel Art World/ドット絵世界 크레딧. 조건: https://yms.main.jp/dotartworld/page1/rule.html; ZIP 중앙목록 및 전체 CRC 확인.; ZIP 내부 PNG만 별도 추출/전체 디코딩 확인. 아카이브 멤버 경로: autotile/SA-Fur03.png,2054,200,autotile/SA-Fur03.png,オートタイル1（屋外用）
SA-Grass01.png,autotile,https://yms.main.jp/dotartworld/page3/autotiles01.html,https://yms.main.jp/dotartworld/sozai/autotile2/autotile-old.zip,SA-Grass01.png,/home/main/.local/share/oprn/pixel-art-world-downloads/archive-images/autotile-old/autotile/SA-Grass01.png,96,128,8eff2ed1baa524aa46a1b372fe0eaefd3740455e538d0d6e44765b4e8a03bf0d,extracted_verified,개인 로컬 수집; 소재 재배포 금지; 공개 작품에 Pixel Art World/ドット絵世界 크레딧. 조건: https://yms.main.jp/dotartworld/page1/rule.html; ZIP 중앙목록 및 전체 CRC 확인.; ZIP 내부 PNG만 별도 추출/전체 디코딩 확인. 아카이브 멤버 경로: autotile/SA-Grass01.png,2037,200,autotile/SA-Grass01.png,オートタイル1（屋外用）
SA-Grass02.png,autotile,https://yms.main.jp/dotartworld/page3/autotiles01.html,https://yms.main.jp/dotartworld/sozai/autotile2/autotile-old.zip,SA-Grass02.png,/home/main/.local/share/oprn/pixel-art-world-downloads/archive-images/autotile-old/autotile/SA-Grass02.png,96,128,5dec60e40483cf40e0eaef4b4efa40ff1f794be4f5c5d9536a543cc5936d5e7e,extracted_verified,개인 로컬 수집; 소재 재배포 금지; 공개 작품에 Pixel Art World/ドット絵世界 크레딧. 조건: https://yms.main.jp/dotartworld/page1/rule.html; ZIP 중앙목록 및 전체 CRC 확인.; ZIP 내부 PNG만 별도 추출/전체 디코딩 확인. 아카이브 멤버 경로: autotile/SA-Grass02.png,1668,200,autotile/SA-Grass02.png,オートタイル1（屋外用）
SA-Grass03.png,autotile,https://yms.main.jp/dotartworld/page3/autotiles01.html,https://yms.main.jp/dotartworld/sozai/autotile2/autotile-old.zip,SA-Grass03.png,/home/main/.local/share/oprn/pixel-art-world-downloads/archive-images/autotile-old/autotile/SA-Grass03.png,96,128,8e2cce412c83089ff581b5f26f91026a83f44785422043cc5a5f74cdcd9ed1d9,extracted_verified,개인 로컬 수집; 소재 재배포 금지; 공개 작품에 Pixel Art World/ドット絵世界 크레딧. 조건: https://yms.main.jp/dotartworld/page1/rule.html; ZIP 중앙목록 및 전체 CRC 확인.; ZIP 내부 PNG만 별도 추출/전체 디코딩 확인. 아카이브 멤버 경로: autotile/SA-Grass03.png,683,200,autotile/SA-Grass03.png,オートタイル1（屋外用）
SA-Grass04.png,autotile,https://yms.main.jp/dotartworld/page3/autotiles01.html,https://yms.main.jp/dotartworld/sozai/autotile2/autotile-old.zip,SA-Grass04.png,/home/main/.local/share/oprn/pixel-art-world-downloads/archive-images/autotile-old/autotile/SA-Grass04.png,96,128,1d4dac9b43c4f0f3b43f4bcaef596b90f18187fe705a31a9e7729b4107d8c6d0,extracted_verified,개인 로컬 수집; 소재 재배포 금지; 공개 작품에 Pixel Art World/ドット絵世界 크레딧. 조건: https://yms.main.jp/dotartworld/page1/rule.html; ZIP 중앙목록 및 전체 CRC 확인.; ZIP 내부 PNG만 별도 추출/전체 디코딩 확인. 아카이브 멤버 경로: autotile/SA-Grass04.png,2037,200,autotile/SA-Grass04.png,オートタイル1（屋外用）
SA-Grass05.png,autotile,https://yms.main.jp/dotartworld/page3/autotiles01.html,https://yms.main.jp/dotartworld/sozai/autotile2/autotile-old.zip,SA-Grass05.png,/home/main/.local/share/oprn/pixel-art-world-downloads/archive-images/autotile-old/autotile/SA-Grass05.png,96,128,67f03736937a4771f635b1c6e7671c18bf4652181a0e7dbcbc4bdf95c3c105d6,extracted_verified,개인 로컬 수집; 소재 재배포 금지; 공개 작품에 Pixel Art World/ドット絵世界 크레딧. 조건: https://yms.main.jp/dotartworld/page1/rule.html; ZIP 중앙목록 및 전체 CRC 확인.; ZIP 내부 PNG만 별도 추출/전체 디코딩 확인. 아카이브 멤버 경로: autotile/SA-Grass05.png,1661,200,autotile/SA-Grass05.png,オートタイル1（屋外用）
SA-Grass06.png,autotile,https://yms.main.jp/dotartworld/page3/autotiles01.html,https://yms.main.jp/dotartworld/sozai/autotile2/autotile-old.zip,SA-Grass06.png,/home/main/.local/share/oprn/pixel-art-world-downloads/archive-images/autotile-old/autotile/SA-Grass06.png,96,128,5a51842fde6a0e4d210a1a1e431a510f8e199ee617c62864037831a3c61559dd,extracted_verified,개인 로컬 수집; 소재 재배포 금지; 공개 작품에 Pixel Art World/ドット絵世界 크레딧. 조건: https://yms.main.jp/dotartworld/page1/rule.html; ZIP 중앙목록 및 전체 CRC 확인.; ZIP 내부 PNG만 별도 추출/전체 디코딩 확인. 아카이브 멤버 경로: autotile/SA-Grass06.png,683,200,autotile/SA-Grass06.png,オートタイル1（屋外用）
SA-Grass07.png,autotile,https://yms.main.jp/dotartworld/page3/autotiles01.html,https://yms.main.jp/dotartworld/sozai/autotile2/autotile-old.zip,SA-Grass07.png,/home/main/.local/share/oprn/pixel-art-world-downloads/archive-images/autotile-old/autotile/SA-Grass07.png,96,128,209143825e33d01242b78e2c6f48ce158977b3b6d61cf1ed78cd4e9f1254a3df,extracted_verified,개인 로컬 수집; 소재 재배포 금지; 공개 작품에 Pixel Art World/ドット絵世界 크레딧. 조건: https://yms.main.jp/dotartworld/page1/rule.html; ZIP 중앙목록 및 전체 CRC 확인.; ZIP 내부 PNG만 별도 추출/전체 디코딩 확인. 아카이브 멤버 경로: autotile/SA-Grass07.png,2960,200,autotile/SA-Grass07.png,オートタイル1（屋外用）
SA-Grass08.png,autotile,https://yms.main.jp/dotartworld/page3/autotiles01.html,https://yms.main.jp/dotartworld/sozai/autotile2/autotile-old.zip,SA-Grass08.png,/home/main/.local/share/oprn/pixel-art-world-downloads/archive-images/autotile-old/autotile/SA-Grass08.png,96,128,018ba6018e8eb34652160911acbf308a20a3fb3f2210993e9fb5ce1931089bfd,extracted_verified,개인 로컬 수집; 소재 재배포 금지; 공개 작품에 Pixel Art World/ドット絵世界 크레딧. 조건: https://yms.main.jp/dotartworld/page1/rule.html; ZIP 중앙목록 및 전체 CRC 확인.; ZIP 내부 PNG만 별도 추출/전체 디코딩 확인. 아카이브 멤버 경로: autotile/SA-Grass08.png,2848,200,autotile/SA-Grass08.png,オートタイル1（屋外用）
SA-Grass09.png,autotile,https://yms.main.jp/dotartworld/page3/autotiles01.html,https://yms.main.jp/dotartworld/sozai/autotile2/autotile-old.zip,SA-Grass09.png,/home/main/.local/share/oprn/pixel-art-world-downloads/archive-images/autotile-old/autotile/SA-Grass09.png,96,128,e917b6a400eb848b0fe9991cdb24755d19c5cc4f7f39f53407a79b1c36dc9c4a,extracted_verified,개인 로컬 수집; 소재 재배포 금지; 공개 작품에 Pixel Art World/ドット絵世界 크레딧. 조건: https://yms.main.jp/dotartworld/page1/rule.html; ZIP 중앙목록 및 전체 CRC 확인.; ZIP 내부 PNG만 별도 추출/전체 디코딩 확인. 아카이브 멤버 경로: autotile/SA-Grass09.png,2060,200,autotile/SA-Grass09.png,オートタイル1（屋外用）
SA-Grass10.png,autotile,https://yms.main.jp/dotartworld/page3/autotiles01.html,https://yms.main.jp/dotartworld/sozai/autotile2/autotile-old.zip,SA-Grass10.png,/home/main/.local/share/oprn/pixel-art-world-downloads/archive-images/autotile-old/autotile/SA-Grass10.png,96,128,87477d62fcc1caa161687cd75fc20800fa6b485d1d033d1fd272ba02a661de50,extracted_verified,개인 로컬 수집; 소재 재배포 금지; 공개 작품에 Pixel Art World/ドット絵世界 크레딧. 조건: https://yms.main.jp/dotartworld/page1/rule.html; ZIP 중앙목록 및 전체 CRC 확인.; ZIP 내부 PNG만 별도 추출/전체 디코딩 확인. 아카이브 멤버 경로: autotile/SA-Grass10.png,3023,200,autotile/SA-Grass10.png,オートタイル1（屋外用）
SA-Grass11.png,autotile,https://yms.main.jp/dotartworld/page3/autotiles01.html,https://yms.main.jp/dotartworld/sozai/autotile2/autotile-old.zip,SA-Grass11.png,/home/main/.local/share/oprn/pixel-art-world-downloads/archive-images/autotile-old/autotile/SA-Grass11.png,96,128,d12275b3478b53eb2659336b768f02b97f239aef3ee2af90626366d1cfdd21c1,extracted_verified,개인 로컬 수집; 소재 재배포 금지; 공개 작품에 Pixel Art World/ドット絵世界 크레딧. 조건: https://yms.main.jp/dotartworld/page1/rule.html; ZIP 중앙목록 및 전체 CRC 확인.; ZIP 내부 PNG만 별도 추출/전체 디코딩 확인. 아카이브 멤버 경로: autotile/SA-Grass11.png,2964,200,autotile/SA-Grass11.png,オートタイル1（屋外用）
SA-Grass12.png,autotile,https://yms.main.jp/dotartworld/page3/autotiles01.html,https://yms.main.jp/dotartworld/sozai/autotile2/autotile-old.zip,SA-Grass12.png,/home/main/.local/share/oprn/pixel-art-world-downloads/archive-images/autotile-old/autotile/SA-Grass12.png,96,128,5319698f62b45d2225389df799b3b0bb082aecb8a48abc4181b6ecc6fb4be6a4,extracted_verified,개인 로컬 수집; 소재 재배포 금지; 공개 작품에 Pixel Art World/ドット絵世界 크레딧. 조건: https://yms.main.jp/dotartworld/page1/rule.html; ZIP 중앙목록 및 전체 CRC 확인.; ZIP 내부 PNG만 별도 추출/전체 디코딩 확인. 아카이브 멤버 경로: autotile/SA-Grass12.png,2122,200,autotile/SA-Grass12.png,オートタイル1（屋外用）
SA-Ground-St01.png,autotile,https://yms.main.jp/dotartworld/page3/autotiles01.html,https://yms.main.jp/dotartworld/sozai/autotile2/autotile-old.zip,SA-Ground-St01.png,/home/main/.local/share/oprn/pixel-art-world-downloads/archive-images/autotile-old/autotile/SA-Ground-St01.png,96,128,3c58bf2cbb8b3574221c3f905fec06d51b56d9b77c1a97ec1d98bb773212a78d,extracted_verified,개인 로컬 수집; 소재 재배포 금지; 공개 작품에 Pixel Art World/ドット絵世界 크레딧. 조건: https://yms.main.jp/dotartworld/page1/rule.html; ZIP 중앙목록 및 전체 CRC 확인.; ZIP 내부 PNG만 별도 추출/전체 디코딩 확인. 아카이브 멤버 경로: autotile/SA-Ground-St01.png,2569,200,autotile/SA-Ground-St01.png,オートタイル1（屋外用）
SA-Hatake01.png,autotile,https://yms.main.jp/dotartworld/page3/autotiles01.html,https://yms.main.jp/dotartworld/sozai/autotile2/autotile-old.zip,SA-Hatake01.png,/home/main/.local/share/oprn/pixel-art-world-downloads/archive-images/autotile-old/autotile/SA-Hatake01.png,96,128,601dffba47c08dba8a830022c311ca737ffa7342125e73cc3b35ffc0dab0cf37,extracted_verified,개인 로컬 수집; 소재 재배포 금지; 공개 작품에 Pixel Art World/ドット絵世界 크레딧. 조건: https://yms.main.jp/dotartworld/page1/rule.html; ZIP 중앙목록 및 전체 CRC 확인.; ZIP 내부 PNG만 별도 추출/전체 디코딩 확인. 아카이브 멤버 경로: autotile/SA-Hatake01.png,3606,200,autotile/SA-Hatake01.png,オートタイル1（屋外用）
SA-Ivy01.png,autotile,https://yms.main.jp/dotartworld/page3/autotiles01.html,https://yms.main.jp/dotartworld/sozai/autotile2/autotile-old.zip,SA-Ivy01.png,/home/main/.local/share/oprn/pixel-art-world-downloads/archive-images/autotile-old/autotile/SA-Ivy01.png,96,128,3b16a7750e783b4ad20bf73f7830ccb3096c130af967f668e03324d45ba12948,extracted_verified,개인 로컬 수집; 소재 재배포 금지; 공개 작품에 Pixel Art World/ドット絵世界 크레딧. 조건: https://yms.main.jp/dotartworld/page1/rule.html; ZIP 중앙목록 및 전체 CRC 확인.; ZIP 내부 PNG만 별도 추출/전체 디코딩 확인. 아카이브 멤버 경로: autotile/SA-Ivy01.png,1691,200,autotile/SA-Ivy01.png,オートタイル1（屋外用）
SA-Kadan01.png,autotile,https://yms.main.jp/dotartworld/page3/autotiles01.html,https://yms.main.jp/dotartworld/sozai/autotile2/autotile-old.zip,SA-Kadan01.png,/home/main/.local/share/oprn/pixel-art-world-downloads/archive-images/autotile-old/autotile/SA-Kadan01.png,96,128,bc7093707fe1b85ad1755b236531fe26b46f83f21cae463773f2668481ecfdc4,extracted_verified,개인 로컬 수집; 소재 재배포 금지; 공개 작품에 Pixel Art World/ドット絵世界 크레딧. 조건: https://yms.main.jp/dotartworld/page1/rule.html; ZIP 중앙목록 및 전체 CRC 확인.; ZIP 내부 PNG만 별도 추출/전체 디코딩 확인. 아카이브 멤버 경로: autotile/SA-Kadan01.png,2077,200,autotile/SA-Kadan01.png,オートタイル1（屋外用）
SA-Kadan02.png,autotile,https://yms.main.jp/dotartworld/page3/autotiles01.html,https://yms.main.jp/dotartworld/sozai/autotile2/autotile-old.zip,SA-Kadan02.png,/home/main/.local/share/oprn/pixel-art-world-downloads/archive-images/autotile-old/autotile/SA-Kadan02.png,96,128,528e03ec21b9e2395d7263c57649dff4eef5a075d34949bb5b4338570488f26b,extracted_verified,개인 로컬 수집; 소재 재배포 금지; 공개 작품에 Pixel Art World/ドット絵世界 크레딧. 조건: https://yms.main.jp/dotartworld/page1/rule.html; ZIP 중앙목록 및 전체 CRC 확인.; ZIP 내부 PNG만 별도 추출/전체 디코딩 확인. 아카이브 멤버 경로: autotile/SA-Kadan02.png,3195,200,autotile/SA-Kadan02.png,オートタイル1（屋外用）
SA-Kotatsu01.png,autotile,https://yms.main.jp/dotartworld/page3/autotiles01.html,https://yms.main.jp/dotartworld/sozai/autotile2/autotile-old.zip,SA-Kotatsu01.png,/home/main/.local/share/oprn/pixel-art-world-downloads/archive-images/autotile-old/autotile/SA-Kotatsu01.png,96,128,16376c2e6dff8aa51f74d43d9bc3db24c300f13586482cce9f5b866828e9dd35,extracted_verified,개인 로컬 수집; 소재 재배포 금지; 공개 작품에 Pixel Art World/ドット絵世界 크레딧. 조건: https://yms.main.jp/dotartworld/page1/rule.html; ZIP 중앙목록 및 전체 CRC 확인.; ZIP 내부 PNG만 별도 추출/전체 디코딩 확인. 아카이브 멤버 경로: autotile/SA-Kotatsu01.png,711,200,autotile/SA-Kotatsu01.png,オートタイル1（屋外用）
SA-Kotatsu02.png,autotile,https://yms.main.jp/dotartworld/page3/autotiles01.html,https://yms.main.jp/dotartworld/sozai/autotile2/autotile-old.zip,SA-Kotatsu02.png,/home/main/.local/share/oprn/pixel-art-world-downloads/archive-images/autotile-old/autotile/SA-Kotatsu02.png,96,128,64d84e0abe9969f4db1e78fd4f5f1150ad9e1a0660352186ff01b33f73a355c6,extracted_verified,개인 로컬 수집; 소재 재배포 금지; 공개 작품에 Pixel Art World/ドット絵世界 크레딧. 조건: https://yms.main.jp/dotartworld/page1/rule.html; ZIP 중앙목록 및 전체 CRC 확인.; ZIP 내부 PNG만 별도 추출/전체 디코딩 확인. 아카이브 멤버 경로: autotile/SA-Kotatsu02.png,718,200,autotile/SA-Kotatsu02.png,オートタイル1（屋外用）
SA-Kyodan01.png,autotile,https://yms.main.jp/dotartworld/page3/autotiles01.html,https://yms.main.jp/dotartworld/sozai/autotile2/autotile-old.zip,SA-Kyodan01.png,/home/main/.local/share/oprn/pixel-art-world-downloads/archive-images/autotile-old/autotile/SA-Kyodan01.png,96,128,9f2cadd502a10b79d30a2b42665f778c3c85d5e02f9633d46b1bb6348169777f,extracted_verified,개인 로컬 수집; 소재 재배포 금지; 공개 작품에 Pixel Art World/ドット絵世界 크레딧. 조건: https://yms.main.jp/dotartworld/page1/rule.html; ZIP 중앙목록 및 전체 CRC 확인.; ZIP 내부 PNG만 별도 추출/전체 디코딩 확인. 아카이브 멤버 경로: autotile/SA-Kyodan01.png,1104,200,autotile/SA-Kyodan01.png,オートタイル1（屋外用）
SA-Mapbase01.png,autotile,https://yms.main.jp/dotartworld/page3/autotiles01.html,https://yms.main.jp/dotartworld/sozai/autotile2/autotile-old.zip,SA-Mapbase01.png,/home/main/.local/share/oprn/pixel-art-world-downloads/archive-images/autotile-old/autotile/SA-Mapbase01.png,96,128,9860eadd7c36dce26e4b75cff9061281e47b0dc5f08198b2c8a8e2629485b970,extracted_verified,개인 로컬 수집; 소재 재배포 금지; 공개 작품에 Pixel Art World/ドット絵世界 크레딧. 조건: https://yms.main.jp/dotartworld/page1/rule.html; ZIP 중앙목록 및 전체 CRC 확인.; ZIP 내부 PNG만 별도 추출/전체 디코딩 확인. 아카이브 멤버 경로: autotile/SA-Mapbase01.png,512,200,autotile/SA-Mapbase01.png,オートタイル1（屋外用）
SA-Mapbase02.png,autotile,https://yms.main.jp/dotartworld/page3/autotiles01.html,https://yms.main.jp/dotartworld/sozai/autotile2/autotile-old.zip,SA-Mapbase02.png,/home/main/.local/share/oprn/pixel-art-world-downloads/archive-images/autotile-old/autotile/SA-Mapbase02.png,96,128,10ae6f8f48cf13787ef69814062a049c36ec9e869543ac96cd3ae1ade97925b5,extracted_verified,개인 로컬 수집; 소재 재배포 금지; 공개 작품에 Pixel Art World/ドット絵世界 크레딧. 조건: https://yms.main.jp/dotartworld/page1/rule.html; ZIP 중앙목록 및 전체 CRC 확인.; ZIP 내부 PNG만 별도 추출/전체 디코딩 확인. 아카이브 멤버 경로: autotile/SA-Mapbase02.png,516,200,autotile/SA-Mapbase02.png,オートタイル1（屋外用）
SA-Mapbase03.png,autotile,https://yms.main.jp/dotartworld/page3/autotiles01.html,https://yms.main.jp/dotartworld/sozai/autotile2/autotile-old.zip,SA-Mapbase03.png,/home/main/.local/share/oprn/pixel-art-world-downloads/archive-images/autotile-old/autotile/SA-Mapbase03.png,96,128,e6f257f9f8b557a930aae85f08d08dc17e9a19193bcd13822c379a851dc01e8a,extracted_verified,개인 로컬 수집; 소재 재배포 금지; 공개 작품에 Pixel Art World/ドット絵世界 크레딧. 조건: https://yms.main.jp/dotartworld/page1/rule.html; ZIP 중앙목록 및 전체 CRC 확인.; ZIP 내부 PNG만 별도 추출/전체 디코딩 확인. 아카이브 멤버 경로: autotile/SA-Mapbase03.png,516,200,autotile/SA-Mapbase03.png,オートタイル1（屋外用）
SA-MapbaseF01.png,autotile,https://yms.main.jp/dotartworld/page3/autotiles01.html,https://yms.main.jp/dotartworld/sozai/autotile2/autotile-old.zip,SA-MapbaseF01.png,/home/main/.local/share/oprn/pixel-art-world-downloads/archive-images/autotile-old/autotile/SA-MapbaseF01.png,96,128,c1c832a25c4b0d5aa172af863ee83018a607f71500f8e79f0ef2d059ae8c661c,extracted_verified,개인 로컬 수집; 소재 재배포 금지; 공개 작품에 Pixel Art World/ドット絵世界 크레딧. 조건: https://yms.main.jp/dotartworld/page1/rule.html; ZIP 중앙목록 및 전체 CRC 확인.; ZIP 내부 PNG만 별도 추출/전체 디코딩 확인. 아카이브 멤버 경로: autotile/SA-MapbaseF01.png,5834,200,autotile/SA-MapbaseF01.png,オートタイル1（屋外用）
SA-MapbaseF04.png,autotile,https://yms.main.jp/dotartworld/page3/autotiles01.html,https://yms.main.jp/dotartworld/sozai/autotile2/autotile-old.zip,SA-MapbaseF04.png,/home/main/.local/share/oprn/pixel-art-world-downloads/archive-images/autotile-old/autotile/SA-MapbaseF04.png,96,128,a705e93d99d49f6846472e2389c3fb4f9f566b8d627be3d8d183bb2a3bf9b0b8,extracted_verified,개인 로컬 수집; 소재 재배포 금지; 공개 작품에 Pixel Art World/ドット絵世界 크레딧. 조건: https://yms.main.jp/dotartworld/page1/rule.html; ZIP 중앙목록 및 전체 CRC 확인.; ZIP 내부 PNG만 별도 추출/전체 디코딩 확인. 아카이브 멤버 경로: autotile/SA-MapbaseF04.png,8385,200,autotile/SA-MapbaseF04.png,オートタイル1（屋外用）
SA-MapbaseF05.png,autotile,https://yms.main.jp/dotartworld/page3/autotiles01.html,https://yms.main.jp/dotartworld/sozai/autotile2/autotile-old.zip,SA-MapbaseF05.png,/home/main/.local/share/oprn/pixel-art-world-downloads/archive-images/autotile-old/autotile/SA-MapbaseF05.png,96,128,68c4c1715d6d8960e59f38ab2343a77fc52ae85bd44702067f2f21f0d43f1515,extracted_verified,개인 로컬 수집; 소재 재배포 금지; 공개 작품에 Pixel Art World/ドット絵世界 크레딧. 조건: https://yms.main.jp/dotartworld/page1/rule.html; ZIP 중앙목록 및 전체 CRC 확인.; ZIP 내부 PNG만 별도 추출/전체 디코딩 확인. 아카이브 멤버 경로: autotile/SA-MapbaseF05.png,6648,200,autotile/SA-MapbaseF05.png,オートタイル1（屋外用）
SA-MapbaseF06.png,autotile,https://yms.main.jp/dotartworld/page3/autotiles01.html,https://yms.main.jp/dotartworld/sozai/autotile2/autotile-old.zip,SA-MapbaseF06.png,/home/main/.local/share/oprn/pixel-art-world-downloads/archive-images/autotile-old/autotile/SA-MapbaseF06.png,96,128,cf816f5bcd08f59d670437d22486b3362fdd29e8b3c398c4cd54072aeb3d234c,extracted_verified,개인 로컬 수집; 소재 재배포 금지; 공개 작품에 Pixel Art World/ドット絵世界 크레딧. 조건: https://yms.main.jp/dotartworld/page1/rule.html; ZIP 중앙목록 및 전체 CRC 확인.; ZIP 내부 PNG만 별도 추출/전체 디코딩 확인. 아카이브 멤버 경로: autotile/SA-MapbaseF06.png,3813,200,autotile/SA-MapbaseF06.png,オートタイル1（屋外用）
SA-Map-Mountain01.png,autotile,https://yms.main.jp/dotartworld/page3/autotiles01.html,https://yms.main.jp/dotartworld/sozai/autotile2/autotile-old.zip,SA-Map-Mountain01.png,/home/main/.local/share/oprn/pixel-art-world-downloads/archive-images/autotile-old/autotile/SA-Map-Mountain01.png,96,128,9820af8eb8a4a9f8fa57dee301cea6e5e75d1b0f8b9b002c19da06ce083c8b7a,extracted_verified,개인 로컬 수집; 소재 재배포 금지; 공개 작품에 Pixel Art World/ドット絵世界 크레딧. 조건: https://yms.main.jp/dotartworld/page1/rule.html; ZIP 중앙목록 및 전체 CRC 확인.; ZIP 내부 PNG만 별도 추출/전체 디코딩 확인. 아카이브 멤버 경로: autotile/SA-Map-Mountain01.png,755,200,autotile/SA-Map-Mountain01.png,オートタイル1（屋外用）
SA-Map-Mountain02.png,autotile,https://yms.main.jp/dotartworld/page3/autotiles01.html,https://yms.main.jp/dotartworld/sozai/autotile2/autotile-old.zip,SA-Map-Mountain02.png,/home/main/.local/share/oprn/pixel-art-world-downloads/archive-images/autotile-old/autotile/SA-Map-Mountain02.png,96,128,89b9e1fdb083f31ae3251d602e72521c8192476e8b1af266765f867194c59459,extracted_verified,개인 로컬 수집; 소재 재배포 금지; 공개 작품에 Pixel Art World/ドット絵世界 크레딧. 조건: https://yms.main.jp/dotartworld/page1/rule.html; ZIP 중앙목록 및 전체 CRC 확인.; ZIP 내부 PNG만 별도 추출/전체 디코딩 확인. 아카이브 멤버 경로: autotile/SA-Map-Mountain02.png,823,200,autotile/SA-Map-Mountain02.png,オートタイル1（屋外用）
SA-Map-Mountain03.png,autotile,https://yms.main.jp/dotartworld/page3/autotiles01.html,https://yms.main.jp/dotartworld/sozai/autotile2/autotile-old.zip,SA-Map-Mountain03.png,/home/main/.local/share/oprn/pixel-art-world-downloads/archive-images/autotile-old/autotile/SA-Map-Mountain03.png,96,128,1882eac2f2153966a0ce8f58874b308029095eb72dfc98f637b3f27efc06c55a,extracted_verified,개인 로컬 수집; 소재 재배포 금지; 공개 작품에 Pixel Art World/ドット絵世界 크레딧. 조건: https://yms.main.jp/dotartworld/page1/rule.html; ZIP 중앙목록 및 전체 CRC 확인.; ZIP 내부 PNG만 별도 추출/전체 디코딩 확인. 아카이브 멤버 경로: autotile/SA-Map-Mountain03.png,745,200,autotile/SA-Map-Mountain03.png,オートタイル1（屋外用）
SA-Map-Mountain04.png,autotile,https://yms.main.jp/dotartworld/page3/autotiles01.html,https://yms.main.jp/dotartworld/sozai/autotile2/autotile-old.zip,SA-Map-Mountain04.png,/home/main/.local/share/oprn/pixel-art-world-downloads/archive-images/autotile-old/autotile/SA-Map-Mountain04.png,96,128,0ffc339a7a7fa8a2ca9695caf3c982b11fde7ca8b92322aebc0e0e577a7bdb40,extracted_verified,개인 로컬 수집; 소재 재배포 금지; 공개 작품에 Pixel Art World/ドット絵世界 크레딧. 조건: https://yms.main.jp/dotartworld/page1/rule.html; ZIP 중앙목록 및 전체 CRC 확인.; ZIP 내부 PNG만 별도 추출/전체 디코딩 확인. 아카이브 멤버 경로: autotile/SA-Map-Mountain04.png,942,200,autotile/SA-Map-Mountain04.png,オートタイル1（屋外用）
SA-Map-Mountain05.png,autotile,https://yms.main.jp/dotartworld/page3/autotiles01.html,https://yms.main.jp/dotartworld/sozai/autotile2/autotile-old.zip,SA-Map-Mountain05.png,/home/main/.local/share/oprn/pixel-art-world-downloads/archive-images/autotile-old/autotile/SA-Map-Mountain05.png,96,128,25224cf3733f5aae1e17e5b66736e9179e0f239634b2024fcd04605321e85de2,extracted_verified,개인 로컬 수집; 소재 재배포 금지; 공개 작품에 Pixel Art World/ドット絵世界 크레딧. 조건: https://yms.main.jp/dotartworld/page1/rule.html; ZIP 중앙목록 및 전체 CRC 확인.; ZIP 내부 PNG만 별도 추출/전체 디코딩 확인. 아카이브 멤버 경로: autotile/SA-Map-Mountain05.png,1001,200,autotile/SA-Map-Mountain05.png,オートタイル1（屋外用）
SA-Map-Tree01.png,autotile,https://yms.main.jp/dotartworld/page3/autotiles01.html,https://yms.main.jp/dotartworld/sozai/autotile2/autotile-old.zip,SA-Map-Tree01.png,/home/main/.local/share/oprn/pixel-art-world-downloads/archive-images/autotile-old/autotile/SA-Map-Tree01.png,96,128,05d568499a6e8acbec64535cbd1c84f76f05fa0fea2eb705e4bab28b53c2f890,extracted_verified,개인 로컬 수집; 소재 재배포 금지; 공개 작품에 Pixel Art World/ドット絵世界 크레딧. 조건: https://yms.main.jp/dotartworld/page1/rule.html; ZIP 중앙목록 및 전체 CRC 확인.; ZIP 내부 PNG만 별도 추출/전체 디코딩 확인. 아카이브 멤버 경로: autotile/SA-Map-Tree01.png,1007,200,autotile/SA-Map-Tree01.png,オートタイル1（屋外用）
SA-Map-Tree02.png,autotile,https://yms.main.jp/dotartworld/page3/autotiles01.html,https://yms.main.jp/dotartworld/sozai/autotile2/autotile-old.zip,SA-Map-Tree02.png,/home/main/.local/share/oprn/pixel-art-world-downloads/archive-images/autotile-old/autotile/SA-Map-Tree02.png,96,128,306416724ddac4914e51d2ccc465e5883fc077fa6a33d04a9d2007bd9508e40b,extracted_verified,개인 로컬 수집; 소재 재배포 금지; 공개 작품에 Pixel Art World/ドット絵世界 크레딧. 조건: https://yms.main.jp/dotartworld/page1/rule.html; ZIP 중앙목록 및 전체 CRC 확인.; ZIP 내부 PNG만 별도 추출/전체 디코딩 확인. 아카이브 멤버 경로: autotile/SA-Map-Tree02.png,982,200,autotile/SA-Map-Tree02.png,オートタイル1（屋外用）
SA-Map-water01.png,autotile,https://yms.main.jp/dotartworld/page3/autotiles01.html,https://yms.main.jp/dotartworld/sozai/autotile2/autotile-old.zip,SA-Map-water01.png,/home/main/.local/share/oprn/pixel-art-world-downloads/archive-images/autotile-old/autotile/SA-Map-water01.png,96,128,a4154232e612261b8019c03a400c488f0759119adbdab730e76d296ccabd3da7,extracted_verified,개인 로컬 수집; 소재 재배포 금지; 공개 작품에 Pixel Art World/ドット絵世界 크레딧. 조건: https://yms.main.jp/dotartworld/page1/rule.html; ZIP 중앙목록 및 전체 CRC 확인.; ZIP 내부 PNG만 별도 추출/전체 디코딩 확인. 아카이브 멤버 경로: autotile/SA-Map-water01.png,417,200,autotile/SA-Map-water01.png,オートタイル1（屋外用）
SA-Mat01.png,autotile,https://yms.main.jp/dotartworld/page3/autotiles01.html,https://yms.main.jp/dotartworld/sozai/autotile2/autotile-old.zip,SA-Mat01.png,/home/main/.local/share/oprn/pixel-art-world-downloads/archive-images/autotile-old/autotile/SA-Mat01.png,96,128,a322f549ff6b35b11532a1da51a13a51dd79ebd110a3f6af116e00e7e6893683,extracted_verified,개인 로컬 수집; 소재 재배포 금지; 공개 작품에 Pixel Art World/ドット絵世界 크레딧. 조건: https://yms.main.jp/dotartworld/page1/rule.html; ZIP 중앙목록 및 전체 CRC 확인.; ZIP 내부 PNG만 별도 추출/전체 디코딩 확인. 아카이브 멤버 경로: autotile/SA-Mat01.png,375,200,autotile/SA-Mat01.png,オートタイル1（屋外用）
SA-Moss01.png,autotile,https://yms.main.jp/dotartworld/page3/autotiles01.html,https://yms.main.jp/dotartworld/sozai/autotile2/autotile-old.zip,SA-Moss01.png,/home/main/.local/share/oprn/pixel-art-world-downloads/archive-images/autotile-old/autotile/SA-Moss01.png,96,128,e51438a218c382b953767b5e0b7c295f6ec608cd0145a898e0388c4200ab1310,extracted_verified,개인 로컬 수집; 소재 재배포 금지; 공개 작품에 Pixel Art World/ドット絵世界 크레딧. 조건: https://yms.main.jp/dotartworld/page1/rule.html; ZIP 중앙목록 및 전체 CRC 확인.; ZIP 내부 PNG만 별도 추출/전체 디코딩 확인. 아카이브 멤버 경로: autotile/SA-Moss01.png,2519,200,autotile/SA-Moss01.png,オートタイル1（屋外用）
SA-Moss02.png,autotile,https://yms.main.jp/dotartworld/page3/autotiles01.html,https://yms.main.jp/dotartworld/sozai/autotile2/autotile-old.zip,SA-Moss02.png,/home/main/.local/share/oprn/pixel-art-world-downloads/archive-images/autotile-old/autotile/SA-Moss02.png,96,128,719bff1b200eb557a49bcfa4c96d36728b42ece5c3643b90c8e8ec8b5e13e1db,extracted_verified,개인 로컬 수집; 소재 재배포 금지; 공개 작품에 Pixel Art World/ドット絵世界 크레딧. 조건: https://yms.main.jp/dotartworld/page1/rule.html; ZIP 중앙목록 및 전체 CRC 확인.; ZIP 내부 PNG만 별도 추출/전체 디코딩 확인. 아카이브 멤버 경로: autotile/SA-Moss02.png,3086,200,autotile/SA-Moss02.png,オートタイル1（屋外用）
SA-Mpbase01.png,autotile,https://yms.main.jp/dotartworld/page3/autotiles01.html,https://yms.main.jp/dotartworld/sozai/autotile2/autotile-old.zip,SA-Mpbase01.png,/home/main/.local/share/oprn/pixel-art-world-downloads/archive-images/autotile-old/autotile/SA-Mpbase01.png,96,128,9860eadd7c36dce26e4b75cff9061281e47b0dc5f08198b2c8a8e2629485b970,extracted_verified,개인 로컬 수집; 소재 재배포 금지; 공개 작품에 Pixel Art World/ドット絵世界 크레딧. 조건: https://yms.main.jp/dotartworld/page1/rule.html; ZIP 중앙목록 및 전체 CRC 확인.; ZIP 내부 PNG만 별도 추출/전체 디코딩 확인. 아카이브 멤버 경로: autotile/SA-Mpbase01.png,512,200,autotile/SA-Mpbase01.png,オートタイル1（屋外用）
SA-Mpbase02.png,autotile,https://yms.main.jp/dotartworld/page3/autotiles01.html,https://yms.main.jp/dotartworld/sozai/autotile2/autotile-old.zip,SA-Mpbase02.png,/home/main/.local/share/oprn/pixel-art-world-downloads/archive-images/autotile-old/autotile/SA-Mpbase02.png,96,128,10ae6f8f48cf13787ef69814062a049c36ec9e869543ac96cd3ae1ade97925b5,extracted_verified,개인 로컬 수집; 소재 재배포 금지; 공개 작품에 Pixel Art World/ドット絵世界 크레딧. 조건: https://yms.main.jp/dotartworld/page1/rule.html; ZIP 중앙목록 및 전체 CRC 확인.; ZIP 내부 PNG만 별도 추출/전체 디코딩 확인. 아카이브 멤버 경로: autotile/SA-Mpbase02.png,516,200,autotile/SA-Mpbase02.png,オートタイル1（屋外用）
SA-Mpbase03.png,autotile,https://yms.main.jp/dotartworld/page3/autotiles01.html,https://yms.main.jp/dotartworld/sozai/autotile2/autotile-old.zip,SA-Mpbase03.png,/home/main/.local/share/oprn/pixel-art-world-downloads/archive-images/autotile-old/autotile/SA-Mpbase03.png,96,128,e6f257f9f8b557a930aae85f08d08dc17e9a19193bcd13822c379a851dc01e8a,extracted_verified,개인 로컬 수집; 소재 재배포 금지; 공개 작품에 Pixel Art World/ドット絵世界 크레딧. 조건: https://yms.main.jp/dotartworld/page1/rule.html; ZIP 중앙목록 및 전체 CRC 확인.; ZIP 내부 PNG만 별도 추출/전체 디코딩 확인. 아카이브 멤버 경로: autotile/SA-Mpbase03.png,516,200,autotile/SA-Mpbase03.png,オートタイル1（屋外用）
SA-MpbaseFW01.png,autotile,https://yms.main.jp/dotartworld/page3/autotiles01.html,https://yms.main.jp/dotartworld/sozai/autotile2/autotile-old.zip,SA-MpbaseFW01.png,/home/main/.local/share/oprn/pixel-art-world-downloads/archive-images/autotile-old/autotile/SA-MpbaseFW01.png,96,128,88a93f43911018463dce508e3ad7a31f455aeb21cc8480a28eacf885dbdf2bb1,extracted_verified,개인 로컬 수집; 소재 재배포 금지; 공개 작품에 Pixel Art World/ドット絵世界 크레딧. 조건: https://yms.main.jp/dotartworld/page1/rule.html; ZIP 중앙목록 및 전체 CRC 확인.; ZIP 내부 PNG만 별도 추출/전체 디코딩 확인. 아카이브 멤버 경로: autotile/SA-MpbaseFW01.png,5362,200,autotile/SA-MpbaseFW01.png,オートタイル1（屋外用）
SA-MpbaseFW02.png,autotile,https://yms.main.jp/dotartworld/page3/autotiles01.html,https://yms.main.jp/dotartworld/sozai/autotile2/autotile-old.zip,SA-MpbaseFW02.png,/home/main/.local/share/oprn/pixel-art-world-downloads/archive-images/autotile-old/autotile/SA-MpbaseFW02.png,96,128,208137f91f9c4b529445a4295096dcc6d52be6a421ad4b6205118d1193e044eb,extracted_verified,개인 로컬 수집; 소재 재배포 금지; 공개 작품에 Pixel Art World/ドット絵世界 크레딧. 조건: https://yms.main.jp/dotartworld/page1/rule.html; ZIP 중앙목록 및 전체 CRC 확인.; ZIP 내부 PNG만 별도 추출/전체 디코딩 확인. 아카이브 멤버 경로: autotile/SA-MpbaseFW02.png,7972,200,autotile/SA-MpbaseFW02.png,オートタイル1（屋外用）
SA-Mpbase-FW03.png,autotile,https://yms.main.jp/dotartworld/page3/autotiles01.html,https://yms.main.jp/dotartworld/sozai/autotile2/autotile-old.zip,SA-Mpbase-FW03.png,/home/main/.local/share/oprn/pixel-art-world-downloads/archive-images/autotile-old/autotile/SA-Mpbase-FW03.png,96,128,9d1c5db97e40a4891169b67106d455da5c6494ce21ff6063a3e93f1e45fe7f20,extracted_verified,개인 로컬 수집; 소재 재배포 금지; 공개 작품에 Pixel Art World/ドット絵世界 크레딧. 조건: https://yms.main.jp/dotartworld/page1/rule.html; ZIP 중앙목록 및 전체 CRC 확인.; ZIP 내부 PNG만 별도 추출/전체 디코딩 확인. 아카이브 멤버 경로: autotile/SA-Mpbase-FW03.png,2874,200,autotile/SA-Mpbase-FW03.png,オートタイル1（屋外用）
SA-Mpbase-W01.png,autotile,https://yms.main.jp/dotartworld/page3/autotiles01.html,https://yms.main.jp/dotartworld/sozai/autotile2/autotile-old.zip,SA-Mpbase-W01.png,/home/main/.local/share/oprn/pixel-art-world-downloads/archive-images/autotile-old/autotile/SA-Mpbase-W01.png,96,128,a4154232e612261b8019c03a400c488f0759119adbdab730e76d296ccabd3da7,extracted_verified,개인 로컬 수집; 소재 재배포 금지; 공개 작품에 Pixel Art World/ドット絵世界 크레딧. 조건: https://yms.main.jp/dotartworld/page1/rule.html; ZIP 중앙목록 및 전체 CRC 확인.; ZIP 내부 PNG만 별도 추출/전체 디코딩 확인. 아카이브 멤버 경로: autotile/SA-Mpbase-W01.png,417,200,autotile/SA-Mpbase-W01.png,オートタイル1（屋外用）
SA-Mpbase-W02.png,autotile,https://yms.main.jp/dotartworld/page3/autotiles01.html,https://yms.main.jp/dotartworld/sozai/autotile2/autotile-old.zip,SA-Mpbase-W02.png,/home/main/.local/share/oprn/pixel-art-world-downloads/archive-images/autotile-old/autotile/SA-Mpbase-W02.png,96,128,bb1e191470132c51d18d76e5947a0b79f88e997a121b7217ee738dc72e919b6f,extracted_verified,개인 로컬 수집; 소재 재배포 금지; 공개 작품에 Pixel Art World/ドット絵世界 크레딧. 조건: https://yms.main.jp/dotartworld/page1/rule.html; ZIP 중앙목록 및 전체 CRC 확인.; ZIP 내부 PNG만 별도 추출/전체 디코딩 확인. 아카이브 멤버 경로: autotile/SA-Mpbase-W02.png,658,200,autotile/SA-Mpbase-W02.png,オートタイル1（屋外用）
SA-Pool01.png,autotile,https://yms.main.jp/dotartworld/page3/autotiles01.html,https://yms.main.jp/dotartworld/sozai/autotile2/autotile-old.zip,SA-Pool01.png,/home/main/.local/share/oprn/pixel-art-world-downloads/archive-images/autotile-old/autotile/SA-Pool01.png,96,128,c5d667991f48e48c9ec3ac09ae4e072370e0d6358cc2f10452c4b8c3f9b16b17,extracted_verified,개인 로컬 수집; 소재 재배포 금지; 공개 작품에 Pixel Art World/ドット絵世界 크레딧. 조건: https://yms.main.jp/dotartworld/page1/rule.html; ZIP 중앙목록 및 전체 CRC 확인.; ZIP 내부 PNG만 별도 추출/전체 디코딩 확인. 아카이브 멤버 경로: autotile/SA-Pool01.png,2990,200,autotile/SA-Pool01.png,オートタイル1（屋外用）
SA-Pool02.png,autotile,https://yms.main.jp/dotartworld/page3/autotiles01.html,https://yms.main.jp/dotartworld/sozai/autotile2/autotile-old.zip,SA-Pool02.png,/home/main/.local/share/oprn/pixel-art-world-downloads/archive-images/autotile-old/autotile/SA-Pool02.png,96,128,014cf4fbd29c2ba9f32d53fc88fc4d123f04763f0b7c51075fc17ffdcfa97d96,extracted_verified,개인 로컬 수집; 소재 재배포 금지; 공개 작품에 Pixel Art World/ドット絵世界 크레딧. 조건: https://yms.main.jp/dotartworld/page1/rule.html; ZIP 중앙목록 및 전체 CRC 확인.; ZIP 내부 PNG만 별도 추출/전체 디코딩 확인. 아카이브 멤버 경로: autotile/SA-Pool02.png,2988,200,autotile/SA-Pool02.png,オートタイル1（屋外用）
SA-Road01.png,autotile,https://yms.main.jp/dotartworld/page3/autotiles01.html,https://yms.main.jp/dotartworld/sozai/autotile2/autotile-old.zip,SA-Road01.png,/home/main/.local/share/oprn/pixel-art-world-downloads/archive-images/autotile-old/autotile/SA-Road01.png,96,128,75143c8774d6bf9ede0850784c8878116f70ca08db2f8151b9a889095793c77a,extracted_verified,개인 로컬 수집; 소재 재배포 금지; 공개 작품에 Pixel Art World/ドット絵世界 크레딧. 조건: https://yms.main.jp/dotartworld/page1/rule.html; ZIP 중앙목록 및 전체 CRC 확인.; ZIP 내부 PNG만 별도 추출/전체 디코딩 확인. 아카이브 멤버 경로: autotile/SA-Road01.png,1357,200,autotile/SA-Road01.png,オートタイル1（屋外用）
SA-Road02.png,autotile,https://yms.main.jp/dotartworld/page3/autotiles01.html,https://yms.main.jp/dotartworld/sozai/autotile2/autotile-old.zip,SA-Road02.png,/home/main/.local/share/oprn/pixel-art-world-downloads/archive-images/autotile-old/autotile/SA-Road02.png,96,128,39eb3e4642f97c44d849f81815594b223b1dfb9f2edf0a6a51b50b862d0d8b1d,extracted_verified,개인 로컬 수집; 소재 재배포 금지; 공개 작품에 Pixel Art World/ドット絵世界 크레딧. 조건: https://yms.main.jp/dotartworld/page1/rule.html; ZIP 중앙목록 및 전체 CRC 확인.; ZIP 내부 PNG만 별도 추출/전체 디코딩 확인. 아카이브 멤버 경로: autotile/SA-Road02.png,1397,200,autotile/SA-Road02.png,オートタイル1（屋外用）
SA-Roof01.png,autotile,https://yms.main.jp/dotartworld/page3/autotiles01.html,https://yms.main.jp/dotartworld/sozai/autotile2/autotile-old.zip,SA-Roof01.png,/home/main/.local/share/oprn/pixel-art-world-downloads/archive-images/autotile-old/autotile/SA-Roof01.png,96,128,15d7faf904362bb07108b2e407fb750fd242f1c7db9c4ca2f5f27f2e0aec74bb,extracted_verified,개인 로컬 수집; 소재 재배포 금지; 공개 작품에 Pixel Art World/ドット絵世界 크레딧. 조건: https://yms.main.jp/dotartworld/page1/rule.html; ZIP 중앙목록 및 전체 CRC 확인.; ZIP 내부 PNG만 별도 추출/전체 디코딩 확인. 아카이브 멤버 경로: autotile/SA-Roof01.png,965,200,autotile/SA-Roof01.png,オートタイル1（屋外用）
SA-Roof02.png,autotile,https://yms.main.jp/dotartworld/page3/autotiles01.html,https://yms.main.jp/dotartworld/sozai/autotile2/autotile-old.zip,SA-Roof02.png,/home/main/.local/share/oprn/pixel-art-world-downloads/archive-images/autotile-old/autotile/SA-Roof02.png,96,128,aeda7393c7487ad44f56349d57005c5b58419c5ac0864b566b2497850339a870,extracted_verified,개인 로컬 수집; 소재 재배포 금지; 공개 작품에 Pixel Art World/ドット絵世界 크레딧. 조건: https://yms.main.jp/dotartworld/page1/rule.html; ZIP 중앙목록 및 전체 CRC 확인.; ZIP 내부 PNG만 별도 추출/전체 디코딩 확인. 아카이브 멤버 경로: autotile/SA-Roof02.png,840,200,autotile/SA-Roof02.png,オートタイル1（屋外用）
SA-Roof03.png,autotile,https://yms.main.jp/dotartworld/page3/autotiles01.html,https://yms.main.jp/dotartworld/sozai/autotile2/autotile-old.zip,SA-Roof03.png,/home/main/.local/share/oprn/pixel-art-world-downloads/archive-images/autotile-old/autotile/SA-Roof03.png,96,128,55d8e553744cff68e527f755b600ce978472f62c61684e127bb1da3c578d47ee,extracted_verified,개인 로컬 수집; 소재 재배포 금지; 공개 작품에 Pixel Art World/ドット絵世界 크레딧. 조건: https://yms.main.jp/dotartworld/page1/rule.html; ZIP 중앙목록 및 전체 CRC 확인.; ZIP 내부 PNG만 별도 추출/전체 디코딩 확인. 아카이브 멤버 경로: autotile/SA-Roof03.png,2057,200,autotile/SA-Roof03.png,オートタイル1（屋外用）
SA-Roof04.png,autotile,https://yms.main.jp/dotartworld/page3/autotiles01.html,https://yms.main.jp/dotartworld/sozai/autotile2/autotile-old.zip,SA-Roof04.png,/home/main/.local/share/oprn/pixel-art-world-downloads/archive-images/autotile-old/autotile/SA-Roof04.png,96,128,66339559aa492af2d0cc973c7fce0e99ff73ab031a95abcb864c3a71bc9c3a3b,extracted_verified,개인 로컬 수집; 소재 재배포 금지; 공개 작품에 Pixel Art World/ドット絵世界 크레딧. 조건: https://yms.main.jp/dotartworld/page1/rule.html; ZIP 중앙목록 및 전체 CRC 확인.; ZIP 내부 PNG만 별도 추출/전체 디코딩 확인. 아카이브 멤버 경로: autotile/SA-Roof04.png,1944,200,autotile/SA-Roof04.png,オートタイル1（屋外用）
SA-Saku01.png,autotile,https://yms.main.jp/dotartworld/page3/autotiles01.html,https://yms.main.jp/dotartworld/sozai/autotile2/autotile-old.zip,SA-Saku01.png,/home/main/.local/share/oprn/pixel-art-world-downloads/archive-images/autotile-old/autotile/SA-Saku01.png,96,128,14025ba78f24984ae8e497fcda90c860795ac993999a48fcd1fe1eca48810dfb,extracted_verified,개인 로컬 수집; 소재 재배포 금지; 공개 작품에 Pixel Art World/ドット絵世界 크레딧. 조건: https://yms.main.jp/dotartworld/page1/rule.html; ZIP 중앙목록 및 전체 CRC 확인.; ZIP 내부 PNG만 별도 추출/전체 디코딩 확인. 아카이브 멤버 경로: autotile/SA-Saku01.png,509,200,autotile/SA-Saku01.png,オートタイル1（屋外用）
SA-Seawds01.png,autotile,https://yms.main.jp/dotartworld/page3/autotiles01.html,https://yms.main.jp/dotartworld/sozai/autotile2/autotile-old.zip,SA-Seawds01.png,/home/main/.local/share/oprn/pixel-art-world-downloads/archive-images/autotile-old/autotile/SA-Seawds01.png,96,128,d4cbc1540c7894c1e9832d8a1d896099a764dc59f3f32721d6832a78b637c693,extracted_verified,개인 로컬 수집; 소재 재배포 금지; 공개 작품에 Pixel Art World/ドット絵世界 크레딧. 조건: https://yms.main.jp/dotartworld/page1/rule.html; ZIP 중앙목록 및 전체 CRC 확인.; ZIP 내부 PNG만 별도 추출/전체 디코딩 확인. 아카이브 멤버 경로: autotile/SA-Seawds01.png,1615,200,autotile/SA-Seawds01.png,オートタイル1（屋外用）
SA-StFence01.png,autotile,https://yms.main.jp/dotartworld/page3/autotiles01.html,https://yms.main.jp/dotartworld/sozai/autotile2/autotile-old.zip,SA-StFence01.png,/home/main/.local/share/oprn/pixel-art-world-downloads/archive-images/autotile-old/autotile/SA-StFence01.png,96,128,044903b00847d39b544161650ed36e27f55c9297fbe181cf944db847bc022ebe,extracted_verified,개인 로컬 수집; 소재 재배포 금지; 공개 작품에 Pixel Art World/ドット絵世界 크레딧. 조건: https://yms.main.jp/dotartworld/page1/rule.html; ZIP 중앙목록 및 전체 CRC 확인.; ZIP 내부 PNG만 별도 추출/전체 디코딩 확인. 아카이브 멤버 경로: autotile/SA-StFence01.png,2922,200,autotile/SA-StFence01.png,オートタイル1（屋外用）
SA-Stone01.png,autotile,https://yms.main.jp/dotartworld/page3/autotiles01.html,https://yms.main.jp/dotartworld/sozai/autotile2/autotile-old.zip,SA-Stone01.png,/home/main/.local/share/oprn/pixel-art-world-downloads/archive-images/autotile-old/autotile/SA-Stone01.png,96,128,f95bc27374180a08be1a20598986cbe834e96d5437898e7238d52ab92dc6da48,extracted_verified,개인 로컬 수집; 소재 재배포 금지; 공개 작품에 Pixel Art World/ドット絵世界 크레딧. 조건: https://yms.main.jp/dotartworld/page1/rule.html; ZIP 중앙목록 및 전체 CRC 확인.; ZIP 내부 PNG만 별도 추출/전체 디코딩 확인. 아카이브 멤버 경로: autotile/SA-Stone01.png,4839,200,autotile/SA-Stone01.png,オートタイル1（屋外用）
SA-Sunoko01.png,autotile,https://yms.main.jp/dotartworld/page3/autotiles01.html,https://yms.main.jp/dotartworld/sozai/autotile2/autotile-old.zip,SA-Sunoko01.png,/home/main/.local/share/oprn/pixel-art-world-downloads/archive-images/autotile-old/autotile/SA-Sunoko01.png,96,128,302b8428dad359eb59c66dc65f8e5350b92e87b11924dbf74b3c24536cfdb55e,extracted_verified,개인 로컬 수집; 소재 재배포 금지; 공개 작품에 Pixel Art World/ドット絵世界 크레딧. 조건: https://yms.main.jp/dotartworld/page1/rule.html; ZIP 중앙목록 및 전체 CRC 확인.; ZIP 내부 PNG만 별도 추출/전체 디코딩 확인. 아카이브 멤버 경로: autotile/SA-Sunoko01.png,1050,200,autotile/SA-Sunoko01.png,オートタイル1（屋外用）
SA-Sunoko02.png,autotile,https://yms.main.jp/dotartworld/page3/autotiles01.html,https://yms.main.jp/dotartworld/sozai/autotile2/autotile-old.zip,SA-Sunoko02.png,/home/main/.local/share/oprn/pixel-art-world-downloads/archive-images/autotile-old/autotile/SA-Sunoko02.png,96,128,0eb57527f3f5bc059145399cab23f66a80e10e5690fa70cb03a3262b97d4d638,extracted_verified,개인 로컬 수집; 소재 재배포 금지; 공개 작품에 Pixel Art World/ドット絵世界 크레딧. 조건: https://yms.main.jp/dotartworld/page1/rule.html; ZIP 중앙목록 및 전체 CRC 확인.; ZIP 내부 PNG만 별도 추출/전체 디코딩 확인. 아카이브 멤버 경로: autotile/SA-Sunoko02.png,1122,200,autotile/SA-Sunoko02.png,オートタイル1（屋外用）
SA-Sunoko03.png,autotile,https://yms.main.jp/dotartworld/page3/autotiles01.html,https://yms.main.jp/dotartworld/sozai/autotile2/autotile-old.zip,SA-Sunoko03.png,/home/main/.local/share/oprn/pixel-art-world-downloads/archive-images/autotile-old/autotile/SA-Sunoko03.png,96,128,3c32c8cd88efabea454916981d4aac6df62244ef386f760eac892d81a058b03d,extracted_verified,개인 로컬 수집; 소재 재배포 금지; 공개 작품에 Pixel Art World/ドット絵世界 크레딧. 조건: https://yms.main.jp/dotartworld/page1/rule.html; ZIP 중앙목록 및 전체 CRC 확인.; ZIP 내부 PNG만 별도 추출/전체 디코딩 확인. 아카이브 멤버 경로: autotile/SA-Sunoko03.png,1176,200,autotile/SA-Sunoko03.png,オートタイル1（屋外用）
SA-Wall01.png,autotile,https://yms.main.jp/dotartworld/page3/autotiles01.html,https://yms.main.jp/dotartworld/sozai/autotile2/autotile-old.zip,SA-Wall01.png,/home/main/.local/share/oprn/pixel-art-world-downloads/archive-images/autotile-old/autotile/SA-Wall01.png,96,128,7732b153bd79758151858409e92b74e49176047e41d5a09f100283dc1e42d861,extracted_verified,개인 로컬 수집; 소재 재배포 금지; 공개 작품에 Pixel Art World/ドット絵世界 크레딧. 조건: https://yms.main.jp/dotartworld/page1/rule.html; ZIP 중앙목록 및 전체 CRC 확인.; ZIP 내부 PNG만 별도 추출/전체 디코딩 확인. 아카이브 멤버 경로: autotile/SA-Wall01.png,444,200,autotile/SA-Wall01.png,オートタイル1（屋外用）
SA-Wall02.png,autotile,https://yms.main.jp/dotartworld/page3/autotiles01.html,https://yms.main.jp/dotartworld/sozai/autotile2/autotile-old.zip,SA-Wall02.png,/home/main/.local/share/oprn/pixel-art-world-downloads/archive-images/autotile-old/autotile/SA-Wall02.png,96,128,682d7a80bb67179422af40e063c4d4acf474e3f7e81e78c9512f5d1c93a8016a,extracted_verified,개인 로컬 수집; 소재 재배포 금지; 공개 작품에 Pixel Art World/ドット絵世界 크레딧. 조건: https://yms.main.jp/dotartworld/page1/rule.html; ZIP 중앙목록 및 전체 CRC 확인.; ZIP 내부 PNG만 별도 추출/전체 디코딩 확인. 아카이브 멤버 경로: autotile/SA-Wall02.png,286,200,autotile/SA-Wall02.png,オートタイル1（屋外用）
SA-Wall03.png,autotile,https://yms.main.jp/dotartworld/page3/autotiles01.html,https://yms.main.jp/dotartworld/sozai/autotile2/autotile-old.zip,SA-Wall03.png,/home/main/.local/share/oprn/pixel-art-world-downloads/archive-images/autotile-old/autotile/SA-Wall03.png,96,128,3123f01148956fa8c3cbf7d19ad9b8268fd859887d1f3230031fdfdd88b8af29,extracted_verified,개인 로컬 수집; 소재 재배포 금지; 공개 작품에 Pixel Art World/ドット絵世界 크레딧. 조건: https://yms.main.jp/dotartworld/page1/rule.html; ZIP 중앙목록 및 전체 CRC 확인.; ZIP 내부 PNG만 별도 추출/전체 디코딩 확인. 아카이브 멤버 경로: autotile/SA-Wall03.png,1489,200,autotile/SA-Wall03.png,オートタイル1（屋外用）
SA-Window01.png,autotile,https://yms.main.jp/dotartworld/page3/autotiles01.html,https://yms.main.jp/dotartworld/sozai/autotile2/autotile-old.zip,SA-Window01.png,/home/main/.local/share/oprn/pixel-art-world-downloads/archive-images/autotile-old/autotile/SA-Window01.png,96,128,1bf360bf97d9b0079c15c61ac71b6e3ac0e84397d6d5f2e5676d312a755dca48,extracted_verified,개인 로컬 수집; 소재 재배포 금지; 공개 작품에 Pixel Art World/ドット絵世界 크레딧. 조건: https://yms.main.jp/dotartworld/page1/rule.html; ZIP 중앙목록 및 전체 CRC 확인.; ZIP 내부 PNG만 별도 추출/전체 디코딩 확인. 아카이브 멤버 경로: autotile/SA-Window01.png,545,200,autotile/SA-Window01.png,オートタイル1（屋外用）
SA-Asphalt01.png,autotile,https://yms.main.jp/dotartworld/page3/autotiles01.html,https://yms.main.jp/dotartworld/sozai/autotile2/autotile-ex.zip,SA-Asphalt01.png,/home/main/.local/share/oprn/pixel-art-world-downloads/archive-images/autotile-ex/autotile-ex/SA-Asphalt01.png,96,128,ad12ed690dbdf8f8228c8dd62514463a71f091c4bab4d761abd244d5db4b4f99,extracted_verified,개인 로컬 수집; 소재 재배포 금지; 공개 작품에 Pixel Art World/ドット絵世界 크레딧. 조건: https://yms.main.jp/dotartworld/page1/rule.html; ZIP 중앙목록 및 전체 CRC 확인.; ZIP 내부 PNG만 별도 추출/전체 디코딩 확인. 아카이브 멤버 경로: autotile-ex/SA-Asphalt01.png,3068,200,autotile-ex/SA-Asphalt01.png,オートタイル1（屋外用）
SA-Asphalt02.png,autotile,https://yms.main.jp/dotartworld/page3/autotiles01.html,https://yms.main.jp/dotartworld/sozai/autotile2/autotile-ex.zip,SA-Asphalt02.png,/home/main/.local/share/oprn/pixel-art-world-downloads/archive-images/autotile-ex/autotile-ex/SA-Asphalt02.png,96,128,b52a639ecc8278243d594c2ab9d0341f7687e4b3b8ade8816ce0bf19f82b81cb,extracted_verified,개인 로컬 수집; 소재 재배포 금지; 공개 작품에 Pixel Art World/ドット絵世界 크레딧. 조건: https://yms.main.jp/dotartworld/page1/rule.html; ZIP 중앙목록 및 전체 CRC 확인.; ZIP 내부 PNG만 별도 추출/전체 디코딩 확인. 아카이브 멤버 경로: autotile-ex/SA-Asphalt02.png,2634,200,autotile-ex/SA-Asphalt02.png,オートタイル1（屋外用）
SA-AsphaltBase.png,autotile,https://yms.main.jp/dotartworld/page3/autotiles01.html,https://yms.main.jp/dotartworld/sozai/autotile2/autotile-ex.zip,SA-AsphaltBase.png,/home/main/.local/share/oprn/pixel-art-world-downloads/archive-images/autotile-ex/autotile-ex/SA-AsphaltBase.png,96,128,3ac2ab1dbe273efe71c09e1a0a31c11a760c364249d0aab9deaaa29fd1c55905,extracted_verified,개인 로컬 수집; 소재 재배포 금지; 공개 작품에 Pixel Art World/ドット絵世界 크레딧. 조건: https://yms.main.jp/dotartworld/page1/rule.html; ZIP 중앙목록 및 전체 CRC 확인.; ZIP 내부 PNG만 별도 추출/전체 디코딩 확인. 아카이브 멤버 경로: autotile-ex/SA-AsphaltBase.png,3558,200,autotile-ex/SA-AsphaltBase.png,オートタイル1（屋外用）
SA-AsphaltRoad01.png,autotile,https://yms.main.jp/dotartworld/page3/autotiles01.html,https://yms.main.jp/dotartworld/sozai/autotile2/autotile-ex.zip,SA-AsphaltRoad01.png,/home/main/.local/share/oprn/pixel-art-world-downloads/archive-images/autotile-ex/autotile-ex/SA-AsphaltRoad01.png,96,128,1defffef1fe5d051ce71e8b6814dbd3b64560c930e84a284ced4255df109395f,extracted_verified,개인 로컬 수집; 소재 재배포 금지; 공개 작품에 Pixel Art World/ドット絵世界 크레딧. 조건: https://yms.main.jp/dotartworld/page1/rule.html; ZIP 중앙목록 및 전체 CRC 확인.; ZIP 내부 PNG만 별도 추출/전체 디코딩 확인. 아카이브 멤버 경로: autotile-ex/SA-AsphaltRoad01.png,523,200,autotile-ex/SA-AsphaltRoad01.png,オートタイル1（屋外用）
SA-BSheet01.png,autotile,https://yms.main.jp/dotartworld/page3/autotiles01.html,https://yms.main.jp/dotartworld/sozai/autotile2/autotile-ex.zip,SA-BSheet01.png,/home/main/.local/share/oprn/pixel-art-world-downloads/archive-images/autotile-ex/autotile-ex/SA-BSheet01.png,96,128,713cc77d444f48aba977b00fd1fc374480d746124a6889ae5f66a2d3278dfb09,extracted_verified,개인 로컬 수집; 소재 재배포 금지; 공개 작품에 Pixel Art World/ドット絵世界 크레딧. 조건: https://yms.main.jp/dotartworld/page1/rule.html; ZIP 중앙목록 및 전체 CRC 확인.; ZIP 내부 PNG만 별도 추출/전체 디코딩 확인. 아카이브 멤버 경로: autotile-ex/SA-BSheet01.png,330,200,autotile-ex/SA-BSheet01.png,オートタイル1（屋外用）
SA-Concrete01.png,autotile,https://yms.main.jp/dotartworld/page3/autotiles01.html,https://yms.main.jp/dotartworld/sozai/autotile2/autotile-ex.zip,SA-Concrete01.png,/home/main/.local/share/oprn/pixel-art-world-downloads/archive-images/autotile-ex/autotile-ex/SA-Concrete01.png,96,128,016edc7b7572e20684cfa259e383312619d7ed4d52b55db3d4bb44b67c6aa1c0,extracted_verified,개인 로컬 수집; 소재 재배포 금지; 공개 작품에 Pixel Art World/ドット絵世界 크레딧. 조건: https://yms.main.jp/dotartworld/page1/rule.html; ZIP 중앙목록 및 전체 CRC 확인.; ZIP 내부 PNG만 별도 추출/전체 디코딩 확인. 아카이브 멤버 경로: autotile-ex/SA-Concrete01.png,970,200,autotile-ex/SA-Concrete01.png,オートタイル1（屋外用）
SA-Concrete02.png,autotile,https://yms.main.jp/dotartworld/page3/autotiles01.html,https://yms.main.jp/dotartworld/sozai/autotile2/autotile-ex.zip,SA-Concrete02.png,/home/main/.local/share/oprn/pixel-art-world-downloads/archive-images/autotile-ex/autotile-ex/SA-Concrete02.png,96,128,5b799e358a317b29b87d1d69e0e72b2526aaf155e3770da4b57c46e7bb5a95c9,extracted_verified,개인 로컬 수집; 소재 재배포 금지; 공개 작품에 Pixel Art World/ドット絵世界 크레딧. 조건: https://yms.main.jp/dotartworld/page1/rule.html; ZIP 중앙목록 및 전체 CRC 확인.; ZIP 내부 PNG만 별도 추출/전체 디코딩 확인. 아카이브 멤버 경로: autotile-ex/SA-Concrete02.png,702,200,autotile-ex/SA-Concrete02.png,オートタイル1（屋外用）
SA-Concrete03.png,autotile,https://yms.main.jp/dotartworld/page3/autotiles01.html,https://yms.main.jp/dotartworld/sozai/autotile2/autotile-ex.zip,SA-Concrete03.png,/home/main/.local/share/oprn/pixel-art-world-downloads/archive-images/autotile-ex/autotile-ex/SA-Concrete03.png,96,128,d3d589e1215cdcca23b17c4a2654d907cd5171e03eb5ec4d23d9ec602a726cad,extracted_verified,개인 로컬 수집; 소재 재배포 금지; 공개 작품에 Pixel Art World/ドット絵世界 크레딧. 조건: https://yms.main.jp/dotartworld/page1/rule.html; ZIP 중앙목록 및 전체 CRC 확인.; ZIP 내부 PNG만 별도 추출/전체 디코딩 확인. 아카이브 멤버 경로: autotile-ex/SA-Concrete03.png,741,200,autotile-ex/SA-Concrete03.png,オートタイル1（屋外用）
SA-Ditch01.png,autotile,https://yms.main.jp/dotartworld/page3/autotiles01.html,https://yms.main.jp/dotartworld/sozai/autotile2/autotile-ex.zip,SA-Ditch01.png,/home/main/.local/share/oprn/pixel-art-world-downloads/archive-images/autotile-ex/autotile-ex/SA-Ditch01.png,384,128,ce6b06ca456e3bae08680d1fb6dad2eada83c9ab78bfdd1fd5895be7a9b9b7dc,extracted_verified,개인 로컬 수집; 소재 재배포 금지; 공개 작품에 Pixel Art World/ドット絵世界 크레딧. 조건: https://yms.main.jp/dotartworld/page1/rule.html; ZIP 중앙목록 및 전체 CRC 확인.; ZIP 내부 PNG만 별도 추출/전체 디코딩 확인. 아카이브 멤버 경로: autotile-ex/SA-Ditch01.png,4112,200,autotile-ex/SA-Ditch01.png,オートタイル1（屋外用）
SA-Ditch02.png,autotile,https://yms.main.jp/dotartworld/page3/autotiles01.html,https://yms.main.jp/dotartworld/sozai/autotile2/autotile-ex.zip,SA-Ditch02.png,/home/main/.local/share/oprn/pixel-art-world-downloads/archive-images/autotile-ex/autotile-ex/SA-Ditch02.png,384,128,1807918dbe8edb5cc53cf4415d6a01939343992dde376733d59671256ed4a9cc,extracted_verified,개인 로컬 수집; 소재 재배포 금지; 공개 작품에 Pixel Art World/ドット絵世界 크레딧. 조건: https://yms.main.jp/dotartworld/page1/rule.html; ZIP 중앙목록 및 전체 CRC 확인.; ZIP 내부 PNG만 별도 추출/전체 디코딩 확인. 아카이브 멤버 경로: autotile-ex/SA-Ditch02.png,7081,200,autotile-ex/SA-Ditch02.png,オートタイル1（屋外用）
SA-Ditch03.png,autotile,https://yms.main.jp/dotartworld/page3/autotiles01.html,https://yms.main.jp/dotartworld/sozai/autotile2/autotile-ex.zip,SA-Ditch03.png,/home/main/.local/share/oprn/pixel-art-world-downloads/archive-images/autotile-ex/autotile-ex/SA-Ditch03.png,384,128,96e87341f368f714ae6f425e707bebec851a09a7bd409ab76736a8705fcb3efc,extracted_verified,개인 로컬 수집; 소재 재배포 금지; 공개 작품에 Pixel Art World/ドット絵世界 크레딧. 조건: https://yms.main.jp/dotartworld/page1/rule.html; ZIP 중앙목록 및 전체 CRC 확인.; ZIP 내부 PNG만 별도 추출/전체 디코딩 확인. 아카이브 멤버 경로: autotile-ex/SA-Ditch03.png,7061,200,autotile-ex/SA-Ditch03.png,オートタイル1（屋外用）
SA-Ditch04.png,autotile,https://yms.main.jp/dotartworld/page3/autotiles01.html,https://yms.main.jp/dotartworld/sozai/autotile2/autotile-ex.zip,SA-Ditch04.png,/home/main/.local/share/oprn/pixel-art-world-downloads/archive-images/autotile-ex/autotile-ex/SA-Ditch04.png,384,128,3dc2947162346fee2479d107ddc071c8c0c025526271d3461c5ffc2b3c5ca809,extracted_verified,개인 로컬 수집; 소재 재배포 금지; 공개 작품에 Pixel Art World/ドット絵世界 크레딧. 조건: https://yms.main.jp/dotartworld/page1/rule.html; ZIP 중앙목록 및 전체 CRC 확인.; ZIP 내부 PNG만 별도 추출/전체 디코딩 확인. 아카이브 멤버 경로: autotile-ex/SA-Ditch04.png,6960,200,autotile-ex/SA-Ditch04.png,オートタイル1（屋外用）
SA-DSRoad01.png,autotile,https://yms.main.jp/dotartworld/page3/autotiles01.html,https://yms.main.jp/dotartworld/sozai/autotile2/autotile-ex.zip,SA-DSRoad01.png,/home/main/.local/share/oprn/pixel-art-world-downloads/archive-images/autotile-ex/autotile-ex/SA-DSRoad01.png,96,128,6c0a5f24d219e3bb03097cfbf361c5a2ebc9ecf78f9a88438a3792f0b6d3720b,extracted_verified,개인 로컬 수집; 소재 재배포 금지; 공개 작품에 Pixel Art World/ドット絵世界 크레딧. 조건: https://yms.main.jp/dotartworld/page1/rule.html; ZIP 중앙목록 및 전체 CRC 확인.; ZIP 내부 PNG만 별도 추출/전체 디코딩 확인. 아카이브 멤버 경로: autotile-ex/SA-DSRoad01.png,9579,200,autotile-ex/SA-DSRoad01.png,オートタイル1（屋外用）
SA-DwayA01.png,autotile,https://yms.main.jp/dotartworld/page3/autotiles01.html,https://yms.main.jp/dotartworld/sozai/autotile2/autotile-ex.zip,SA-DwayA01.png,/home/main/.local/share/oprn/pixel-art-world-downloads/archive-images/autotile-ex/autotile-ex/SA-DwayA01.png,96,128,80110c41f17f349bd762dc5c5e9a3bf55f5eb60e7ee8daa11947c95999cf5d74,extracted_verified,개인 로컬 수집; 소재 재배포 금지; 공개 작품에 Pixel Art World/ドット絵世界 크레딧. 조건: https://yms.main.jp/dotartworld/page1/rule.html; ZIP 중앙목록 및 전체 CRC 확인.; ZIP 내부 PNG만 별도 추출/전체 디코딩 확인. 아카이브 멤버 경로: autotile-ex/SA-DwayA01.png,299,200,autotile-ex/SA-DwayA01.png,オートタイル1（屋外用）
SA-DwayA02.png,autotile,https://yms.main.jp/dotartworld/page3/autotiles01.html,https://yms.main.jp/dotartworld/sozai/autotile2/autotile-ex.zip,SA-DwayA02.png,/home/main/.local/share/oprn/pixel-art-world-downloads/archive-images/autotile-ex/autotile-ex/SA-DwayA02.png,96,128,c556bf8db2a7c0c89168c18d657747c2a9303b591a909662d6fdb4a1705d93a4,extracted_verified,개인 로컬 수집; 소재 재배포 금지; 공개 작품에 Pixel Art World/ドット絵世界 크레딧. 조건: https://yms.main.jp/dotartworld/page1/rule.html; ZIP 중앙목록 및 전체 CRC 확인.; ZIP 내부 PNG만 별도 추출/전체 디코딩 확인. 아카이브 멤버 경로: autotile-ex/SA-DwayA02.png,300,200,autotile-ex/SA-DwayA02.png,オートタイル1（屋外用）
SA-DwayB01.png,autotile,https://yms.main.jp/dotartworld/page3/autotiles01.html,https://yms.main.jp/dotartworld/sozai/autotile2/autotile-ex.zip,SA-DwayB01.png,/home/main/.local/share/oprn/pixel-art-world-downloads/archive-images/autotile-ex/autotile-ex/SA-DwayB01.png,96,128,e2dd3bbd80898b0ff97f8201df693862234a6debb07227a72b52cf8d7a0183e0,extracted_verified,개인 로컬 수집; 소재 재배포 금지; 공개 작품에 Pixel Art World/ドット絵世界 크레딧. 조건: https://yms.main.jp/dotartworld/page1/rule.html; ZIP 중앙목록 및 전체 CRC 확인.; ZIP 내부 PNG만 별도 추출/전체 디코딩 확인. 아카이브 멤버 경로: autotile-ex/SA-DwayB01.png,415,200,autotile-ex/SA-DwayB01.png,オートタイル1（屋外用）
SA-DwayB02.png,autotile,https://yms.main.jp/dotartworld/page3/autotiles01.html,https://yms.main.jp/dotartworld/sozai/autotile2/autotile-ex.zip,SA-DwayB02.png,/home/main/.local/share/oprn/pixel-art-world-downloads/archive-images/autotile-ex/autotile-ex/SA-DwayB02.png,96,128,7c99d41b353e93af972a331fe2a2a758fdf8d006c6ef7a88b16679ff7874abeb,extracted_verified,개인 로컬 수집; 소재 재배포 금지; 공개 작품에 Pixel Art World/ドット絵世界 크레딧. 조건: https://yms.main.jp/dotartworld/page1/rule.html; ZIP 중앙목록 및 전체 CRC 확인.; ZIP 내부 PNG만 별도 추출/전체 디코딩 확인. 아카이브 멤버 경로: autotile-ex/SA-DwayB02.png,409,200,autotile-ex/SA-DwayB02.png,オートタイル1（屋外用）
SA-DwayC01.png,autotile,https://yms.main.jp/dotartworld/page3/autotiles01.html,https://yms.main.jp/dotartworld/sozai/autotile2/autotile-ex.zip,SA-DwayC01.png,/home/main/.local/share/oprn/pixel-art-world-downloads/archive-images/autotile-ex/autotile-ex/SA-DwayC01.png,96,128,451daedeab8e739a683202d6c1c563f4a6fcd452785c591839dbbd929509998f,extracted_verified,개인 로컬 수집; 소재 재배포 금지; 공개 작품에 Pixel Art World/ドット絵世界 크레딧. 조건: https://yms.main.jp/dotartworld/page1/rule.html; ZIP 중앙목록 및 전체 CRC 확인.; ZIP 내부 PNG만 별도 추출/전체 디코딩 확인. 아카이브 멤버 경로: autotile-ex/SA-DwayC01.png,459,200,autotile-ex/SA-DwayC01.png,オートタイル1（屋外用）
SA-DwayC02.png,autotile,https://yms.main.jp/dotartworld/page3/autotiles01.html,https://yms.main.jp/dotartworld/sozai/autotile2/autotile-ex.zip,SA-DwayC02.png,/home/main/.local/share/oprn/pixel-art-world-downloads/archive-images/autotile-ex/autotile-ex/SA-DwayC02.png,96,128,7a5e91a10c19ec70e250baa962960785cf4dc22b64780d157659c3420ef3e6a0,extracted_verified,개인 로컬 수집; 소재 재배포 금지; 공개 작품에 Pixel Art World/ドット絵世界 크레딧. 조건: https://yms.main.jp/dotartworld/page1/rule.html; ZIP 중앙목록 및 전체 CRC 확인.; ZIP 내부 PNG만 별도 추출/전체 디코딩 확인. 아카이브 멤버 경로: autotile-ex/SA-DwayC02.png,459,200,autotile-ex/SA-DwayC02.png,オートタイル1（屋外用）
SA-DwayD01.png,autotile,https://yms.main.jp/dotartworld/page3/autotiles01.html,https://yms.main.jp/dotartworld/sozai/autotile2/autotile-ex.zip,SA-DwayD01.png,/home/main/.local/share/oprn/pixel-art-world-downloads/archive-images/autotile-ex/autotile-ex/SA-DwayD01.png,96,128,bafe03e12b7a9efae447f749b8bfd3c7e1c99b12a1d997caebcc83f268c2e047,extracted_verified,개인 로컬 수집; 소재 재배포 금지; 공개 작품에 Pixel Art World/ドット絵世界 크레딧. 조건: https://yms.main.jp/dotartworld/page1/rule.html; ZIP 중앙목록 및 전체 CRC 확인.; ZIP 내부 PNG만 별도 추출/전체 디코딩 확인. 아카이브 멤버 경로: autotile-ex/SA-DwayD01.png,878,200,autotile-ex/SA-DwayD01.png,オートタイル1（屋外用）
SA-Flower01.png,autotile,https://yms.main.jp/dotartworld/page3/autotiles01.html,https://yms.main.jp/dotartworld/sozai/autotile2/autotile-ex.zip,SA-Flower01.png,/home/main/.local/share/oprn/pixel-art-world-downloads/archive-images/autotile-ex/autotile-ex/SA-Flower01.png,96,128,bad6589aa0a5b577e87e5e1e335b33210bb50f9586978a016d162cb2a5eceb8f,extracted_verified,개인 로컬 수집; 소재 재배포 금지; 공개 작품에 Pixel Art World/ドット絵世界 크레딧. 조건: https://yms.main.jp/dotartworld/page1/rule.html; ZIP 중앙목록 및 전체 CRC 확인.; ZIP 내부 PNG만 별도 추출/전체 디코딩 확인. 아카이브 멤버 경로: autotile-ex/SA-Flower01.png,4894,200,autotile-ex/SA-Flower01.png,オートタイル1（屋外用）
SA-GBorderA01.png,autotile,https://yms.main.jp/dotartworld/page3/autotiles01.html,https://yms.main.jp/dotartworld/sozai/autotile2/autotile-ex.zip,SA-GBorderA01.png,/home/main/.local/share/oprn/pixel-art-world-downloads/archive-images/autotile-ex/autotile-ex/SA-GBorderA01.png,96,128,8b6daad6a51892ee50c3dd3eb595ced93e4428954483380f08481b6dc80ec0a2,extracted_verified,개인 로컬 수집; 소재 재배포 금지; 공개 작품에 Pixel Art World/ドット絵世界 크레딧. 조건: https://yms.main.jp/dotartworld/page1/rule.html; ZIP 중앙목록 및 전체 CRC 확인.; ZIP 내부 PNG만 별도 추출/전체 디코딩 확인. 아카이브 멤버 경로: autotile-ex/SA-GBorderA01.png,2294,200,autotile-ex/SA-GBorderA01.png,オートタイル1（屋外用）
SA-GBorderA02.png,autotile,https://yms.main.jp/dotartworld/page3/autotiles01.html,https://yms.main.jp/dotartworld/sozai/autotile2/autotile-ex.zip,SA-GBorderA02.png,/home/main/.local/share/oprn/pixel-art-world-downloads/archive-images/autotile-ex/autotile-ex/SA-GBorderA02.png,96,128,7a24cf7a6398ad1f6ccd6f57790d4487a684397c0ad969f0cabe83efd3f2f0bb,extracted_verified,개인 로컬 수집; 소재 재배포 금지; 공개 작품에 Pixel Art World/ドット絵世界 크레딧. 조건: https://yms.main.jp/dotartworld/page1/rule.html; ZIP 중앙목록 및 전체 CRC 확인.; ZIP 내부 PNG만 별도 추출/전체 디코딩 확인. 아카이브 멤버 경로: autotile-ex/SA-GBorderA02.png,2760,200,autotile-ex/SA-GBorderA02.png,オートタイル1（屋外用）
SA-GBorderB01.png,autotile,https://yms.main.jp/dotartworld/page3/autotiles01.html,https://yms.main.jp/dotartworld/sozai/autotile2/autotile-ex.zip,SA-GBorderB01.png,/home/main/.local/share/oprn/pixel-art-world-downloads/archive-images/autotile-ex/autotile-ex/SA-GBorderB01.png,96,128,d8687ddc3e78b75e302f7ad907fce193d72294d72a51ca560048eb5debc77409,extracted_verified,개인 로컬 수집; 소재 재배포 금지; 공개 작품에 Pixel Art World/ドット絵世界 크레딧. 조건: https://yms.main.jp/dotartworld/page1/rule.html; ZIP 중앙목록 및 전체 CRC 확인.; ZIP 내부 PNG만 별도 추출/전체 디코딩 확인. 아카이브 멤버 경로: autotile-ex/SA-GBorderB01.png,2641,200,autotile-ex/SA-GBorderB01.png,オートタイル1（屋外用）
SA-GBorderB02.png,autotile,https://yms.main.jp/dotartworld/page3/autotiles01.html,https://yms.main.jp/dotartworld/sozai/autotile2/autotile-ex.zip,SA-GBorderB02.png,/home/main/.local/share/oprn/pixel-art-world-downloads/archive-images/autotile-ex/autotile-ex/SA-GBorderB02.png,96,128,64062ac74e79ab7fccb291afd4f26408142d78b510ebdefbdb24b41c650dba1d,extracted_verified,개인 로컬 수집; 소재 재배포 금지; 공개 작품에 Pixel Art World/ドット絵世界 크레딧. 조건: https://yms.main.jp/dotartworld/page1/rule.html; ZIP 중앙목록 및 전체 CRC 확인.; ZIP 내부 PNG만 별도 추출/전체 디코딩 확인. 아카이브 멤버 경로: autotile-ex/SA-GBorderB02.png,3750,200,autotile-ex/SA-GBorderB02.png,オートタイル1（屋外用）
SA-GBorderC01.png,autotile,https://yms.main.jp/dotartworld/page3/autotiles01.html,https://yms.main.jp/dotartworld/sozai/autotile2/autotile-ex.zip,SA-GBorderC01.png,/home/main/.local/share/oprn/pixel-art-world-downloads/archive-images/autotile-ex/autotile-ex/SA-GBorderC01.png,96,128,f3755cd0c2b6b02a9c162222585b6b3bcceb44f6195a997122b755459fe3da59,extracted_verified,개인 로컬 수집; 소재 재배포 금지; 공개 작품에 Pixel Art World/ドット絵世界 크레딧. 조건: https://yms.main.jp/dotartworld/page1/rule.html; ZIP 중앙목록 및 전체 CRC 확인.; ZIP 내부 PNG만 별도 추출/전체 디코딩 확인. 아카이브 멤버 경로: autotile-ex/SA-GBorderC01.png,1383,200,autotile-ex/SA-GBorderC01.png,オートタイル1（屋外用）
SA-GBorderC02.png,autotile,https://yms.main.jp/dotartworld/page3/autotiles01.html,https://yms.main.jp/dotartworld/sozai/autotile2/autotile-ex.zip,SA-GBorderC02.png,/home/main/.local/share/oprn/pixel-art-world-downloads/archive-images/autotile-ex/autotile-ex/SA-GBorderC02.png,96,128,5099645c9ca3362cc1a692886eb354489b45d74bd5ceb3b6353aa0bc16564f2c,extracted_verified,개인 로컬 수집; 소재 재배포 금지; 공개 작품에 Pixel Art World/ドット絵世界 크레딧. 조건: https://yms.main.jp/dotartworld/page1/rule.html; ZIP 중앙목록 및 전체 CRC 확인.; ZIP 내부 PNG만 별도 추출/전체 디코딩 확인. 아카이브 멤버 경로: autotile-ex/SA-GBorderC02.png,1571,200,autotile-ex/SA-GBorderC02.png,オートタイル1（屋外用）
SA-GBorderC03.png,autotile,https://yms.main.jp/dotartworld/page3/autotiles01.html,https://yms.main.jp/dotartworld/sozai/autotile2/autotile-ex.zip,SA-GBorderC03.png,/home/main/.local/share/oprn/pixel-art-world-downloads/archive-images/autotile-ex/autotile-ex/SA-GBorderC03.png,96,128,526b8eaa252ecead2417d9799340805bb67044248da385407b33396d401991e4,extracted_verified,개인 로컬 수집; 소재 재배포 금지; 공개 작품에 Pixel Art World/ドット絵世界 크레딧. 조건: https://yms.main.jp/dotartworld/page1/rule.html; ZIP 중앙목록 및 전체 CRC 확인.; ZIP 내부 PNG만 별도 추출/전체 디코딩 확인. 아카이브 멤버 경로: autotile-ex/SA-GBorderC03.png,3447,200,autotile-ex/SA-GBorderC03.png,オートタイル1（屋外用）
SA-GrassC01.png,autotile,https://yms.main.jp/dotartworld/page3/autotiles01.html,https://yms.main.jp/dotartworld/sozai/autotile2/autotile-ex.zip,SA-GrassC01.png,/home/main/.local/share/oprn/pixel-art-world-downloads/archive-images/autotile-ex/autotile-ex/SA-GrassC01.png,96,128,707722057efcc37367c73a98cc1e78d51fb704afc9a743d03f65f56118afc97a,extracted_verified,개인 로컬 수집; 소재 재배포 금지; 공개 작품에 Pixel Art World/ドット絵世界 크레딧. 조건: https://yms.main.jp/dotartworld/page1/rule.html; ZIP 중앙목록 및 전체 CRC 확인.; ZIP 내부 PNG만 별도 추출/전체 디코딩 확인. 아카이브 멤버 경로: autotile-ex/SA-GrassC01.png,2036,200,autotile-ex/SA-GrassC01.png,オートタイル1（屋外用）
SA-GrassC02.png,autotile,https://yms.main.jp/dotartworld/page3/autotiles01.html,https://yms.main.jp/dotartworld/sozai/autotile2/autotile-ex.zip,SA-GrassC02.png,/home/main/.local/share/oprn/pixel-art-world-downloads/archive-images/autotile-ex/autotile-ex/SA-GrassC02.png,96,128,a09d78e5cb1997f2e8edd711732793868dee0228a9c51fc6ae932ce379c5699a,extracted_verified,개인 로컬 수집; 소재 재배포 금지; 공개 작품에 Pixel Art World/ドット絵世界 크레딧. 조건: https://yms.main.jp/dotartworld/page1/rule.html; ZIP 중앙목록 및 전체 CRC 확인.; ZIP 내부 PNG만 별도 추출/전체 디코딩 확인. 아카이브 멤버 경로: autotile-ex/SA-GrassC02.png,1923,200,autotile-ex/SA-GrassC02.png,オートタイル1（屋外用）
SA-GrassC03.png,autotile,https://yms.main.jp/dotartworld/page3/autotiles01.html,https://yms.main.jp/dotartworld/sozai/autotile2/autotile-ex.zip,SA-GrassC03.png,/home/main/.local/share/oprn/pixel-art-world-downloads/archive-images/autotile-ex/autotile-ex/SA-GrassC03.png,96,128,036bb7b541cd28a793125503d9db7b098879e1d366fe3c69414bcddd29f31c26,extracted_verified,개인 로컬 수집; 소재 재배포 금지; 공개 작품에 Pixel Art World/ドット絵世界 크레딧. 조건: https://yms.main.jp/dotartworld/page1/rule.html; ZIP 중앙목록 및 전체 CRC 확인.; ZIP 내부 PNG만 별도 추출/전체 디코딩 확인. 아카이브 멤버 경로: autotile-ex/SA-GrassC03.png,1331,200,autotile-ex/SA-GrassC03.png,オートタイル1（屋外用）
SA-GrassD01.png,autotile,https://yms.main.jp/dotartworld/page3/autotiles01.html,https://yms.main.jp/dotartworld/sozai/autotile2/autotile-ex.zip,SA-GrassD01.png,/home/main/.local/share/oprn/pixel-art-world-downloads/archive-images/autotile-ex/autotile-ex/SA-GrassD01.png,96,128,f742ce5684f839f580f2fed551c2dd094455b7d03972568525fbc8fcf9080e69,extracted_verified,개인 로컬 수집; 소재 재배포 금지; 공개 작품에 Pixel Art World/ドット絵世界 크레딧. 조건: https://yms.main.jp/dotartworld/page1/rule.html; ZIP 중앙목록 및 전체 CRC 확인.; ZIP 내부 PNG만 별도 추출/전체 디코딩 확인. 아카이브 멤버 경로: autotile-ex/SA-GrassD01.png,2036,200,autotile-ex/SA-GrassD01.png,オートタイル1（屋外用）
SA-GrassD02.png,autotile,https://yms.main.jp/dotartworld/page3/autotiles01.html,https://yms.main.jp/dotartworld/sozai/autotile2/autotile-ex.zip,SA-GrassD02.png,/home/main/.local/share/oprn/pixel-art-world-downloads/archive-images/autotile-ex/autotile-ex/SA-GrassD02.png,96,128,381c7aff9cb4835f9e63d30e1d6aba2ce13441ff2983a38fc4bd6825235de38d,extracted_verified,개인 로컬 수집; 소재 재배포 금지; 공개 작품에 Pixel Art World/ドット絵世界 크레딧. 조건: https://yms.main.jp/dotartworld/page1/rule.html; ZIP 중앙목록 및 전체 CRC 확인.; ZIP 내부 PNG만 별도 추출/전체 디코딩 확인. 아카이브 멤버 경로: autotile-ex/SA-GrassD02.png,1923,200,autotile-ex/SA-GrassD02.png,オートタイル1（屋外用）
SA-GrassD03.png,autotile,https://yms.main.jp/dotartworld/page3/autotiles01.html,https://yms.main.jp/dotartworld/sozai/autotile2/autotile-ex.zip,SA-GrassD03.png,/home/main/.local/share/oprn/pixel-art-world-downloads/archive-images/autotile-ex/autotile-ex/SA-GrassD03.png,96,128,c7553f8a6e583a8d7ce1fe1becd05671ef34e3d89ec125416bf42560c167134c,extracted_verified,개인 로컬 수집; 소재 재배포 금지; 공개 작품에 Pixel Art World/ドット絵世界 크레딧. 조건: https://yms.main.jp/dotartworld/page1/rule.html; ZIP 중앙목록 및 전체 CRC 확인.; ZIP 내부 PNG만 별도 추출/전체 디코딩 확인. 아카이브 멤버 경로: autotile-ex/SA-GrassD03.png,1334,200,autotile-ex/SA-GrassD03.png,オートタイル1（屋外用）
SA-GrassE01.png,autotile,https://yms.main.jp/dotartworld/page3/autotiles01.html,https://yms.main.jp/dotartworld/sozai/autotile2/autotile-ex.zip,SA-GrassE01.png,/home/main/.local/share/oprn/pixel-art-world-downloads/archive-images/autotile-ex/autotile-ex/SA-GrassE01.png,96,128,e3ed42d5e81d07a25abec24511f8c6be4ad8856ecc7bbd62a1e6987bb9565bd2,extracted_verified,개인 로컬 수집; 소재 재배포 금지; 공개 작품에 Pixel Art World/ドット絵世界 크레딧. 조건: https://yms.main.jp/dotartworld/page1/rule.html; ZIP 중앙목록 및 전체 CRC 확인.; ZIP 내부 PNG만 별도 추출/전체 디코딩 확인. 아카이브 멤버 경로: autotile-ex/SA-GrassE01.png,3129,200,autotile-ex/SA-GrassE01.png,オートタイル1（屋外用）
SA-GrassE02.png,autotile,https://yms.main.jp/dotartworld/page3/autotiles01.html,https://yms.main.jp/dotartworld/sozai/autotile2/autotile-ex.zip,SA-GrassE02.png,/home/main/.local/share/oprn/pixel-art-world-downloads/archive-images/autotile-ex/autotile-ex/SA-GrassE02.png,96,128,07995fa77a79f1181f6c91d3bc0eba573f6c561f8cf6b79e9c0820d1d490c9dc,extracted_verified,개인 로컬 수집; 소재 재배포 금지; 공개 작품에 Pixel Art World/ドット絵世界 크레딧. 조건: https://yms.main.jp/dotartworld/page1/rule.html; ZIP 중앙목록 및 전체 CRC 확인.; ZIP 내부 PNG만 별도 추출/전체 디코딩 확인. 아카이브 멤버 경로: autotile-ex/SA-GrassE02.png,3370,200,autotile-ex/SA-GrassE02.png,オートタイル1（屋外用）
SA-GrassE03.png,autotile,https://yms.main.jp/dotartworld/page3/autotiles01.html,https://yms.main.jp/dotartworld/sozai/autotile2/autotile-ex.zip,SA-GrassE03.png,/home/main/.local/share/oprn/pixel-art-world-downloads/archive-images/autotile-ex/autotile-ex/SA-GrassE03.png,96,128,42d80aa5706c9e0731847cbcccfee1fa6fdd1cb1d922dc57af83dfe2de4d3671,extracted_verified,개인 로컬 수집; 소재 재배포 금지; 공개 작품에 Pixel Art World/ドット絵世界 크레딧. 조건: https://yms.main.jp/dotartworld/page1/rule.html; ZIP 중앙목록 및 전체 CRC 확인.; ZIP 내부 PNG만 별도 추출/전체 디코딩 확인. 아카이브 멤버 경로: autotile-ex/SA-GrassE03.png,3069,200,autotile-ex/SA-GrassE03.png,オートタイル1（屋外用）
SA-GrassE04.png,autotile,https://yms.main.jp/dotartworld/page3/autotiles01.html,https://yms.main.jp/dotartworld/sozai/autotile2/autotile-ex.zip,SA-GrassE04.png,/home/main/.local/share/oprn/pixel-art-world-downloads/archive-images/autotile-ex/autotile-ex/SA-GrassE04.png,96,128,a5f2ec7743d4f6b297d2160237d3bec311ca8ab7e3b8fb3fe3258b67efe55ee5,extracted_verified,개인 로컬 수집; 소재 재배포 금지; 공개 작품에 Pixel Art World/ドット絵世界 크레딧. 조건: https://yms.main.jp/dotartworld/page1/rule.html; ZIP 중앙목록 및 전체 CRC 확인.; ZIP 내부 PNG만 별도 추출/전체 디코딩 확인. 아카이브 멤버 경로: autotile-ex/SA-GrassE04.png,5495,200,autotile-ex/SA-GrassE04.png,オートタイル1（屋外用）
SA-GrassE05.png,autotile,https://yms.main.jp/dotartworld/page3/autotiles01.html,https://yms.main.jp/dotartworld/sozai/autotile2/autotile-ex.zip,SA-GrassE05.png,/home/main/.local/share/oprn/pixel-art-world-downloads/archive-images/autotile-ex/autotile-ex/SA-GrassE05.png,96,128,7e45bf8a331251fce53effc385a85d4580ddfcc076a147790979a25cd82c4f95,extracted_verified,개인 로컬 수집; 소재 재배포 금지; 공개 작품에 Pixel Art World/ドット絵世界 크레딧. 조건: https://yms.main.jp/dotartworld/page1/rule.html; ZIP 중앙목록 및 전체 CRC 확인.; ZIP 내부 PNG만 별도 추출/전체 디코딩 확인. 아카이브 멤버 경로: autotile-ex/SA-GrassE05.png,4166,200,autotile-ex/SA-GrassE05.png,オートタイル1（屋外用）
SA-GrassE06.png,autotile,https://yms.main.jp/dotartworld/page3/autotiles01.html,https://yms.main.jp/dotartworld/sozai/autotile2/autotile-ex.zip,SA-GrassE06.png,/home/main/.local/share/oprn/pixel-art-world-downloads/archive-images/autotile-ex/autotile-ex/SA-GrassE06.png,96,128,e3f47c770799b1c44b91eb31c3947622a0ce4382c800d642f5c908f664237d78,extracted_verified,개인 로컬 수집; 소재 재배포 금지; 공개 작품에 Pixel Art World/ドット絵世界 크레딧. 조건: https://yms.main.jp/dotartworld/page1/rule.html; ZIP 중앙목록 및 전체 CRC 확인.; ZIP 내부 PNG만 별도 추출/전체 디코딩 확인. 아카이브 멤버 경로: autotile-ex/SA-GrassE06.png,4368,200,autotile-ex/SA-GrassE06.png,オートタイル1（屋外用）
SA-GRoad01.png,autotile,https://yms.main.jp/dotartworld/page3/autotiles01.html,https://yms.main.jp/dotartworld/sozai/autotile2/autotile-ex.zip,SA-GRoad01.png,/home/main/.local/share/oprn/pixel-art-world-downloads/archive-images/autotile-ex/autotile-ex/SA-GRoad01.png,96,128,065b747bc0b0562b1d1780786adfaac8338635927ea0ce5f3c9e09675eb291ce,extracted_verified,개인 로컬 수집; 소재 재배포 금지; 공개 작품에 Pixel Art World/ドット絵世界 크레딧. 조건: https://yms.main.jp/dotartworld/page1/rule.html; ZIP 중앙목록 및 전체 CRC 확인.; ZIP 내부 PNG만 별도 추출/전체 디코딩 확인. 아카이브 멤버 경로: autotile-ex/SA-GRoad01.png,3181,200,autotile-ex/SA-GRoad01.png,オートタイル1（屋外用）
SA-GRoad02.png,autotile,https://yms.main.jp/dotartworld/page3/autotiles01.html,https://yms.main.jp/dotartworld/sozai/autotile2/autotile-ex.zip,SA-GRoad02.png,/home/main/.local/share/oprn/pixel-art-world-downloads/archive-images/autotile-ex/autotile-ex/SA-GRoad02.png,96,128,63b35b9bc8da8f814c9fc872c7c3dfa7def7ac0a8b6767448561b09f790b31c7,extracted_verified,개인 로컬 수집; 소재 재배포 금지; 공개 작품에 Pixel Art World/ドット絵世界 크레딧. 조건: https://yms.main.jp/dotartworld/page1/rule.html; ZIP 중앙목록 및 전체 CRC 확인.; ZIP 내부 PNG만 별도 추출/전체 디코딩 확인. 아카이브 멤버 경로: autotile-ex/SA-GRoad02.png,3605,200,autotile-ex/SA-GRoad02.png,オートタイル1（屋外用）
SA-Ground01.png,autotile,https://yms.main.jp/dotartworld/page3/autotiles01.html,https://yms.main.jp/dotartworld/sozai/autotile2/autotile-ex.zip,SA-Ground01.png,/home/main/.local/share/oprn/pixel-art-world-downloads/archive-images/autotile-ex/autotile-ex/SA-Ground01.png,96,128,ec7f4f6d20889e27ae442ddb4fa9f6823b48f643abcaf31f30eb50cb6a7553ad,extracted_verified,개인 로컬 수집; 소재 재배포 금지; 공개 작품에 Pixel Art World/ドット絵世界 크레딧. 조건: https://yms.main.jp/dotartworld/page1/rule.html; ZIP 중앙목록 및 전체 CRC 확인.; ZIP 내부 PNG만 별도 추출/전체 디코딩 확인. 아카이브 멤버 경로: autotile-ex/SA-Ground01.png,10409,200,autotile-ex/SA-Ground01.png,オートタイル1（屋外用）
SA-Ground02.png,autotile,https://yms.main.jp/dotartworld/page3/autotiles01.html,https://yms.main.jp/dotartworld/sozai/autotile2/autotile-ex.zip,SA-Ground02.png,/home/main/.local/share/oprn/pixel-art-world-downloads/archive-images/autotile-ex/autotile-ex/SA-Ground02.png,96,128,2b794d7816e7e45cd1f3ec7d8b03364aadcd7e1905bd17585b15b15235eab19e,extracted_verified,개인 로컬 수집; 소재 재배포 금지; 공개 작품에 Pixel Art World/ドット絵世界 크레딧. 조건: https://yms.main.jp/dotartworld/page1/rule.html; ZIP 중앙목록 및 전체 CRC 확인.; ZIP 내부 PNG만 별도 추출/전체 디코딩 확인. 아카이브 멤버 경로: autotile-ex/SA-Ground02.png,11491,200,autotile-ex/SA-Ground02.png,オートタイル1（屋外用）
SA-Ground03.png,autotile,https://yms.main.jp/dotartworld/page3/autotiles01.html,https://yms.main.jp/dotartworld/sozai/autotile2/autotile-ex.zip,SA-Ground03.png,/home/main/.local/share/oprn/pixel-art-world-downloads/archive-images/autotile-ex/autotile-ex/SA-Ground03.png,96,128,d8bafd342b989100ee2b76cbf7a9528f4b345132b507a445147b8ad0227b5246,extracted_verified,개인 로컬 수집; 소재 재배포 금지; 공개 작품에 Pixel Art World/ドット絵世界 크레딧. 조건: https://yms.main.jp/dotartworld/page1/rule.html; ZIP 중앙목록 및 전체 CRC 확인.; ZIP 내부 PNG만 별도 추출/전체 디코딩 확인. 아카이브 멤버 경로: autotile-ex/SA-Ground03.png,11021,200,autotile-ex/SA-Ground03.png,オートタイル1（屋外用）
SA-GroundBase01.png,autotile,https://yms.main.jp/dotartworld/page3/autotiles01.html,https://yms.main.jp/dotartworld/sozai/autotile2/autotile-ex.zip,SA-GroundBase01.png,/home/main/.local/share/oprn/pixel-art-world-downloads/archive-images/autotile-ex/autotile-ex/SA-GroundBase01.png,96,128,df2f0cfbbbe3fac3a80c4cdedce08b57d7aa8373b457d1090f5773ac28b98b3d,extracted_verified,개인 로컬 수집; 소재 재배포 금지; 공개 작품에 Pixel Art World/ドット絵世界 크레딧. 조건: https://yms.main.jp/dotartworld/page1/rule.html; ZIP 중앙목록 및 전체 CRC 확인.; ZIP 내부 PNG만 별도 추출/전체 디코딩 확인. 아카이브 멤버 경로: autotile-ex/SA-GroundBase01.png,2097,200,autotile-ex/SA-GroundBase01.png,オートタイル1（屋外用）
SA-GroundG01.png,autotile,https://yms.main.jp/dotartworld/page3/autotiles01.html,https://yms.main.jp/dotartworld/sozai/autotile2/autotile-ex.zip,SA-GroundG01.png,/home/main/.local/share/oprn/pixel-art-world-downloads/archive-images/autotile-ex/autotile-ex/SA-GroundG01.png,96,128,5fde882a88c0fa15237776b74e4ac03f5e0fb0014f5e3e3771377e22999cde7c,extracted_verified,개인 로컬 수집; 소재 재배포 금지; 공개 작품에 Pixel Art World/ドット絵世界 크레딧. 조건: https://yms.main.jp/dotartworld/page1/rule.html; ZIP 중앙목록 및 전체 CRC 확인.; ZIP 내부 PNG만 별도 추출/전체 디코딩 확인. 아카이브 멤버 경로: autotile-ex/SA-GroundG01.png,966,200,autotile-ex/SA-GroundG01.png,オートタイル1（屋外用）
SA-GroundG02.png,autotile,https://yms.main.jp/dotartworld/page3/autotiles01.html,https://yms.main.jp/dotartworld/sozai/autotile2/autotile-ex.zip,SA-GroundG02.png,/home/main/.local/share/oprn/pixel-art-world-downloads/archive-images/autotile-ex/autotile-ex/SA-GroundG02.png,96,128,f498e1e462768f7a033c846852f88bbe97947d045585dfeb8cd26fc7b9c911a2,extracted_verified,개인 로컬 수집; 소재 재배포 금지; 공개 작품에 Pixel Art World/ドット絵世界 크레딧. 조건: https://yms.main.jp/dotartworld/page1/rule.html; ZIP 중앙목록 및 전체 CRC 확인.; ZIP 내부 PNG만 별도 추출/전체 디코딩 확인. 아카이브 멤버 경로: autotile-ex/SA-GroundG02.png,5382,200,autotile-ex/SA-GroundG02.png,オートタイル1（屋外用）
SA-GroundG03.png,autotile,https://yms.main.jp/dotartworld/page3/autotiles01.html,https://yms.main.jp/dotartworld/sozai/autotile2/autotile-ex.zip,SA-GroundG03.png,/home/main/.local/share/oprn/pixel-art-world-downloads/archive-images/autotile-ex/autotile-ex/SA-GroundG03.png,96,128,a203f079c921096fcd32f11362bbd2e3655a4c5593c6c29fe473875d31017736,extracted_verified,개인 로컬 수집; 소재 재배포 금지; 공개 작품에 Pixel Art World/ドット絵世界 크레딧. 조건: https://yms.main.jp/dotartworld/page1/rule.html; ZIP 중앙목록 및 전체 CRC 확인.; ZIP 내부 PNG만 별도 추출/전체 디코딩 확인. 아카이브 멤버 경로: autotile-ex/SA-GroundG03.png,3826,200,autotile-ex/SA-GroundG03.png,オートタイル1（屋外用）
SA-GroundG04.png,autotile,https://yms.main.jp/dotartworld/page3/autotiles01.html,https://yms.main.jp/dotartworld/sozai/autotile2/autotile-ex.zip,SA-GroundG04.png,/home/main/.local/share/oprn/pixel-art-world-downloads/archive-images/autotile-ex/autotile-ex/SA-GroundG04.png,96,128,db3badaa302e62a9f149086674446d94868049ea1fd77c825ac65732c97883a5,extracted_verified,개인 로컬 수집; 소재 재배포 금지; 공개 작품에 Pixel Art World/ドット絵世界 크레딧. 조건: https://yms.main.jp/dotartworld/page1/rule.html; ZIP 중앙목록 및 전체 CRC 확인.; ZIP 내부 PNG만 별도 추출/전체 디코딩 확인. 아카이브 멤버 경로: autotile-ex/SA-GroundG04.png,5224,200,autotile-ex/SA-GroundG04.png,オートタイル1（屋外用）
SA-GroundG05.png,autotile,https://yms.main.jp/dotartworld/page3/autotiles01.html,https://yms.main.jp/dotartworld/sozai/autotile2/autotile-ex.zip,SA-GroundG05.png,/home/main/.local/share/oprn/pixel-art-world-downloads/archive-images/autotile-ex/autotile-ex/SA-GroundG05.png,96,128,a46f40cf4b95631903da122862e75483e0b178597f5531f9a874c7ed4bfe0820,extracted_verified,개인 로컬 수집; 소재 재배포 금지; 공개 작품에 Pixel Art World/ドット絵世界 크레딧. 조건: https://yms.main.jp/dotartworld/page1/rule.html; ZIP 중앙목록 및 전체 CRC 확인.; ZIP 내부 PNG만 별도 추출/전체 디코딩 확인. 아카이브 멤버 경로: autotile-ex/SA-GroundG05.png,3618,200,autotile-ex/SA-GroundG05.png,オートタイル1（屋外用）
SA-GroundG06.png,autotile,https://yms.main.jp/dotartworld/page3/autotiles01.html,https://yms.main.jp/dotartworld/sozai/autotile2/autotile-ex.zip,SA-GroundG06.png,/home/main/.local/share/oprn/pixel-art-world-downloads/archive-images/autotile-ex/autotile-ex/SA-GroundG06.png,96,128,de4b193908be878d3814f433918e070190089b36dcc768cce03e00679203f37c,extracted_verified,개인 로컬 수집; 소재 재배포 금지; 공개 작품에 Pixel Art World/ドット絵世界 크레딧. 조건: https://yms.main.jp/dotartworld/page1/rule.html; ZIP 중앙목록 및 전체 CRC 확인.; ZIP 내부 PNG만 별도 추출/전체 디코딩 확인. 아카이브 멤버 경로: autotile-ex/SA-GroundG06.png,3372,200,autotile-ex/SA-GroundG06.png,オートタイル1（屋外用）
SA-GroundGS01.png,autotile,https://yms.main.jp/dotartworld/page3/autotiles01.html,https://yms.main.jp/dotartworld/sozai/autotile2/autotile-ex.zip,SA-GroundGS01.png,/home/main/.local/share/oprn/pixel-art-world-downloads/archive-images/autotile-ex/autotile-ex/SA-GroundGS01.png,96,128,715ea75793300a84c2d96c6399873fc58eeb479d5b572f6f55dbb93451be837f,extracted_verified,개인 로컬 수집; 소재 재배포 금지; 공개 작품에 Pixel Art World/ドット絵世界 크레딧. 조건: https://yms.main.jp/dotartworld/page1/rule.html; ZIP 중앙목록 및 전체 CRC 확인.; ZIP 내부 PNG만 별도 추출/전체 디코딩 확인. 아카이브 멤버 경로: autotile-ex/SA-GroundGS01.png,966,200,autotile-ex/SA-GroundGS01.png,オートタイル1（屋外用）
SA-GroundY01.png,autotile,https://yms.main.jp/dotartworld/page3/autotiles01.html,https://yms.main.jp/dotartworld/sozai/autotile2/autotile-ex.zip,SA-GroundY01.png,/home/main/.local/share/oprn/pixel-art-world-downloads/archive-images/autotile-ex/autotile-ex/SA-GroundY01.png,96,128,e551c1b70fde23a4b7f776a0da43e7d20402fdcfe9de59c18de25af694f6b786,extracted_verified,개인 로컬 수집; 소재 재배포 금지; 공개 작품에 Pixel Art World/ドット絵世界 크레딧. 조건: https://yms.main.jp/dotartworld/page1/rule.html; ZIP 중앙목록 및 전체 CRC 확인.; ZIP 내부 PNG만 별도 추출/전체 디코딩 확인. 아카이브 멤버 경로: autotile-ex/SA-GroundY01.png,5293,200,autotile-ex/SA-GroundY01.png,オートタイル1（屋外用）
SA-Hatake01.png,autotile,https://yms.main.jp/dotartworld/page3/autotiles01.html,https://yms.main.jp/dotartworld/sozai/autotile2/autotile-ex.zip,SA-Hatake01.png,/home/main/.local/share/oprn/pixel-art-world-downloads/archive-images/autotile-ex/autotile-ex/SA-Hatake01.png,96,128,cb33fb4239613479abb4f705faaabef10a9e940d60b349dd5a535a41f65d5da8,extracted_verified,개인 로컬 수집; 소재 재배포 금지; 공개 작품에 Pixel Art World/ドット絵世界 크레딧. 조건: https://yms.main.jp/dotartworld/page1/rule.html; ZIP 중앙목록 및 전체 CRC 확인.; ZIP 내부 PNG만 별도 추출/전체 디코딩 확인. 아카이브 멤버 경로: autotile-ex/SA-Hatake01.png,3655,200,autotile-ex/SA-Hatake01.png,オートタイル1（屋外用）
SA-Hatake02.png,autotile,https://yms.main.jp/dotartworld/page3/autotiles01.html,https://yms.main.jp/dotartworld/sozai/autotile2/autotile-ex.zip,SA-Hatake02.png,/home/main/.local/share/oprn/pixel-art-world-downloads/archive-images/autotile-ex/autotile-ex/SA-Hatake02.png,96,128,02042abd8b045fc5d784b0e98b21f5aff4000bedebc3b03c5a264a431447b144,extracted_verified,개인 로컬 수집; 소재 재배포 금지; 공개 작품에 Pixel Art World/ドット絵世界 크레딧. 조건: https://yms.main.jp/dotartworld/page1/rule.html; ZIP 중앙목록 및 전체 CRC 확인.; ZIP 내부 PNG만 별도 추출/전체 디코딩 확인. 아카이브 멤버 경로: autotile-ex/SA-Hatake02.png,3906,200,autotile-ex/SA-Hatake02.png,オートタイル1（屋外用）
SA-Hatake03.png,autotile,https://yms.main.jp/dotartworld/page3/autotiles01.html,https://yms.main.jp/dotartworld/sozai/autotile2/autotile-ex.zip,SA-Hatake03.png,/home/main/.local/share/oprn/pixel-art-world-downloads/archive-images/autotile-ex/autotile-ex/SA-Hatake03.png,96,128,f85f57fc22fb0b791b8528fb1329285750c3e85293ef9d11cdd61ddfb6fe7a69,extracted_verified,개인 로컬 수집; 소재 재배포 금지; 공개 작품에 Pixel Art World/ドット絵世界 크레딧. 조건: https://yms.main.jp/dotartworld/page1/rule.html; ZIP 중앙목록 및 전체 CRC 확인.; ZIP 내부 PNG만 별도 추출/전체 디코딩 확인. 아카이브 멤버 경로: autotile-ex/SA-Hatake03.png,3658,200,autotile-ex/SA-Hatake03.png,オートタイル1（屋外用）
SA-Hatake04.png,autotile,https://yms.main.jp/dotartworld/page3/autotiles01.html,https://yms.main.jp/dotartworld/sozai/autotile2/autotile-ex.zip,SA-Hatake04.png,/home/main/.local/share/oprn/pixel-art-world-downloads/archive-images/autotile-ex/autotile-ex/SA-Hatake04.png,96,128,7cbcb9991ffa4c3e576e5b149afe76c20b197b1766fc59ab19cf09ac882c1225,extracted_verified,개인 로컬 수집; 소재 재배포 금지; 공개 작품에 Pixel Art World/ドット絵世界 크레딧. 조건: https://yms.main.jp/dotartworld/page1/rule.html; ZIP 중앙목록 및 전체 CRC 확인.; ZIP 내부 PNG만 별도 추출/전체 디코딩 확인. 아카이브 멤버 경로: autotile-ex/SA-Hatake04.png,3673,200,autotile-ex/SA-Hatake04.png,オートタイル1（屋外用）
SA-Hatake05.png,autotile,https://yms.main.jp/dotartworld/page3/autotiles01.html,https://yms.main.jp/dotartworld/sozai/autotile2/autotile-ex.zip,SA-Hatake05.png,/home/main/.local/share/oprn/pixel-art-world-downloads/archive-images/autotile-ex/autotile-ex/SA-Hatake05.png,96,128,82aafb6427b178ad242dcd6415300b74361f314b55d303ccf695fbda58f7248e,extracted_verified,개인 로컬 수집; 소재 재배포 금지; 공개 작품에 Pixel Art World/ドット絵世界 크레딧. 조건: https://yms.main.jp/dotartworld/page1/rule.html; ZIP 중앙목록 및 전체 CRC 확인.; ZIP 내부 PNG만 별도 추출/전체 디코딩 확인. 아카이브 멤버 경로: autotile-ex/SA-Hatake05.png,3949,200,autotile-ex/SA-Hatake05.png,オートタイル1（屋外用）
SA-Hatake06.png,autotile,https://yms.main.jp/dotartworld/page3/autotiles01.html,https://yms.main.jp/dotartworld/sozai/autotile2/autotile-ex.zip,SA-Hatake06.png,/home/main/.local/share/oprn/pixel-art-world-downloads/archive-images/autotile-ex/autotile-ex/SA-Hatake06.png,96,128,99c3bcc6ccd4ead736b635c98c82a16ba6e24421550b0d431cff4144a8e53578,extracted_verified,개인 로컬 수집; 소재 재배포 금지; 공개 작품에 Pixel Art World/ドット絵世界 크레딧. 조건: https://yms.main.jp/dotartworld/page1/rule.html; ZIP 중앙목록 및 전체 CRC 확인.; ZIP 내부 PNG만 별도 추출/전체 디코딩 확인. 아카이브 멤버 경로: autotile-ex/SA-Hatake06.png,3788,200,autotile-ex/SA-Hatake06.png,オートタイル1（屋外用）
SA-HatakeB01.png,autotile,https://yms.main.jp/dotartworld/page3/autotiles01.html,https://yms.main.jp/dotartworld/sozai/autotile2/autotile-ex.zip,SA-HatakeB01.png,/home/main/.local/share/oprn/pixel-art-world-downloads/archive-images/autotile-ex/autotile-ex/SA-HatakeB01.png,96,128,9b12d0270dbd431b76c565e95f33ee7f51f9606415edfe3ecfcef92eb1c3b099,extracted_verified,개인 로컬 수집; 소재 재배포 금지; 공개 작품에 Pixel Art World/ドット絵世界 크레딧. 조건: https://yms.main.jp/dotartworld/page1/rule.html; ZIP 중앙목록 및 전체 CRC 확인.; ZIP 내부 PNG만 별도 추출/전체 디코딩 확인. 아카이브 멤버 경로: autotile-ex/SA-HatakeB01.png,3867,200,autotile-ex/SA-HatakeB01.png,オートタイル1（屋外用）
SA-HatakeB02.png,autotile,https://yms.main.jp/dotartworld/page3/autotiles01.html,https://yms.main.jp/dotartworld/sozai/autotile2/autotile-ex.zip,SA-HatakeB02.png,/home/main/.local/share/oprn/pixel-art-world-downloads/archive-images/autotile-ex/autotile-ex/SA-HatakeB02.png,96,128,da57b8718ee974a9482dcde762183a64e5925a07d3792f165c4e17a12bfcfff1,extracted_verified,개인 로컬 수집; 소재 재배포 금지; 공개 작품에 Pixel Art World/ドット絵世界 크레딧. 조건: https://yms.main.jp/dotartworld/page1/rule.html; ZIP 중앙목록 및 전체 CRC 확인.; ZIP 내부 PNG만 별도 추출/전체 디코딩 확인. 아카이브 멤버 경로: autotile-ex/SA-HatakeB02.png,3909,200,autotile-ex/SA-HatakeB02.png,オートタイル1（屋外用）
SA-HatakeB03.png,autotile,https://yms.main.jp/dotartworld/page3/autotiles01.html,https://yms.main.jp/dotartworld/sozai/autotile2/autotile-ex.zip,SA-HatakeB03.png,/home/main/.local/share/oprn/pixel-art-world-downloads/archive-images/autotile-ex/autotile-ex/SA-HatakeB03.png,96,128,a9b9ce37b9280984c5e3426157aeb716d693c089cd1999313d80dde56489d5a0,extracted_verified,개인 로컬 수집; 소재 재배포 금지; 공개 작품에 Pixel Art World/ドット絵世界 크레딧. 조건: https://yms.main.jp/dotartworld/page1/rule.html; ZIP 중앙목록 및 전체 CRC 확인.; ZIP 내부 PNG만 별도 추출/전체 디코딩 확인. 아카이브 멤버 경로: autotile-ex/SA-HatakeB03.png,3921,200,autotile-ex/SA-HatakeB03.png,オートタイル1（屋外用）
SA-HatakeB04.png,autotile,https://yms.main.jp/dotartworld/page3/autotiles01.html,https://yms.main.jp/dotartworld/sozai/autotile2/autotile-ex.zip,SA-HatakeB04.png,/home/main/.local/share/oprn/pixel-art-world-downloads/archive-images/autotile-ex/autotile-ex/SA-HatakeB04.png,96,128,01466cdfed00529581f8c14ba6b4f188212c07992cde88dddef7effb14ef0b78,extracted_verified,개인 로컬 수집; 소재 재배포 금지; 공개 작품에 Pixel Art World/ドット絵世界 크레딧. 조건: https://yms.main.jp/dotartworld/page1/rule.html; ZIP 중앙목록 및 전체 CRC 확인.; ZIP 내부 PNG만 별도 추출/전체 디코딩 확인. 아카이브 멤버 경로: autotile-ex/SA-HatakeB04.png,3853,200,autotile-ex/SA-HatakeB04.png,オートタイル1（屋外用）
SA-HatakeB05.png,autotile,https://yms.main.jp/dotartworld/page3/autotiles01.html,https://yms.main.jp/dotartworld/sozai/autotile2/autotile-ex.zip,SA-HatakeB05.png,/home/main/.local/share/oprn/pixel-art-world-downloads/archive-images/autotile-ex/autotile-ex/SA-HatakeB05.png,96,128,3ade22091f7c5f1a04be6dd16ecb7708fe88efcfa952c0ed1972ba8eac2aca2e,extracted_verified,개인 로컬 수집; 소재 재배포 금지; 공개 작품에 Pixel Art World/ドット絵世界 크레딧. 조건: https://yms.main.jp/dotartworld/page1/rule.html; ZIP 중앙목록 및 전체 CRC 확인.; ZIP 내부 PNG만 별도 추출/전체 디코딩 확인. 아카이브 멤버 경로: autotile-ex/SA-HatakeB05.png,3969,200,autotile-ex/SA-HatakeB05.png,オートタイル1（屋外用）
SA-HatakeB06.png,autotile,https://yms.main.jp/dotartworld/page3/autotiles01.html,https://yms.main.jp/dotartworld/sozai/autotile2/autotile-ex.zip,SA-HatakeB06.png,/home/main/.local/share/oprn/pixel-art-world-downloads/archive-images/autotile-ex/autotile-ex/SA-HatakeB06.png,96,128,04a7d0dd6bc45e674bd6d3ec684dbf412bad927e2741d22bfe3e3b5dcec2661c,extracted_verified,개인 로컬 수집; 소재 재배포 금지; 공개 작품에 Pixel Art World/ドット絵世界 크레딧. 조건: https://yms.main.jp/dotartworld/page1/rule.html; ZIP 중앙목록 및 전체 CRC 확인.; ZIP 내부 PNG만 별도 추출/전체 디코딩 확인. 아카이브 멤버 경로: autotile-ex/SA-HatakeB06.png,3750,200,autotile-ex/SA-HatakeB06.png,オートタイル1（屋外用）
SA-Ivy01.png,autotile,https://yms.main.jp/dotartworld/page3/autotiles01.html,https://yms.main.jp/dotartworld/sozai/autotile2/autotile-ex.zip,SA-Ivy01.png,/home/main/.local/share/oprn/pixel-art-world-downloads/archive-images/autotile-ex/autotile-ex/SA-Ivy01.png,96,128,de31471aeefa85e81acd0aff52ba49e3a23b843ef363e04b4f1b6fa8c9a91e22,extracted_verified,개인 로컬 수집; 소재 재배포 금지; 공개 작품에 Pixel Art World/ドット絵世界 크레딧. 조건: https://yms.main.jp/dotartworld/page1/rule.html; ZIP 중앙목록 및 전체 CRC 확인.; ZIP 내부 PNG만 별도 추출/전체 디코딩 확인. 아카이브 멤버 경로: autotile-ex/SA-Ivy01.png,3419,200,autotile-ex/SA-Ivy01.png,オートタイル1（屋外用）
SA-Kadan01.png,autotile,https://yms.main.jp/dotartworld/page3/autotiles01.html,https://yms.main.jp/dotartworld/sozai/autotile2/autotile-ex.zip,SA-Kadan01.png,/home/main/.local/share/oprn/pixel-art-world-downloads/archive-images/autotile-ex/autotile-ex/SA-Kadan01.png,96,128,3f9562e32f64a8a346eb8b8da71c98c45b4e183ac0de48b9782abfc5faedd4e9,extracted_verified,개인 로컬 수집; 소재 재배포 금지; 공개 작품에 Pixel Art World/ドット絵世界 크레딧. 조건: https://yms.main.jp/dotartworld/page1/rule.html; ZIP 중앙목록 및 전체 CRC 확인.; ZIP 내부 PNG만 별도 추출/전체 디코딩 확인. 아카이브 멤버 경로: autotile-ex/SA-Kadan01.png,2328,200,autotile-ex/SA-Kadan01.png,オートタイル1（屋外用）
SA-Kadan02.png,autotile,https://yms.main.jp/dotartworld/page3/autotiles01.html,https://yms.main.jp/dotartworld/sozai/autotile2/autotile-ex.zip,SA-Kadan02.png,/home/main/.local/share/oprn/pixel-art-world-downloads/archive-images/autotile-ex/autotile-ex/SA-Kadan02.png,96,128,22dd9be0d28919cbdd8569be3e12d37bde4e2f7c28b2c751d5452de37a928c57,extracted_verified,개인 로컬 수집; 소재 재배포 금지; 공개 작품에 Pixel Art World/ドット絵世界 크레딧. 조건: https://yms.main.jp/dotartworld/page1/rule.html; ZIP 중앙목록 및 전체 CRC 확인.; ZIP 내부 PNG만 별도 추출/전체 디코딩 확인. 아카이브 멤버 경로: autotile-ex/SA-Kadan02.png,2705,200,autotile-ex/SA-Kadan02.png,オートタイル1（屋外用）
SA-Kadan03.png,autotile,https://yms.main.jp/dotartworld/page3/autotiles01.html,https://yms.main.jp/dotartworld/sozai/autotile2/autotile-ex.zip,SA-Kadan03.png,/home/main/.local/share/oprn/pixel-art-world-downloads/archive-images/autotile-ex/autotile-ex/SA-Kadan03.png,96,128,01a01f5f03a6d63be300fd787519b230334253c1d3f21621ef5060a91a501c89,extracted_verified,개인 로컬 수집; 소재 재배포 금지; 공개 작품에 Pixel Art World/ドット絵世界 크레딧. 조건: https://yms.main.jp/dotartworld/page1/rule.html; ZIP 중앙목록 및 전체 CRC 확인.; ZIP 내부 PNG만 별도 추출/전체 디코딩 확인. 아카이브 멤버 경로: autotile-ex/SA-Kadan03.png,2280,200,autotile-ex/SA-Kadan03.png,オートタイル1（屋外用）
SA-Moss01.png,autotile,https://yms.main.jp/dotartworld/page3/autotiles01.html,https://yms.main.jp/dotartworld/sozai/autotile2/autotile-ex.zip,SA-Moss01.png,/home/main/.local/share/oprn/pixel-art-world-downloads/archive-images/autotile-ex/autotile-ex/SA-Moss01.png,96,128,6ddbe20dd0e74d00334116fd11872106c7fb37f7a3e22c77ba54ebbe82c6bceb,extracted_verified,개인 로컬 수집; 소재 재배포 금지; 공개 작품에 Pixel Art World/ドット絵世界 크레딧. 조건: https://yms.main.jp/dotartworld/page1/rule.html; ZIP 중앙목록 및 전체 CRC 확인.; ZIP 내부 PNG만 별도 추출/전체 디코딩 확인. 아카이브 멤버 경로: autotile-ex/SA-Moss01.png,3272,200,autotile-ex/SA-Moss01.png,オートタイル1（屋外用）
SA-Moss02.png,autotile,https://yms.main.jp/dotartworld/page3/autotiles01.html,https://yms.main.jp/dotartworld/sozai/autotile2/autotile-ex.zip,SA-Moss02.png,/home/main/.local/share/oprn/pixel-art-world-downloads/archive-images/autotile-ex/autotile-ex/SA-Moss02.png,96,128,86bb74f31e437d6dcb6937f7d4e2c76dcb333d0af30dbb7eea0753af10a35687,extracted_verified,개인 로컬 수집; 소재 재배포 금지; 공개 작품에 Pixel Art World/ドット絵世界 크레딧. 조건: https://yms.main.jp/dotartworld/page1/rule.html; ZIP 중앙목록 및 전체 CRC 확인.; ZIP 내부 PNG만 별도 추출/전체 디코딩 확인. 아카이브 멤버 경로: autotile-ex/SA-Moss02.png,2705,200,autotile-ex/SA-Moss02.png,オートタイル1（屋外用）
SA-Nanohana01.png,autotile,https://yms.main.jp/dotartworld/page3/autotiles01.html,https://yms.main.jp/dotartworld/sozai/autotile2/autotile-ex.zip,SA-Nanohana01.png,/home/main/.local/share/oprn/pixel-art-world-downloads/archive-images/autotile-ex/autotile-ex/SA-Nanohana01.png,96,128,67acc302f36b2d4188cbe7571f89251f8decedf9ce14fcb62c36e3c86bdc3e22,extracted_verified,개인 로컬 수집; 소재 재배포 금지; 공개 작품에 Pixel Art World/ドット絵世界 크레딧. 조건: https://yms.main.jp/dotartworld/page1/rule.html; ZIP 중앙목록 및 전체 CRC 확인.; ZIP 내부 PNG만 별도 추출/전체 디코딩 확인. 아카이브 멤버 경로: autotile-ex/SA-Nanohana01.png,3264,200,autotile-ex/SA-Nanohana01.png,オートタイル1（屋外用）
SA-Pool01.png,autotile,https://yms.main.jp/dotartworld/page3/autotiles01.html,https://yms.main.jp/dotartworld/sozai/autotile2/autotile-ex.zip,SA-Pool01.png,/home/main/.local/share/oprn/pixel-art-world-downloads/archive-images/autotile-ex/autotile-ex/SA-Pool01.png,96,128,c5d667991f48e48c9ec3ac09ae4e072370e0d6358cc2f10452c4b8c3f9b16b17,extracted_verified,개인 로컬 수집; 소재 재배포 금지; 공개 작품에 Pixel Art World/ドット絵世界 크레딧. 조건: https://yms.main.jp/dotartworld/page1/rule.html; ZIP 중앙목록 및 전체 CRC 확인.; ZIP 내부 PNG만 별도 추출/전체 디코딩 확인. 아카이브 멤버 경로: autotile-ex/SA-Pool01.png,2990,200,autotile-ex/SA-Pool01.png,オートタイル1（屋外用）
SA-Pool02.png,autotile,https://yms.main.jp/dotartworld/page3/autotiles01.html,https://yms.main.jp/dotartworld/sozai/autotile2/autotile-ex.zip,SA-Pool02.png,/home/main/.local/share/oprn/pixel-art-world-downloads/archive-images/autotile-ex/autotile-ex/SA-Pool02.png,96,128,014cf4fbd29c2ba9f32d53fc88fc4d123f04763f0b7c51075fc17ffdcfa97d96,extracted_verified,개인 로컬 수집; 소재 재배포 금지; 공개 작품에 Pixel Art World/ドット絵世界 크레딧. 조건: https://yms.main.jp/dotartworld/page1/rule.html; ZIP 중앙목록 및 전체 CRC 확인.; ZIP 내부 PNG만 별도 추출/전체 디코딩 확인. 아카이브 멤버 경로: autotile-ex/SA-Pool02.png,2988,200,autotile-ex/SA-Pool02.png,オートタイル1（屋外用）
SA-Pumkin01.png,autotile,https://yms.main.jp/dotartworld/page3/autotiles01.html,https://yms.main.jp/dotartworld/sozai/autotile2/autotile-ex.zip,SA-Pumkin01.png,/home/main/.local/share/oprn/pixel-art-world-downloads/archive-images/autotile-ex/autotile-ex/SA-Pumkin01.png,96,128,5aebdd6fb715e6ad043f48cbcebf8aa788f18cefc8eba85c2d71b4b74184e143,extracted_verified,개인 로컬 수집; 소재 재배포 금지; 공개 작품에 Pixel Art World/ドット絵世界 크레딧. 조건: https://yms.main.jp/dotartworld/page1/rule.html; ZIP 중앙목록 및 전체 CRC 확인.; ZIP 내부 PNG만 별도 추출/전체 디코딩 확인. 아카이브 멤버 경로: autotile-ex/SA-Pumkin01.png,3413,200,autotile-ex/SA-Pumkin01.png,オートタイル1（屋外用）
SA-Pumkin02.png,autotile,https://yms.main.jp/dotartworld/page3/autotiles01.html,https://yms.main.jp/dotartworld/sozai/autotile2/autotile-ex.zip,SA-Pumkin02.png,/home/main/.local/share/oprn/pixel-art-world-downloads/archive-images/autotile-ex/autotile-ex/SA-Pumkin02.png,96,128,46ccfa7c19423bd5af13519eaf7a645ca81fc941993bfdbf3953ddb1e69c06d9,extracted_verified,개인 로컬 수집; 소재 재배포 금지; 공개 작품에 Pixel Art World/ドット絵世界 크레딧. 조건: https://yms.main.jp/dotartworld/page1/rule.html; ZIP 중앙목록 및 전체 CRC 확인.; ZIP 내부 PNG만 별도 추출/전체 디코딩 확인. 아카이브 멤버 경로: autotile-ex/SA-Pumkin02.png,3030,200,autotile-ex/SA-Pumkin02.png,オートタイル1（屋外用）
SA-Pumkin03.png,autotile,https://yms.main.jp/dotartworld/page3/autotiles01.html,https://yms.main.jp/dotartworld/sozai/autotile2/autotile-ex.zip,SA-Pumkin03.png,/home/main/.local/share/oprn/pixel-art-world-downloads/archive-images/autotile-ex/autotile-ex/SA-Pumkin03.png,96,128,ae5d1a169d1d8c5cf9381b4589f0b4e6a0442c483de0748eb858c3ad804ef1b9,extracted_verified,개인 로컬 수집; 소재 재배포 금지; 공개 작품에 Pixel Art World/ドット絵世界 크레딧. 조건: https://yms.main.jp/dotartworld/page1/rule.html; ZIP 중앙목록 및 전체 CRC 확인.; ZIP 내부 PNG만 별도 추출/전체 디코딩 확인. 아카이브 멤버 경로: autotile-ex/SA-Pumkin03.png,1628,200,autotile-ex/SA-Pumkin03.png,オートタイル1（屋外用）
SA-Pumkin04.png,autotile,https://yms.main.jp/dotartworld/page3/autotiles01.html,https://yms.main.jp/dotartworld/sozai/autotile2/autotile-ex.zip,SA-Pumkin04.png,/home/main/.local/share/oprn/pixel-art-world-downloads/archive-images/autotile-ex/autotile-ex/SA-Pumkin04.png,96,128,6ccda5fccad164d65e695dd46b49841e70a2eb0875ce5194e36f0c7cfdc298e1,extracted_verified,개인 로컬 수집; 소재 재배포 금지; 공개 작품에 Pixel Art World/ドット絵世界 크레딧. 조건: https://yms.main.jp/dotartworld/page1/rule.html; ZIP 중앙목록 및 전체 CRC 확인.; ZIP 내부 PNG만 별도 추출/전체 디코딩 확인. 아카이브 멤버 경로: autotile-ex/SA-Pumkin04.png,2088,200,autotile-ex/SA-Pumkin04.png,オートタイル1（屋外用）
SA-Road01.png,autotile,https://yms.main.jp/dotartworld/page3/autotiles01.html,https://yms.main.jp/dotartworld/sozai/autotile2/autotile-ex.zip,SA-Road01.png,/home/main/.local/share/oprn/pixel-art-world-downloads/archive-images/autotile-ex/autotile-ex/SA-Road01.png,96,128,39eb3e4642f97c44d849f81815594b223b1dfb9f2edf0a6a51b50b862d0d8b1d,extracted_verified,개인 로컬 수집; 소재 재배포 금지; 공개 작품에 Pixel Art World/ドット絵世界 크레딧. 조건: https://yms.main.jp/dotartworld/page1/rule.html; ZIP 중앙목록 및 전체 CRC 확인.; ZIP 내부 PNG만 별도 추출/전체 디코딩 확인. 아카이브 멤버 경로: autotile-ex/SA-Road01.png,1397,200,autotile-ex/SA-Road01.png,オートタイル1（屋外用）
SA-Road02.png,autotile,https://yms.main.jp/dotartworld/page3/autotiles01.html,https://yms.main.jp/dotartworld/sozai/autotile2/autotile-ex.zip,SA-Road02.png,/home/main/.local/share/oprn/pixel-art-world-downloads/archive-images/autotile-ex/autotile-ex/SA-Road02.png,96,128,75143c8774d6bf9ede0850784c8878116f70ca08db2f8151b9a889095793c77a,extracted_verified,개인 로컬 수집; 소재 재배포 금지; 공개 작품에 Pixel Art World/ドット絵世界 크레딧. 조건: https://yms.main.jp/dotartworld/page1/rule.html; ZIP 중앙목록 및 전체 CRC 확인.; ZIP 내부 PNG만 별도 추출/전체 디코딩 확인. 아카이브 멤버 경로: autotile-ex/SA-Road02.png,1357,200,autotile-ex/SA-Road02.png,オートタイル1（屋外用）
SA-RoadT01.png,autotile,https://yms.main.jp/dotartworld/page3/autotiles01.html,https://yms.main.jp/dotartworld/sozai/autotile2/autotile-ex.zip,SA-RoadT01.png,/home/main/.local/share/oprn/pixel-art-world-downloads/archive-images/autotile-ex/autotile-ex/SA-RoadT01.png,96,128,8a8546dccddb2720e7f450efb5a1bf9926e4ad617158b440462a424fdb546b5b,extracted_verified,개인 로컬 수집; 소재 재배포 금지; 공개 작품에 Pixel Art World/ドット絵世界 크레딧. 조건: https://yms.main.jp/dotartworld/page1/rule.html; ZIP 중앙목록 및 전체 CRC 확인.; ZIP 내부 PNG만 별도 추출/전체 디코딩 확인. 아카이브 멤버 경로: autotile-ex/SA-RoadT01.png,6509,200,autotile-ex/SA-RoadT01.png,オートタイル1（屋外用）
SA-Roof01.png,autotile,https://yms.main.jp/dotartworld/page3/autotiles01.html,https://yms.main.jp/dotartworld/sozai/autotile2/autotile-ex.zip,SA-Roof01.png,/home/main/.local/share/oprn/pixel-art-world-downloads/archive-images/autotile-ex/autotile-ex/SA-Roof01.png,96,128,15d7faf904362bb07108b2e407fb750fd242f1c7db9c4ca2f5f27f2e0aec74bb,extracted_verified,개인 로컬 수집; 소재 재배포 금지; 공개 작품에 Pixel Art World/ドット絵世界 크레딧. 조건: https://yms.main.jp/dotartworld/page1/rule.html; ZIP 중앙목록 및 전체 CRC 확인.; ZIP 내부 PNG만 별도 추출/전체 디코딩 확인. 아카이브 멤버 경로: autotile-ex/SA-Roof01.png,965,200,autotile-ex/SA-Roof01.png,オートタイル1（屋外用）
SA-Roof02.png,autotile,https://yms.main.jp/dotartworld/page3/autotiles01.html,https://yms.main.jp/dotartworld/sozai/autotile2/autotile-ex.zip,SA-Roof02.png,/home/main/.local/share/oprn/pixel-art-world-downloads/archive-images/autotile-ex/autotile-ex/SA-Roof02.png,96,128,aeda7393c7487ad44f56349d57005c5b58419c5ac0864b566b2497850339a870,extracted_verified,개인 로컬 수집; 소재 재배포 금지; 공개 작품에 Pixel Art World/ドット絵世界 크레딧. 조건: https://yms.main.jp/dotartworld/page1/rule.html; ZIP 중앙목록 및 전체 CRC 확인.; ZIP 내부 PNG만 별도 추출/전체 디코딩 확인. 아카이브 멤버 경로: autotile-ex/SA-Roof02.png,840,200,autotile-ex/SA-Roof02.png,オートタイル1（屋外用）
SA-Roof03.png,autotile,https://yms.main.jp/dotartworld/page3/autotiles01.html,https://yms.main.jp/dotartworld/sozai/autotile2/autotile-ex.zip,SA-Roof03.png,/home/main/.local/share/oprn/pixel-art-world-downloads/archive-images/autotile-ex/autotile-ex/SA-Roof03.png,96,128,55d8e553744cff68e527f755b600ce978472f62c61684e127bb1da3c578d47ee,extracted_verified,개인 로컬 수집; 소재 재배포 금지; 공개 작품에 Pixel Art World/ドット絵世界 크레딧. 조건: https://yms.main.jp/dotartworld/page1/rule.html; ZIP 중앙목록 및 전체 CRC 확인.; ZIP 내부 PNG만 별도 추출/전체 디코딩 확인. 아카이브 멤버 경로: autotile-ex/SA-Roof03.png,2057,200,autotile-ex/SA-Roof03.png,オートタイル1（屋外用）
SA-Roof04.png,autotile,https://yms.main.jp/dotartworld/page3/autotiles01.html,https://yms.main.jp/dotartworld/sozai/autotile2/autotile-ex.zip,SA-Roof04.png,/home/main/.local/share/oprn/pixel-art-world-downloads/archive-images/autotile-ex/autotile-ex/SA-Roof04.png,96,128,66339559aa492af2d0cc973c7fce0e99ff73ab031a95abcb864c3a71bc9c3a3b,extracted_verified,개인 로컬 수집; 소재 재배포 금지; 공개 작품에 Pixel Art World/ドット絵世界 크레딧. 조건: https://yms.main.jp/dotartworld/page1/rule.html; ZIP 중앙목록 및 전체 CRC 확인.; ZIP 내부 PNG만 별도 추출/전체 디코딩 확인. 아카이브 멤버 경로: autotile-ex/SA-Roof04.png,1944,200,autotile-ex/SA-Roof04.png,オートタイル1（屋外用）
SA-Saku01.png,autotile,https://yms.main.jp/dotartworld/page3/autotiles01.html,https://yms.main.jp/dotartworld/sozai/autotile2/autotile-ex.zip,SA-Saku01.png,/home/main/.local/share/oprn/pixel-art-world-downloads/archive-images/autotile-ex/autotile-ex/SA-Saku01.png,96,128,989bd4ba92aecbc2503929010ead5e50690b45490868e391b593d47c163c0c38,extracted_verified,개인 로컬 수집; 소재 재배포 금지; 공개 작품에 Pixel Art World/ドット絵世界 크레딧. 조건: https://yms.main.jp/dotartworld/page1/rule.html; ZIP 중앙목록 및 전체 CRC 확인.; ZIP 내부 PNG만 별도 추출/전체 디코딩 확인. 아카이브 멤버 경로: autotile-ex/SA-Saku01.png,1037,200,autotile-ex/SA-Saku01.png,オートタイル1（屋外用）
SA-Seawds01.png,autotile,https://yms.main.jp/dotartworld/page3/autotiles01.html,https://yms.main.jp/dotartworld/sozai/autotile2/autotile-ex.zip,SA-Seawds01.png,/home/main/.local/share/oprn/pixel-art-world-downloads/archive-images/autotile-ex/autotile-ex/SA-Seawds01.png,96,128,d4cbc1540c7894c1e9832d8a1d896099a764dc59f3f32721d6832a78b637c693,extracted_verified,개인 로컬 수집; 소재 재배포 금지; 공개 작품에 Pixel Art World/ドット絵世界 크레딧. 조건: https://yms.main.jp/dotartworld/page1/rule.html; ZIP 중앙목록 및 전체 CRC 확인.; ZIP 내부 PNG만 별도 추출/전체 디코딩 확인. 아카이브 멤버 경로: autotile-ex/SA-Seawds01.png,1615,200,autotile-ex/SA-Seawds01.png,オートタイル1（屋外用）
SA-SRoad01.png,autotile,https://yms.main.jp/dotartworld/page3/autotiles01.html,https://yms.main.jp/dotartworld/sozai/autotile2/autotile-ex.zip,SA-SRoad01.png,/home/main/.local/share/oprn/pixel-art-world-downloads/archive-images/autotile-ex/autotile-ex/SA-SRoad01.png,96,128,f984b3e50ff5b2ccf1b94eb441c41f343eabfe7dd5ee1f64e48dbd0a0e12340f,extracted_verified,개인 로컬 수집; 소재 재배포 금지; 공개 작품에 Pixel Art World/ドット絵世界 크레딧. 조건: https://yms.main.jp/dotartworld/page1/rule.html; ZIP 중앙목록 및 전체 CRC 확인.; ZIP 내부 PNG만 별도 추출/전체 디코딩 확인. 아카이브 멤버 경로: autotile-ex/SA-SRoad01.png,4362,200,autotile-ex/SA-SRoad01.png,オートタイル1（屋外用）
SA-SRoad02.png,autotile,https://yms.main.jp/dotartworld/page3/autotiles01.html,https://yms.main.jp/dotartworld/sozai/autotile2/autotile-ex.zip,SA-SRoad02.png,/home/main/.local/share/oprn/pixel-art-world-downloads/archive-images/autotile-ex/autotile-ex/SA-SRoad02.png,96,128,a072e8ec0bbf0d5df83d16e526154df493c4975bdf3e2d1028cbbaac56fd2d90,extracted_verified,개인 로컬 수집; 소재 재배포 금지; 공개 작품에 Pixel Art World/ドット絵世界 크레딧. 조건: https://yms.main.jp/dotartworld/page1/rule.html; ZIP 중앙목록 및 전체 CRC 확인.; ZIP 내부 PNG만 별도 추출/전체 디코딩 확인. 아카이브 멤버 경로: autotile-ex/SA-SRoad02.png,4045,200,autotile-ex/SA-SRoad02.png,オートタイル1（屋外用）
SA-StFence01.png,autotile,https://yms.main.jp/dotartworld/page3/autotiles01.html,https://yms.main.jp/dotartworld/sozai/autotile2/autotile-ex.zip,SA-StFence01.png,/home/main/.local/share/oprn/pixel-art-world-downloads/archive-images/autotile-ex/autotile-ex/SA-StFence01.png,96,128,33c40faba03031fdca7b7bb5ebf2d9d93126b35da8b75f6d534c1a58bc03fbc4,extracted_verified,개인 로컬 수집; 소재 재배포 금지; 공개 작품에 Pixel Art World/ドット絵世界 크레딧. 조건: https://yms.main.jp/dotartworld/page1/rule.html; ZIP 중앙목록 및 전체 CRC 확인.; ZIP 내부 PNG만 별도 추출/전체 디코딩 확인. 아카이브 멤버 경로: autotile-ex/SA-StFence01.png,4070,200,autotile-ex/SA-StFence01.png,オートタイル1（屋外用）
SA-StFence02.png,autotile,https://yms.main.jp/dotartworld/page3/autotiles01.html,https://yms.main.jp/dotartworld/sozai/autotile2/autotile-ex.zip,SA-StFence02.png,/home/main/.local/share/oprn/pixel-art-world-downloads/archive-images/autotile-ex/autotile-ex/SA-StFence02.png,96,128,af0108cc4a48bb9c073a9d68d2d2dbef4049b7fb5c6ae7f975106fb62fc11c5f,extracted_verified,개인 로컬 수집; 소재 재배포 금지; 공개 작품에 Pixel Art World/ドット絵世界 크레딧. 조건: https://yms.main.jp/dotartworld/page1/rule.html; ZIP 중앙목록 및 전체 CRC 확인.; ZIP 내부 PNG만 별도 추출/전체 디코딩 확인. 아카이브 멤버 경로: autotile-ex/SA-StFence02.png,3561,200,autotile-ex/SA-StFence02.png,オートタイル1（屋外用）
SA-StFence03.png,autotile,https://yms.main.jp/dotartworld/page3/autotiles01.html,https://yms.main.jp/dotartworld/sozai/autotile2/autotile-ex.zip,SA-StFence03.png,/home/main/.local/share/oprn/pixel-art-world-downloads/archive-images/autotile-ex/autotile-ex/SA-StFence03.png,96,128,7840db31e83bde5e12c26a67392a2de4b061a24f9cd455a14422e6703593f61f,extracted_verified,개인 로컬 수집; 소재 재배포 금지; 공개 작품에 Pixel Art World/ドット絵世界 크레딧. 조건: https://yms.main.jp/dotartworld/page1/rule.html; ZIP 중앙목록 및 전체 CRC 확인.; ZIP 내부 PNG만 별도 추출/전체 디코딩 확인. 아카이브 멤버 경로: autotile-ex/SA-StFence03.png,9093,200,autotile-ex/SA-StFence03.png,オートタイル1（屋外用）
SA-StFenceBase.png,autotile,https://yms.main.jp/dotartworld/page3/autotiles01.html,https://yms.main.jp/dotartworld/sozai/autotile2/autotile-ex.zip,SA-StFenceBase.png,/home/main/.local/share/oprn/pixel-art-world-downloads/archive-images/autotile-ex/autotile-ex/SA-StFenceBase.png,96,128,1e1a5f5a1150d2fe918a9c16df2a0874df3dddd58ca6aede56910b353f26196c,extracted_verified,개인 로컬 수집; 소재 재배포 금지; 공개 작품에 Pixel Art World/ドット絵世界 크레딧. 조건: https://yms.main.jp/dotartworld/page1/rule.html; ZIP 중앙목록 및 전체 CRC 확인.; ZIP 내부 PNG만 별도 추출/전체 디코딩 확인. 아카이브 멤버 경로: autotile-ex/SA-StFenceBase.png,4078,200,autotile-ex/SA-StFenceBase.png,オートタイル1（屋外用）
SA-Stone01.png,autotile,https://yms.main.jp/dotartworld/page3/autotiles01.html,https://yms.main.jp/dotartworld/sozai/autotile2/autotile-ex.zip,SA-Stone01.png,/home/main/.local/share/oprn/pixel-art-world-downloads/archive-images/autotile-ex/autotile-ex/SA-Stone01.png,96,128,3a77115da410d18348181dd4ebc653cbe39a07d5ef3ea7451359765b53dec0f2,extracted_verified,개인 로컬 수집; 소재 재배포 금지; 공개 작품에 Pixel Art World/ドット絵世界 크레딧. 조건: https://yms.main.jp/dotartworld/page1/rule.html; ZIP 중앙목록 및 전체 CRC 확인.; ZIP 내부 PNG만 별도 추출/전체 디코딩 확인. 아카이브 멤버 경로: autotile-ex/SA-Stone01.png,17463,200,autotile-ex/SA-Stone01.png,オートタイル1（屋外用）
SA-Undulation01.png,autotile,https://yms.main.jp/dotartworld/page3/autotiles01.html,https://yms.main.jp/dotartworld/sozai/autotile2/autotile-ex.zip,SA-Undulation01.png,/home/main/.local/share/oprn/pixel-art-world-downloads/archive-images/autotile-ex/autotile-ex/SA-Undulation01.png,96,128,62a4ca19ebeeb1bdeabac07b17febd78534507cad722ac61ac9ee6b57e18d376,extracted_verified,개인 로컬 수집; 소재 재배포 금지; 공개 작품에 Pixel Art World/ドット絵世界 크레딧. 조건: https://yms.main.jp/dotartworld/page1/rule.html; ZIP 중앙목록 및 전체 CRC 확인.; ZIP 내부 PNG만 별도 추출/전체 디코딩 확인. 아카이브 멤버 경로: autotile-ex/SA-Undulation01.png,12186,200,autotile-ex/SA-Undulation01.png,オートタイル1（屋外用）
SA-Undulation02.png,autotile,https://yms.main.jp/dotartworld/page3/autotiles01.html,https://yms.main.jp/dotartworld/sozai/autotile2/autotile-ex.zip,SA-Undulation02.png,/home/main/.local/share/oprn/pixel-art-world-downloads/archive-images/autotile-ex/autotile-ex/SA-Undulation02.png,96,128,740f4bf70b52cd78d0214e2a1683c253fae3ab466a1a20faed9dd69cecbd5083,extracted_verified,개인 로컬 수집; 소재 재배포 금지; 공개 작품에 Pixel Art World/ドット絵世界 크레딧. 조건: https://yms.main.jp/dotartworld/page1/rule.html; ZIP 중앙목록 및 전체 CRC 확인.; ZIP 내부 PNG만 별도 추출/전체 디코딩 확인. 아카이브 멤버 경로: autotile-ex/SA-Undulation02.png,12602,200,autotile-ex/SA-Undulation02.png,オートタイル1（屋外用）
SA-Window01.png,autotile,https://yms.main.jp/dotartworld/page3/autotiles01.html,https://yms.main.jp/dotartworld/sozai/autotile2/autotile-ex.zip,SA-Window01.png,/home/main/.local/share/oprn/pixel-art-world-downloads/archive-images/autotile-ex/autotile-ex/SA-Window01.png,96,128,1bf360bf97d9b0079c15c61ac71b6e3ac0e84397d6d5f2e5676d312a755dca48,extracted_verified,개인 로컬 수집; 소재 재배포 금지; 공개 작품에 Pixel Art World/ドット絵世界 크레딧. 조건: https://yms.main.jp/dotartworld/page1/rule.html; ZIP 중앙목록 및 전체 CRC 확인.; ZIP 내부 PNG만 별도 추출/전체 디코딩 확인. 아카이브 멤버 경로: autotile-ex/SA-Window01.png,545,200,autotile-ex/SA-Window01.png,オートタイル1（屋外用）
SA-Carpet01.png,autotile,https://yms.main.jp/dotartworld/page3/autotiles02.html,https://yms.main.jp/dotartworld/sozai/autotile2/autotile-in.zip,SA-Carpet01.png,/home/main/.local/share/oprn/pixel-art-world-downloads/archive-images/autotile-in/autotile-in/SA-Carpet01.png,96,128,b8991a5b9efbf4bd806cd2bf282d6bd0452496dfecea722f103b964233ab21c3,extracted_verified,개인 로컬 수집; 소재 재배포 금지; 공개 작품에 Pixel Art World/ドット絵世界 크레딧. 조건: https://yms.main.jp/dotartworld/page1/rule.html; ZIP 중앙목록 및 전체 CRC 확인.; ZIP 내부 PNG만 별도 추출/전체 디코딩 확인. 아카이브 멤버 경로: autotile-in/SA-Carpet01.png,434,200,autotile-in/SA-Carpet01.png,オートタイル2
SA-Carpet02.png,autotile,https://yms.main.jp/dotartworld/page3/autotiles02.html,https://yms.main.jp/dotartworld/sozai/autotile2/autotile-in.zip,SA-Carpet02.png,/home/main/.local/share/oprn/pixel-art-world-downloads/archive-images/autotile-in/autotile-in/SA-Carpet02.png,96,128,f8828aeb938da60504f94c515e05aa0115c64d6f5eed01a443d9ec9e0a21935a,extracted_verified,개인 로컬 수집; 소재 재배포 금지; 공개 작품에 Pixel Art World/ドット絵世界 크레딧. 조건: https://yms.main.jp/dotartworld/page1/rule.html; ZIP 중앙목록 및 전체 CRC 확인.; ZIP 내부 PNG만 별도 추출/전체 디코딩 확인. 아카이브 멤버 경로: autotile-in/SA-Carpet02.png,423,200,autotile-in/SA-Carpet02.png,オートタイル2
SA-Carpet03.png,autotile,https://yms.main.jp/dotartworld/page3/autotiles02.html,https://yms.main.jp/dotartworld/sozai/autotile2/autotile-in.zip,SA-Carpet03.png,/home/main/.local/share/oprn/pixel-art-world-downloads/archive-images/autotile-in/autotile-in/SA-Carpet03.png,96,128,6b194460c767ab0d97d5987623ece3fed9fe41ea0dee249e0ad0e2406def83a6,extracted_verified,개인 로컬 수집; 소재 재배포 금지; 공개 작품에 Pixel Art World/ドット絵世界 크레딧. 조건: https://yms.main.jp/dotartworld/page1/rule.html; ZIP 중앙목록 및 전체 CRC 확인.; ZIP 내부 PNG만 별도 추출/전체 디코딩 확인. 아카이브 멤버 경로: autotile-in/SA-Carpet03.png,434,200,autotile-in/SA-Carpet03.png,オートタイル2
SA-Carpet04.png,autotile,https://yms.main.jp/dotartworld/page3/autotiles02.html,https://yms.main.jp/dotartworld/sozai/autotile2/autotile-in.zip,SA-Carpet04.png,/home/main/.local/share/oprn/pixel-art-world-downloads/archive-images/autotile-in/autotile-in/SA-Carpet04.png,96,128,77910ff16d3f72ad5b39924b7a7e98076f758e13ab2878c7730442ce248b88fa,extracted_verified,개인 로컬 수집; 소재 재배포 금지; 공개 작품에 Pixel Art World/ドット絵世界 크레딧. 조건: https://yms.main.jp/dotartworld/page1/rule.html; ZIP 중앙목록 및 전체 CRC 확인.; ZIP 내부 PNG만 별도 추출/전체 디코딩 확인. 아카이브 멤버 경로: autotile-in/SA-Carpet04.png,485,200,autotile-in/SA-Carpet04.png,オートタイル2
SA-Carpet05.png,autotile,https://yms.main.jp/dotartworld/page3/autotiles02.html,https://yms.main.jp/dotartworld/sozai/autotile2/autotile-in.zip,SA-Carpet05.png,/home/main/.local/share/oprn/pixel-art-world-downloads/archive-images/autotile-in/autotile-in/SA-Carpet05.png,96,128,2ac74ea68a1f00c80521242421df2f4342780884d3266540c0ad50c871666b5f,extracted_verified,개인 로컬 수집; 소재 재배포 금지; 공개 작품에 Pixel Art World/ドット絵世界 크레딧. 조건: https://yms.main.jp/dotartworld/page1/rule.html; ZIP 중앙목록 및 전체 CRC 확인.; ZIP 내부 PNG만 별도 추출/전체 디코딩 확인. 아카이브 멤버 경로: autotile-in/SA-Carpet05.png,434,200,autotile-in/SA-Carpet05.png,オートタイル2
SA-Carpet06.png,autotile,https://yms.main.jp/dotartworld/page3/autotiles02.html,https://yms.main.jp/dotartworld/sozai/autotile2/autotile-in.zip,SA-Carpet06.png,/home/main/.local/share/oprn/pixel-art-world-downloads/archive-images/autotile-in/autotile-in/SA-Carpet06.png,96,128,46e86f0e79c075978356eebb941ac3605a6e0df5372444ec09e8661778328854,extracted_verified,개인 로컬 수집; 소재 재배포 금지; 공개 작품에 Pixel Art World/ドット絵世界 크레딧. 조건: https://yms.main.jp/dotartworld/page1/rule.html; ZIP 중앙목록 및 전체 CRC 확인.; ZIP 내부 PNG만 별도 추출/전체 디코딩 확인. 아카이브 멤버 경로: autotile-in/SA-Carpet06.png,827,200,autotile-in/SA-Carpet06.png,オートタイル2
SA-Carpet07.png,autotile,https://yms.main.jp/dotartworld/page3/autotiles02.html,https://yms.main.jp/dotartworld/sozai/autotile2/autotile-in.zip,SA-Carpet07.png,/home/main/.local/share/oprn/pixel-art-world-downloads/archive-images/autotile-in/autotile-in/SA-Carpet07.png,96,128,9ecbc2432d31a804be46bf0580f9d37807ca5560cc9a9994b858d2463eb42d4b,extracted_verified,개인 로컬 수집; 소재 재배포 금지; 공개 작품에 Pixel Art World/ドット絵世界 크레딧. 조건: https://yms.main.jp/dotartworld/page1/rule.html; ZIP 중앙목록 및 전체 CRC 확인.; ZIP 내부 PNG만 별도 추출/전체 디코딩 확인. 아카이브 멤버 경로: autotile-in/SA-Carpet07.png,812,200,autotile-in/SA-Carpet07.png,オートタイル2
SA-Carpet08.png,autotile,https://yms.main.jp/dotartworld/page3/autotiles02.html,https://yms.main.jp/dotartworld/sozai/autotile2/autotile-in.zip,SA-Carpet08.png,/home/main/.local/share/oprn/pixel-art-world-downloads/archive-images/autotile-in/autotile-in/SA-Carpet08.png,96,128,0d9e2c378202c719d290dbdc5697956b45bd8c1daab443500ac2dde3b5645368,extracted_verified,개인 로컬 수집; 소재 재배포 금지; 공개 작품에 Pixel Art World/ドット絵世界 크레딧. 조건: https://yms.main.jp/dotartworld/page1/rule.html; ZIP 중앙목록 및 전체 CRC 확인.; ZIP 내부 PNG만 별도 추출/전체 디코딩 확인. 아카이브 멤버 경로: autotile-in/SA-Carpet08.png,827,200,autotile-in/SA-Carpet08.png,オートタイル2
SA-Carpet08ST.png,autotile,https://yms.main.jp/dotartworld/page3/autotiles02.html,https://yms.main.jp/dotartworld/sozai/autotile2/autotile-in.zip,SA-Carpet08ST.png,/home/main/.local/share/oprn/pixel-art-world-downloads/archive-images/autotile-in/autotile-in/SA-Carpet08ST.png,96,128,9f0dd0fae6383d793491b676b84914b4e27908faed3ea0e775a1c7ccb792dd88,extracted_verified,개인 로컬 수집; 소재 재배포 금지; 공개 작품에 Pixel Art World/ドット絵世界 크레딧. 조건: https://yms.main.jp/dotartworld/page1/rule.html; ZIP 중앙목록 및 전체 CRC 확인.; ZIP 내부 PNG만 별도 추출/전체 디코딩 확인. 아카이브 멤버 경로: autotile-in/SA-Carpet08ST.png,666,200,autotile-in/SA-Carpet08ST.png,オートタイル2
SA-Carpet09.png,autotile,https://yms.main.jp/dotartworld/page3/autotiles02.html,https://yms.main.jp/dotartworld/sozai/autotile2/autotile-in.zip,SA-Carpet09.png,/home/main/.local/share/oprn/pixel-art-world-downloads/archive-images/autotile-in/autotile-in/SA-Carpet09.png,96,128,ff5ae80c4eb7c901ecc2d0326aac9b0af1baae372c652ace218b428bf6df9a6f,extracted_verified,개인 로컬 수집; 소재 재배포 금지; 공개 작품에 Pixel Art World/ドット絵世界 크레딧. 조건: https://yms.main.jp/dotartworld/page1/rule.html; ZIP 중앙목록 및 전체 CRC 확인.; ZIP 내부 PNG만 별도 추출/전체 디코딩 확인. 아카이브 멤버 경로: autotile-in/SA-Carpet09.png,827,200,autotile-in/SA-Carpet09.png,オートタイル2
SA-Carpet09ST.png,autotile,https://yms.main.jp/dotartworld/page3/autotiles02.html,https://yms.main.jp/dotartworld/sozai/autotile2/autotile-in.zip,SA-Carpet09ST.png,/home/main/.local/share/oprn/pixel-art-world-downloads/archive-images/autotile-in/autotile-in/SA-Carpet09ST.png,96,128,11c2b9245f0b6e29c38a341d0fde6e8bbb09becd33bd96f79e2f155135759c65,extracted_verified,개인 로컬 수집; 소재 재배포 금지; 공개 작품에 Pixel Art World/ドット絵世界 크레딧. 조건: https://yms.main.jp/dotartworld/page1/rule.html; ZIP 중앙목록 및 전체 CRC 확인.; ZIP 내부 PNG만 별도 추출/전체 디코딩 확인. 아카이브 멤버 경로: autotile-in/SA-Carpet09ST.png,666,200,autotile-in/SA-Carpet09ST.png,オートタイル2
SA-Carpet10.png,autotile,https://yms.main.jp/dotartworld/page3/autotiles02.html,https://yms.main.jp/dotartworld/sozai/autotile2/autotile-in.zip,SA-Carpet10.png,/home/main/.local/share/oprn/pixel-art-world-downloads/archive-images/autotile-in/autotile-in/SA-Carpet10.png,96,128,9ee0dbb6c712bd5f6189e33c1dc56e4b3542946286679b5500e1c1bac07a9f11,extracted_verified,개인 로컬 수집; 소재 재배포 금지; 공개 작품에 Pixel Art World/ドット絵世界 크레딧. 조건: https://yms.main.jp/dotartworld/page1/rule.html; ZIP 중앙목록 및 전체 CRC 확인.; ZIP 내부 PNG만 별도 추출/전체 디코딩 확인. 아카이브 멤버 경로: autotile-in/SA-Carpet10.png,629,200,autotile-in/SA-Carpet10.png,オートタイル2
SA-Carpet11.png,autotile,https://yms.main.jp/dotartworld/page3/autotiles02.html,https://yms.main.jp/dotartworld/sozai/autotile2/autotile-in.zip,SA-Carpet11.png,/home/main/.local/share/oprn/pixel-art-world-downloads/archive-images/autotile-in/autotile-in/SA-Carpet11.png,96,128,7a0710a2b93af6189a1b8e0b75c126c6baa1452bb25a8547c4374ead5d7b35dc,extracted_verified,개인 로컬 수집; 소재 재배포 금지; 공개 작품에 Pixel Art World/ドット絵世界 크레딧. 조건: https://yms.main.jp/dotartworld/page1/rule.html; ZIP 중앙목록 및 전체 CRC 확인.; ZIP 내부 PNG만 별도 추출/전체 디코딩 확인. 아카이브 멤버 경로: autotile-in/SA-Carpet11.png,614,200,autotile-in/SA-Carpet11.png,オートタイル2
SA-Carpet12.png,autotile,https://yms.main.jp/dotartworld/page3/autotiles02.html,https://yms.main.jp/dotartworld/sozai/autotile2/autotile-in.zip,SA-Carpet12.png,/home/main/.local/share/oprn/pixel-art-world-downloads/archive-images/autotile-in/autotile-in/SA-Carpet12.png,96,128,c477c757d2185c9eb685f06614a8a8475f3cb9df74fc1114663cecfa0f4c508b,extracted_verified,개인 로컬 수집; 소재 재배포 금지; 공개 작품에 Pixel Art World/ドット絵世界 크레딧. 조건: https://yms.main.jp/dotartworld/page1/rule.html; ZIP 중앙목록 및 전체 CRC 확인.; ZIP 내부 PNG만 별도 추출/전체 디코딩 확인. 아카이브 멤버 경로: autotile-in/SA-Carpet12.png,614,200,autotile-in/SA-Carpet12.png,オートタイル2
SA-Carpet13.png,autotile,https://yms.main.jp/dotartworld/page3/autotiles02.html,https://yms.main.jp/dotartworld/sozai/autotile2/autotile-in.zip,SA-Carpet13.png,/home/main/.local/share/oprn/pixel-art-world-downloads/archive-images/autotile-in/autotile-in/SA-Carpet13.png,96,128,e40583d021d2a89ee3b787f1112b40d62e0e62e1f31701f1a7fe4dc54b313454,extracted_verified,개인 로컬 수집; 소재 재배포 금지; 공개 작품에 Pixel Art World/ドット絵世界 크레딧. 조건: https://yms.main.jp/dotartworld/page1/rule.html; ZIP 중앙목록 및 전체 CRC 확인.; ZIP 내부 PNG만 별도 추출/전체 디코딩 확인. 아카이브 멤버 경로: autotile-in/SA-Carpet13.png,7664,200,autotile-in/SA-Carpet13.png,オートタイル2
SA-Carpet-Rose01.png,autotile,https://yms.main.jp/dotartworld/page3/autotiles02.html,https://yms.main.jp/dotartworld/sozai/autotile2/autotile-in.zip,SA-Carpet-Rose01.png,/home/main/.local/share/oprn/pixel-art-world-downloads/archive-images/autotile-in/autotile-in/SA-Carpet-Rose01.png,96,128,33c6563645f89e189f6967506c4403fcc5151b91e6b786bdff0d2cf864c856c1,extracted_verified,개인 로컬 수집; 소재 재배포 금지; 공개 작품에 Pixel Art World/ドット絵世界 크레딧. 조건: https://yms.main.jp/dotartworld/page1/rule.html; ZIP 중앙목록 및 전체 CRC 확인.; ZIP 내부 PNG만 별도 추출/전체 디코딩 확인. 아카이브 멤버 경로: autotile-in/SA-Carpet-Rose01.png,6582,200,autotile-in/SA-Carpet-Rose01.png,オートタイル2
SA-Cartain01.png,autotile,https://yms.main.jp/dotartworld/page3/autotiles02.html,https://yms.main.jp/dotartworld/sozai/autotile2/autotile-in.zip,SA-Cartain01.png,/home/main/.local/share/oprn/pixel-art-world-downloads/archive-images/autotile-in/autotile-in/SA-Cartain01.png,96,128,eee762c26f2564455fe7ef8083cb3c86b8302f5e7a513decf785063e8ea7f50e,extracted_verified,개인 로컬 수집; 소재 재배포 금지; 공개 작품에 Pixel Art World/ドット絵世界 크레딧. 조건: https://yms.main.jp/dotartworld/page1/rule.html; ZIP 중앙목록 및 전체 CRC 확인.; ZIP 내부 PNG만 별도 추출/전체 디코딩 확인. 아카이브 멤버 경로: autotile-in/SA-Cartain01.png,965,200,autotile-in/SA-Cartain01.png,オートタイル2
SA-Cartain02.png,autotile,https://yms.main.jp/dotartworld/page3/autotiles02.html,https://yms.main.jp/dotartworld/sozai/autotile2/autotile-in.zip,SA-Cartain02.png,/home/main/.local/share/oprn/pixel-art-world-downloads/archive-images/autotile-in/autotile-in/SA-Cartain02.png,96,128,f690a42402c4343d505ea4693a26274f3642a34c2fe34cdc0698c158295d7354,extracted_verified,개인 로컬 수집; 소재 재배포 금지; 공개 작품에 Pixel Art World/ドット絵世界 크레딧. 조건: https://yms.main.jp/dotartworld/page1/rule.html; ZIP 중앙목록 및 전체 CRC 확인.; ZIP 내부 PNG만 별도 추출/전체 디코딩 확인. 아카이브 멤버 경로: autotile-in/SA-Cartain02.png,965,200,autotile-in/SA-Cartain02.png,オートタイル2
SA-FloorM01.png,autotile,https://yms.main.jp/dotartworld/page3/autotiles02.html,https://yms.main.jp/dotartworld/sozai/autotile2/autotile-in.zip,SA-FloorM01.png,/home/main/.local/share/oprn/pixel-art-world-downloads/archive-images/autotile-in/autotile-in/SA-FloorM01.png,96,128,3d482c3330296739272187b861c3b31075b3cb28604c645bd82d5bfa242bba5d,extracted_verified,개인 로컬 수집; 소재 재배포 금지; 공개 작품에 Pixel Art World/ドット絵世界 크레딧. 조건: https://yms.main.jp/dotartworld/page1/rule.html; ZIP 중앙목록 및 전체 CRC 확인.; ZIP 내부 PNG만 별도 추출/전체 디코딩 확인. 아카이브 멤버 경로: autotile-in/SA-FloorM01.png,609,200,autotile-in/SA-FloorM01.png,オートタイル2
SA-FloorM02.png,autotile,https://yms.main.jp/dotartworld/page3/autotiles02.html,https://yms.main.jp/dotartworld/sozai/autotile2/autotile-in.zip,SA-FloorM02.png,/home/main/.local/share/oprn/pixel-art-world-downloads/archive-images/autotile-in/autotile-in/SA-FloorM02.png,96,128,5314962bc1e81565813860ff1fe122fd320f6b3eabc18e205cf656f271221f08,extracted_verified,개인 로컬 수집; 소재 재배포 금지; 공개 작품에 Pixel Art World/ドット絵世界 크레딧. 조건: https://yms.main.jp/dotartworld/page1/rule.html; ZIP 중앙목록 및 전체 CRC 확인.; ZIP 내부 PNG만 별도 추출/전체 디코딩 확인. 아카이브 멤버 경로: autotile-in/SA-FloorM02.png,649,200,autotile-in/SA-FloorM02.png,オートタイル2
SA-FloorM03.png,autotile,https://yms.main.jp/dotartworld/page3/autotiles02.html,https://yms.main.jp/dotartworld/sozai/autotile2/autotile-in.zip,SA-FloorM03.png,/home/main/.local/share/oprn/pixel-art-world-downloads/archive-images/autotile-in/autotile-in/SA-FloorM03.png,96,128,0f45d19fe360255ebac51e6a0b927b2c3213aaec1b6a1d83f8fda64ea01e5415,extracted_verified,개인 로컬 수집; 소재 재배포 금지; 공개 작품에 Pixel Art World/ドット絵世界 크레딧. 조건: https://yms.main.jp/dotartworld/page1/rule.html; ZIP 중앙목록 및 전체 CRC 확인.; ZIP 내부 PNG만 별도 추출/전체 디코딩 확인. 아카이브 멤버 경로: autotile-in/SA-FloorM03.png,581,200,autotile-in/SA-FloorM03.png,オートタイル2
SA-FloorS01.png,autotile,https://yms.main.jp/dotartworld/page3/autotiles02.html,https://yms.main.jp/dotartworld/sozai/autotile2/autotile-in.zip,SA-FloorS01.png,/home/main/.local/share/oprn/pixel-art-world-downloads/archive-images/autotile-in/autotile-in/SA-FloorS01.png,96,128,d1cb6c161386034addad3abd9669fee43269bf2326b58ef25600bc76f17e5e12,extracted_verified,개인 로컬 수집; 소재 재배포 금지; 공개 작품에 Pixel Art World/ドット絵世界 크레딧. 조건: https://yms.main.jp/dotartworld/page1/rule.html; ZIP 중앙목록 및 전체 CRC 확인.; ZIP 내부 PNG만 별도 추출/전체 디코딩 확인. 아카이브 멤버 경로: autotile-in/SA-FloorS01.png,413,200,autotile-in/SA-FloorS01.png,オートタイル2
SA-FloorS02.png,autotile,https://yms.main.jp/dotartworld/page3/autotiles02.html,https://yms.main.jp/dotartworld/sozai/autotile2/autotile-in.zip,SA-FloorS02.png,/home/main/.local/share/oprn/pixel-art-world-downloads/archive-images/autotile-in/autotile-in/SA-FloorS02.png,96,128,889012989061b3a3f00aa10a054196db01aef84984c0a7db107a029fe779fc95,extracted_verified,개인 로컬 수집; 소재 재배포 금지; 공개 작품에 Pixel Art World/ドット絵世界 크레딧. 조건: https://yms.main.jp/dotartworld/page1/rule.html; ZIP 중앙목록 및 전체 CRC 확인.; ZIP 내부 PNG만 별도 추출/전체 디코딩 확인. 아카이브 멤버 경로: autotile-in/SA-FloorS02.png,413,200,autotile-in/SA-FloorS02.png,オートタイル2
SA-FloorS03.png,autotile,https://yms.main.jp/dotartworld/page3/autotiles02.html,https://yms.main.jp/dotartworld/sozai/autotile2/autotile-in.zip,SA-FloorS03.png,/home/main/.local/share/oprn/pixel-art-world-downloads/archive-images/autotile-in/autotile-in/SA-FloorS03.png,96,128,eee3d654d4f1978c99ab291b9cef9c8e54de3f43e413d8465b33aa9152d626f4,extracted_verified,개인 로컬 수집; 소재 재배포 금지; 공개 작품에 Pixel Art World/ドット絵世界 크레딧. 조건: https://yms.main.jp/dotartworld/page1/rule.html; ZIP 중앙목록 및 전체 CRC 확인.; ZIP 내부 PNG만 별도 추출/전체 디코딩 확인. 아카이브 멤버 경로: autotile-in/SA-FloorS03.png,416,200,autotile-in/SA-FloorS03.png,オートタイル2
SA-FloorS04.png,autotile,https://yms.main.jp/dotartworld/page3/autotiles02.html,https://yms.main.jp/dotartworld/sozai/autotile2/autotile-in.zip,SA-FloorS04.png,/home/main/.local/share/oprn/pixel-art-world-downloads/archive-images/autotile-in/autotile-in/SA-FloorS04.png,96,128,253dae0747db3e805e2e8f320546136118e663de06842771eec0614cce839073,extracted_verified,개인 로컬 수집; 소재 재배포 금지; 공개 작품에 Pixel Art World/ドット絵世界 크레딧. 조건: https://yms.main.jp/dotartworld/page1/rule.html; ZIP 중앙목록 및 전체 CRC 확인.; ZIP 내부 PNG만 별도 추출/전체 디코딩 확인. 아카이브 멤버 경로: autotile-in/SA-FloorS04.png,416,200,autotile-in/SA-FloorS04.png,オートタイル2
SA-FloorS05.png,autotile,https://yms.main.jp/dotartworld/page3/autotiles02.html,https://yms.main.jp/dotartworld/sozai/autotile2/autotile-in.zip,SA-FloorS05.png,/home/main/.local/share/oprn/pixel-art-world-downloads/archive-images/autotile-in/autotile-in/SA-FloorS05.png,96,128,71649fa46885b07a21c03fb2f08bdd011652ab9185275c90e48f22a8c523b406,extracted_verified,개인 로컬 수집; 소재 재배포 금지; 공개 작품에 Pixel Art World/ドット絵世界 크레딧. 조건: https://yms.main.jp/dotartworld/page1/rule.html; ZIP 중앙목록 및 전체 CRC 확인.; ZIP 내부 PNG만 별도 추출/전체 디코딩 확인. 아카이브 멤버 경로: autotile-in/SA-FloorS05.png,1365,200,autotile-in/SA-FloorS05.png,オートタイル2
SA-Floor-Stone01.png,autotile,https://yms.main.jp/dotartworld/page3/autotiles02.html,https://yms.main.jp/dotartworld/sozai/autotile2/autotile-in.zip,SA-Floor-Stone01.png,/home/main/.local/share/oprn/pixel-art-world-downloads/archive-images/autotile-in/autotile-in/SA-Floor-Stone01.png,96,128,cc441cb84baef7583fa13483dc064c7e32bec2ffd896d9f8d7040411ed21996c,extracted_verified,개인 로컬 수집; 소재 재배포 금지; 공개 작품에 Pixel Art World/ドット絵世界 크레딧. 조건: https://yms.main.jp/dotartworld/page1/rule.html; ZIP 중앙목록 및 전체 CRC 확인.; ZIP 내부 PNG만 별도 추출/전체 디코딩 확인. 아카이브 멤버 경로: autotile-in/SA-Floor-Stone01.png,3534,200,autotile-in/SA-Floor-Stone01.png,オートタイル2
SA-FloorT01.png,autotile,https://yms.main.jp/dotartworld/page3/autotiles02.html,https://yms.main.jp/dotartworld/sozai/autotile2/autotile-in.zip,SA-FloorT01.png,/home/main/.local/share/oprn/pixel-art-world-downloads/archive-images/autotile-in/autotile-in/SA-FloorT01.png,96,128,07ffb846c7f174a9265fb2ac0b348a47fc93e24a12415419664ea77f2d341f4a,extracted_verified,개인 로컬 수집; 소재 재배포 금지; 공개 작품에 Pixel Art World/ドット絵世界 크레딧. 조건: https://yms.main.jp/dotartworld/page1/rule.html; ZIP 중앙목록 및 전체 CRC 확인.; ZIP 내부 PNG만 별도 추출/전체 디코딩 확인. 아카이브 멤버 경로: autotile-in/SA-FloorT01.png,482,200,autotile-in/SA-FloorT01.png,オートタイル2
SA-FloorT02.png,autotile,https://yms.main.jp/dotartworld/page3/autotiles02.html,https://yms.main.jp/dotartworld/sozai/autotile2/autotile-in.zip,SA-FloorT02.png,/home/main/.local/share/oprn/pixel-art-world-downloads/archive-images/autotile-in/autotile-in/SA-FloorT02.png,96,128,da2ede2a823451e9fa3965e2701810fc2b2ed7742004157eb5209bf38d19362c,extracted_verified,개인 로컬 수집; 소재 재배포 금지; 공개 작품에 Pixel Art World/ドット絵世界 크레딧. 조건: https://yms.main.jp/dotartworld/page1/rule.html; ZIP 중앙목록 및 전체 CRC 확인.; ZIP 내부 PNG만 별도 추출/전체 디코딩 확인. 아카이브 멤버 경로: autotile-in/SA-FloorT02.png,482,200,autotile-in/SA-FloorT02.png,オートタイル2
SA-FloorT03.png,autotile,https://yms.main.jp/dotartworld/page3/autotiles02.html,https://yms.main.jp/dotartworld/sozai/autotile2/autotile-in.zip,SA-FloorT03.png,/home/main/.local/share/oprn/pixel-art-world-downloads/archive-images/autotile-in/autotile-in/SA-FloorT03.png,96,128,36e7379aac03b503961f8f20147f9d782429e371121a0f09b1b0bac084d9a07c,extracted_verified,개인 로컬 수집; 소재 재배포 금지; 공개 작품에 Pixel Art World/ドット絵世界 크레딧. 조건: https://yms.main.jp/dotartworld/page1/rule.html; ZIP 중앙목록 및 전체 CRC 확인.; ZIP 내부 PNG만 별도 추출/전체 디코딩 확인. 아카이브 멤버 경로: autotile-in/SA-FloorT03.png,790,200,autotile-in/SA-FloorT03.png,オートタイル2
SA-FloorT04.png,autotile,https://yms.main.jp/dotartworld/page3/autotiles02.html,https://yms.main.jp/dotartworld/sozai/autotile2/autotile-in.zip,SA-FloorT04.png,/home/main/.local/share/oprn/pixel-art-world-downloads/archive-images/autotile-in/autotile-in/SA-FloorT04.png,96,128,733c83ec3c6df090ee678105b070d8f3c8ac8625abbffc8dccdfef5c94c0f610,extracted_verified,개인 로컬 수집; 소재 재배포 금지; 공개 작품에 Pixel Art World/ドット絵世界 크레딧. 조건: https://yms.main.jp/dotartworld/page1/rule.html; ZIP 중앙목록 및 전체 CRC 확인.; ZIP 내부 PNG만 별도 추출/전체 디코딩 확인. 아카이브 멤버 경로: autotile-in/SA-FloorT04.png,794,200,autotile-in/SA-FloorT04.png,オートタイル2
SA-Floor-T06.png,autotile,https://yms.main.jp/dotartworld/page3/autotiles02.html,https://yms.main.jp/dotartworld/sozai/autotile2/autotile-in.zip,SA-Floor-T06.png,/home/main/.local/share/oprn/pixel-art-world-downloads/archive-images/autotile-in/autotile-in/SA-Floor-T06.png,96,128,e822fd398149740720105a70f63becd3071674f1b5e3048a4ae8243455e038c4,extracted_verified,개인 로컬 수집; 소재 재배포 금지; 공개 작품에 Pixel Art World/ドット絵世界 크레딧. 조건: https://yms.main.jp/dotartworld/page1/rule.html; ZIP 중앙목록 및 전체 CRC 확인.; ZIP 내부 PNG만 별도 추출/전체 디코딩 확인. 아카이브 멤버 경로: autotile-in/SA-Floor-T06.png,1765,200,autotile-in/SA-Floor-T06.png,オートタイル2
SA-Floor-T07.png,autotile,https://yms.main.jp/dotartworld/page3/autotiles02.html,https://yms.main.jp/dotartworld/sozai/autotile2/autotile-in.zip,SA-Floor-T07.png,/home/main/.local/share/oprn/pixel-art-world-downloads/archive-images/autotile-in/autotile-in/SA-Floor-T07.png,96,128,0575c2838cf81065b9f4ef3490891bc64dd2eb10d493717a53a9ddfce28137e0,extracted_verified,개인 로컬 수집; 소재 재배포 금지; 공개 작품에 Pixel Art World/ドット絵世界 크레딧. 조건: https://yms.main.jp/dotartworld/page1/rule.html; ZIP 중앙목록 및 전체 CRC 확인.; ZIP 내부 PNG만 별도 추출/전체 디코딩 확인. 아카이브 멤버 경로: autotile-in/SA-Floor-T07.png,693,200,autotile-in/SA-Floor-T07.png,オートタイル2
SA-Floor-T08.png,autotile,https://yms.main.jp/dotartworld/page3/autotiles02.html,https://yms.main.jp/dotartworld/sozai/autotile2/autotile-in.zip,SA-Floor-T08.png,/home/main/.local/share/oprn/pixel-art-world-downloads/archive-images/autotile-in/autotile-in/SA-Floor-T08.png,96,128,32a31deea040395612455d75a9a78d0d0963d1a1c405226a860832dbf0e12acb,extracted_verified,개인 로컬 수집; 소재 재배포 금지; 공개 작품에 Pixel Art World/ドット絵世界 크레딧. 조건: https://yms.main.jp/dotartworld/page1/rule.html; ZIP 중앙목록 및 전체 CRC 확인.; ZIP 내부 PNG만 별도 추출/전체 디코딩 확인. 아카이브 멤버 경로: autotile-in/SA-Floor-T08.png,434,200,autotile-in/SA-Floor-T08.png,オートタイル2
SA-Floor-T09.png,autotile,https://yms.main.jp/dotartworld/page3/autotiles02.html,https://yms.main.jp/dotartworld/sozai/autotile2/autotile-in.zip,SA-Floor-T09.png,/home/main/.local/share/oprn/pixel-art-world-downloads/archive-images/autotile-in/autotile-in/SA-Floor-T09.png,96,128,c810e1a36f668ad0250f060eed2851cc7f0faa77fc3742126e62bfc3b13681ae,extracted_verified,개인 로컬 수집; 소재 재배포 금지; 공개 작품에 Pixel Art World/ドット絵世界 크레딧. 조건: https://yms.main.jp/dotartworld/page1/rule.html; ZIP 중앙목록 및 전체 CRC 확인.; ZIP 내부 PNG만 별도 추출/전체 디코딩 확인. 아카이브 멤버 경로: autotile-in/SA-Floor-T09.png,434,200,autotile-in/SA-Floor-T09.png,オートタイル2
SA-Floor-T10.png,autotile,https://yms.main.jp/dotartworld/page3/autotiles02.html,https://yms.main.jp/dotartworld/sozai/autotile2/autotile-in.zip,SA-Floor-T10.png,/home/main/.local/share/oprn/pixel-art-world-downloads/archive-images/autotile-in/autotile-in/SA-Floor-T10.png,96,128,58878cc2a33584a9886b5eb701c977ba64477e65460253d85b5a428754ecf704,extracted_verified,개인 로컬 수집; 소재 재배포 금지; 공개 작품에 Pixel Art World/ドット絵世界 크레딧. 조건: https://yms.main.jp/dotartworld/page1/rule.html; ZIP 중앙목록 및 전체 CRC 확인.; ZIP 내부 PNG만 별도 추출/전체 디코딩 확인. 아카이브 멤버 경로: autotile-in/SA-Floor-T10.png,3764,200,autotile-in/SA-Floor-T10.png,オートタイル2
SA-Floor-T11.png,autotile,https://yms.main.jp/dotartworld/page3/autotiles02.html,https://yms.main.jp/dotartworld/sozai/autotile2/autotile-in.zip,SA-Floor-T11.png,/home/main/.local/share/oprn/pixel-art-world-downloads/archive-images/autotile-in/autotile-in/SA-Floor-T11.png,96,128,cb41acb5762814f9f844980343b3af6e059914e321571929efb68fbf1f08d9a3,extracted_verified,개인 로컬 수집; 소재 재배포 금지; 공개 작품에 Pixel Art World/ドット絵世界 크레딧. 조건: https://yms.main.jp/dotartworld/page1/rule.html; ZIP 중앙목록 및 전체 CRC 확인.; ZIP 내부 PNG만 별도 추출/전체 디코딩 확인. 아카이브 멤버 경로: autotile-in/SA-Floor-T11.png,3920,200,autotile-in/SA-Floor-T11.png,オートタイル2
SA-Floor-T12.png,autotile,https://yms.main.jp/dotartworld/page3/autotiles02.html,https://yms.main.jp/dotartworld/sozai/autotile2/autotile-in.zip,SA-Floor-T12.png,/home/main/.local/share/oprn/pixel-art-world-downloads/archive-images/autotile-in/autotile-in/SA-Floor-T12.png,96,128,25ec118cbf09cb64d86ec6afdb5c724ee34db8f41c8e88b6623f046b5543bf01,extracted_verified,개인 로컬 수집; 소재 재배포 금지; 공개 작품에 Pixel Art World/ドット絵世界 크레딧. 조건: https://yms.main.jp/dotartworld/page1/rule.html; ZIP 중앙목록 및 전체 CRC 확인.; ZIP 내부 PNG만 별도 추출/전체 디코딩 확인. 아카이브 멤버 경로: autotile-in/SA-Floor-T12.png,1224,200,autotile-in/SA-Floor-T12.png,オートタイル2
SA-Fur01.png,autotile,https://yms.main.jp/dotartworld/page3/autotiles02.html,https://yms.main.jp/dotartworld/sozai/autotile2/autotile-in.zip,SA-Fur01.png,/home/main/.local/share/oprn/pixel-art-world-downloads/archive-images/autotile-in/autotile-in/SA-Fur01.png,96,128,d64cf199977c60817a78c4699640f182fa631ce4c519067bb4188c96a0a229d2,extracted_verified,개인 로컬 수집; 소재 재배포 금지; 공개 작품에 Pixel Art World/ドット絵世界 크레딧. 조건: https://yms.main.jp/dotartworld/page1/rule.html; ZIP 중앙목록 및 전체 CRC 확인.; ZIP 내부 PNG만 별도 추출/전체 디코딩 확인. 아카이브 멤버 경로: autotile-in/SA-Fur01.png,2054,200,autotile-in/SA-Fur01.png,オートタイル2
SA-Fur02.png,autotile,https://yms.main.jp/dotartworld/page3/autotiles02.html,https://yms.main.jp/dotartworld/sozai/autotile2/autotile-in.zip,SA-Fur02.png,/home/main/.local/share/oprn/pixel-art-world-downloads/archive-images/autotile-in/autotile-in/SA-Fur02.png,96,128,c6293c7437d5c561f455e5826d459cc2ceea2700366f847162c864b19b0b87bf,extracted_verified,개인 로컬 수집; 소재 재배포 금지; 공개 작품에 Pixel Art World/ドット絵世界 크레딧. 조건: https://yms.main.jp/dotartworld/page1/rule.html; ZIP 중앙목록 및 전체 CRC 확인.; ZIP 내부 PNG만 별도 추출/전체 디코딩 확인. 아카이브 멤버 경로: autotile-in/SA-Fur02.png,2037,200,autotile-in/SA-Fur02.png,オートタイル2
SA-Fur03.png,autotile,https://yms.main.jp/dotartworld/page3/autotiles02.html,https://yms.main.jp/dotartworld/sozai/autotile2/autotile-in.zip,SA-Fur03.png,/home/main/.local/share/oprn/pixel-art-world-downloads/archive-images/autotile-in/autotile-in/SA-Fur03.png,96,128,415bf7315f6b9bc3eb4e174a123b115d534f99bc198754dd78855a6a70c83c92,extracted_verified,개인 로컬 수집; 소재 재배포 금지; 공개 작품에 Pixel Art World/ドット絵世界 크레딧. 조건: https://yms.main.jp/dotartworld/page1/rule.html; ZIP 중앙목록 및 전체 CRC 확인.; ZIP 내부 PNG만 별도 추출/전체 디코딩 확인. 아카이브 멤버 경로: autotile-in/SA-Fur03.png,1961,200,autotile-in/SA-Fur03.png,オートタイル2
SA-Goza01.png,autotile,https://yms.main.jp/dotartworld/page3/autotiles02.html,https://yms.main.jp/dotartworld/sozai/autotile2/autotile-in.zip,SA-Goza01.png,/home/main/.local/share/oprn/pixel-art-world-downloads/archive-images/autotile-in/autotile-in/SA-Goza01.png,96,128,1294843d13ba76a7ae4aac4949e93a2c1fb887a42c19019c07d49560bcebd692,extracted_verified,개인 로컬 수집; 소재 재배포 금지; 공개 작품에 Pixel Art World/ドット絵世界 크레딧. 조건: https://yms.main.jp/dotartworld/page1/rule.html; ZIP 중앙목록 및 전체 CRC 확인.; ZIP 내부 PNG만 별도 추출/전체 디코딩 확인. 아카이브 멤버 경로: autotile-in/SA-Goza01.png,7959,200,autotile-in/SA-Goza01.png,オートタイル2
SA-Goza02.png,autotile,https://yms.main.jp/dotartworld/page3/autotiles02.html,https://yms.main.jp/dotartworld/sozai/autotile2/autotile-in.zip,SA-Goza02.png,/home/main/.local/share/oprn/pixel-art-world-downloads/archive-images/autotile-in/autotile-in/SA-Goza02.png,96,128,2ce6f69b5822b0b090034a6a9bd892fd86d29420fc21e808596c45c51e68441a,extracted_verified,개인 로컬 수집; 소재 재배포 금지; 공개 작품에 Pixel Art World/ドット絵世界 크레딧. 조건: https://yms.main.jp/dotartworld/page1/rule.html; ZIP 중앙목록 및 전체 CRC 확인.; ZIP 내부 PNG만 별도 추출/전체 디코딩 확인. 아카이브 멤버 경로: autotile-in/SA-Goza02.png,1721,200,autotile-in/SA-Goza02.png,オートタイル2
SA-Goza03.png,autotile,https://yms.main.jp/dotartworld/page3/autotiles02.html,https://yms.main.jp/dotartworld/sozai/autotile2/autotile-in.zip,SA-Goza03.png,/home/main/.local/share/oprn/pixel-art-world-downloads/archive-images/autotile-in/autotile-in/SA-Goza03.png,96,128,be0a2aafb566253c4b63af44421850f1ecd5b3553bf19bf6cc450d389d711e95,extracted_verified,개인 로컬 수집; 소재 재배포 금지; 공개 작품에 Pixel Art World/ドット絵世界 크레딧. 조건: https://yms.main.jp/dotartworld/page1/rule.html; ZIP 중앙목록 및 전체 CRC 확인.; ZIP 내부 PNG만 별도 추출/전체 디코딩 확인. 아카이브 멤버 경로: autotile-in/SA-Goza03.png,4518,200,autotile-in/SA-Goza03.png,オートタイル2
SA-Kotatsu01.png,autotile,https://yms.main.jp/dotartworld/page3/autotiles02.html,https://yms.main.jp/dotartworld/sozai/autotile2/autotile-in.zip,SA-Kotatsu01.png,/home/main/.local/share/oprn/pixel-art-world-downloads/archive-images/autotile-in/autotile-in/SA-Kotatsu01.png,96,128,16376c2e6dff8aa51f74d43d9bc3db24c300f13586482cce9f5b866828e9dd35,extracted_verified,개인 로컬 수집; 소재 재배포 금지; 공개 작품에 Pixel Art World/ドット絵世界 크레딧. 조건: https://yms.main.jp/dotartworld/page1/rule.html; ZIP 중앙목록 및 전체 CRC 확인.; ZIP 내부 PNG만 별도 추출/전체 디코딩 확인. 아카이브 멤버 경로: autotile-in/SA-Kotatsu01.png,711,200,autotile-in/SA-Kotatsu01.png,オートタイル2
SA-Kotatsu02.png,autotile,https://yms.main.jp/dotartworld/page3/autotiles02.html,https://yms.main.jp/dotartworld/sozai/autotile2/autotile-in.zip,SA-Kotatsu02.png,/home/main/.local/share/oprn/pixel-art-world-downloads/archive-images/autotile-in/autotile-in/SA-Kotatsu02.png,96,128,64d84e0abe9969f4db1e78fd4f5f1150ad9e1a0660352186ff01b33f73a355c6,extracted_verified,개인 로컬 수집; 소재 재배포 금지; 공개 작품에 Pixel Art World/ドット絵世界 크레딧. 조건: https://yms.main.jp/dotartworld/page1/rule.html; ZIP 중앙목록 및 전체 CRC 확인.; ZIP 내부 PNG만 별도 추출/전체 디코딩 확인. 아카이브 멤버 경로: autotile-in/SA-Kotatsu02.png,718,200,autotile-in/SA-Kotatsu02.png,オートタイル2
SA-Kyodan01.png,autotile,https://yms.main.jp/dotartworld/page3/autotiles02.html,https://yms.main.jp/dotartworld/sozai/autotile2/autotile-in.zip,SA-Kyodan01.png,/home/main/.local/share/oprn/pixel-art-world-downloads/archive-images/autotile-in/autotile-in/SA-Kyodan01.png,96,128,9f2cadd502a10b79d30a2b42665f778c3c85d5e02f9633d46b1bb6348169777f,extracted_verified,개인 로컬 수집; 소재 재배포 금지; 공개 작품에 Pixel Art World/ドット絵世界 크레딧. 조건: https://yms.main.jp/dotartworld/page1/rule.html; ZIP 중앙목록 및 전체 CRC 확인.; ZIP 내부 PNG만 별도 추출/전체 디코딩 확인. 아카이브 멤버 경로: autotile-in/SA-Kyodan01.png,1104,200,autotile-in/SA-Kyodan01.png,オートタイル2
SA-Mat01.png,autotile,https://yms.main.jp/dotartworld/page3/autotiles02.html,https://yms.main.jp/dotartworld/sozai/autotile2/autotile-in.zip,SA-Mat01.png,/home/main/.local/share/oprn/pixel-art-world-downloads/archive-images/autotile-in/autotile-in/SA-Mat01.png,96,128,a322f549ff6b35b11532a1da51a13a51dd79ebd110a3f6af116e00e7e6893683,extracted_verified,개인 로컬 수집; 소재 재배포 금지; 공개 작품에 Pixel Art World/ドット絵世界 크레딧. 조건: https://yms.main.jp/dotartworld/page1/rule.html; ZIP 중앙목록 및 전체 CRC 확인.; ZIP 내부 PNG만 별도 추출/전체 디코딩 확인. 아카이브 멤버 경로: autotile-in/SA-Mat01.png,375,200,autotile-in/SA-Mat01.png,オートタイル2
SA-Sunoko01.png,autotile,https://yms.main.jp/dotartworld/page3/autotiles02.html,https://yms.main.jp/dotartworld/sozai/autotile2/autotile-in.zip,SA-Sunoko01.png,/home/main/.local/share/oprn/pixel-art-world-downloads/archive-images/autotile-in/autotile-in/SA-Sunoko01.png,96,128,5d4a786302e66d963ba7e2f4b64ad75334abefce4dc5604fb134e128cc9c8eea,extracted_verified,개인 로컬 수집; 소재 재배포 금지; 공개 작품에 Pixel Art World/ドット絵世界 크레딧. 조건: https://yms.main.jp/dotartworld/page1/rule.html; ZIP 중앙목록 및 전체 CRC 확인.; ZIP 내부 PNG만 별도 추출/전체 디코딩 확인. 아카이브 멤버 경로: autotile-in/SA-Sunoko01.png,939,200,autotile-in/SA-Sunoko01.png,オートタイル2
SA-Sunoko02.png,autotile,https://yms.main.jp/dotartworld/page3/autotiles02.html,https://yms.main.jp/dotartworld/sozai/autotile2/autotile-in.zip,SA-Sunoko02.png,/home/main/.local/share/oprn/pixel-art-world-downloads/archive-images/autotile-in/autotile-in/SA-Sunoko02.png,96,128,0eb57527f3f5bc059145399cab23f66a80e10e5690fa70cb03a3262b97d4d638,extracted_verified,개인 로컬 수집; 소재 재배포 금지; 공개 작품에 Pixel Art World/ドット絵世界 크레딧. 조건: https://yms.main.jp/dotartworld/page1/rule.html; ZIP 중앙목록 및 전체 CRC 확인.; ZIP 내부 PNG만 별도 추출/전체 디코딩 확인. 아카이브 멤버 경로: autotile-in/SA-Sunoko02.png,1122,200,autotile-in/SA-Sunoko02.png,オートタイル2
SA-Sunoko03.png,autotile,https://yms.main.jp/dotartworld/page3/autotiles02.html,https://yms.main.jp/dotartworld/sozai/autotile2/autotile-in.zip,SA-Sunoko03.png,/home/main/.local/share/oprn/pixel-art-world-downloads/archive-images/autotile-in/autotile-in/SA-Sunoko03.png,96,128,3c32c8cd88efabea454916981d4aac6df62244ef386f760eac892d81a058b03d,extracted_verified,개인 로컬 수집; 소재 재배포 금지; 공개 작품에 Pixel Art World/ドット絵世界 크레딧. 조건: https://yms.main.jp/dotartworld/page1/rule.html; ZIP 중앙목록 및 전체 CRC 확인.; ZIP 내부 PNG만 별도 추출/전체 디코딩 확인. 아카이브 멤버 경로: autotile-in/SA-Sunoko03.png,1176,200,autotile-in/SA-Sunoko03.png,オートタイル2
SA-WallA01.png,autotile,https://yms.main.jp/dotartworld/page3/autotiles02.html,https://yms.main.jp/dotartworld/sozai/autotile2/autotile-in.zip,SA-WallA01.png,/home/main/.local/share/oprn/pixel-art-world-downloads/archive-images/autotile-in/autotile-in/SA-WallA01.png,96,128,7732b153bd79758151858409e92b74e49176047e41d5a09f100283dc1e42d861,extracted_verified,개인 로컬 수집; 소재 재배포 금지; 공개 작품에 Pixel Art World/ドット絵世界 크레딧. 조건: https://yms.main.jp/dotartworld/page1/rule.html; ZIP 중앙목록 및 전체 CRC 확인.; ZIP 내부 PNG만 별도 추출/전체 디코딩 확인. 아카이브 멤버 경로: autotile-in/SA-WallA01.png,444,200,autotile-in/SA-WallA01.png,オートタイル2
SA-WallA02.png,autotile,https://yms.main.jp/dotartworld/page3/autotiles02.html,https://yms.main.jp/dotartworld/sozai/autotile2/autotile-in.zip,SA-WallA02.png,/home/main/.local/share/oprn/pixel-art-world-downloads/archive-images/autotile-in/autotile-in/SA-WallA02.png,96,128,3123f01148956fa8c3cbf7d19ad9b8268fd859887d1f3230031fdfdd88b8af29,extracted_verified,개인 로컬 수집; 소재 재배포 금지; 공개 작품에 Pixel Art World/ドット絵世界 크레딧. 조건: https://yms.main.jp/dotartworld/page1/rule.html; ZIP 중앙목록 및 전체 CRC 확인.; ZIP 내부 PNG만 별도 추출/전체 디코딩 확인. 아카이브 멤버 경로: autotile-in/SA-WallA02.png,1489,200,autotile-in/SA-WallA02.png,オートタイル2
SA-WallD01.png,autotile,https://yms.main.jp/dotartworld/page3/autotiles02.html,https://yms.main.jp/dotartworld/sozai/autotile2/autotile-in.zip,SA-WallD01.png,/home/main/.local/share/oprn/pixel-art-world-downloads/archive-images/autotile-in/autotile-in/SA-WallD01.png,96,128,682d7a80bb67179422af40e063c4d4acf474e3f7e81e78c9512f5d1c93a8016a,extracted_verified,개인 로컬 수집; 소재 재배포 금지; 공개 작품에 Pixel Art World/ドット絵世界 크레딧. 조건: https://yms.main.jp/dotartworld/page1/rule.html; ZIP 중앙목록 및 전체 CRC 확인.; ZIP 내부 PNG만 별도 추출/전체 디코딩 확인. 아카이브 멤버 경로: autotile-in/SA-WallD01.png,286,200,autotile-in/SA-WallD01.png,オートタイル2
SA-Concrete03.png,sample_package_image,https://yms.main.jp/dotartworld/page2/samplemap01.html,https://yms.main.jp/dotartworld/sozai/tileset/pack/sample-map-xp03.zip,SA-Concrete03.png,/home/main/.local/share/oprn/pixel-art-world-downloads/sample-game-images/sample-map-xp03/sample-map-xp03/Graphics/Autotiles/SA-Concrete03.png,96,128,8785057093c3090d9329a26ad92cc411f0b7d28c180994bd98a329217c5457f5,extracted_verified,개인 로컬 수집; 소재 재배포 금지; 공개 작품에 Pixel Art World/ドット絵世界 크레딧. 조건: https://yms.main.jp/dotartworld/page1/rule.html; 샘플 게임 ZIP; 칩셋 개수에 포함하지 않음. RTP/코드/음성 등 혼재할 수 있으며 파일별 저작자 검토 전 범용 배포 금지. 실행하지 않음.; ZIP 중앙목록 및 전체 CRC 확인.; ZIP 내부 PNG만 별도 추출/전체 디코딩 확인. 아카이브 멤버 경로: sample-map-xp03/Graphics/Autotiles/SA-Concrete03.png; 샘플게임 유래 이미지. 일반 독립 배포 소재 개수에서 제외; 원래 용도 추정 autotile; 개별 저작권 검토 미완료.,727,200,sample-map-xp03/Graphics/Autotiles/SA-Concrete03.png,サンプルマップＸＰ
SA-Ditch01.png,sample_package_image,https://yms.main.jp/dotartworld/page2/samplemap01.html,https://yms.main.jp/dotartworld/sozai/tileset/pack/sample-map-xp03.zip,SA-Ditch01.png,/home/main/.local/share/oprn/pixel-art-world-downloads/sample-game-images/sample-map-xp03/sample-map-xp03/Graphics/Autotiles/SA-Ditch01.png,384,128,35a5a06fbe0633b11e2b5fddf33ed9f2b86e099d40a3f5ab256ff25a518aa791,extracted_verified,개인 로컬 수집; 소재 재배포 금지; 공개 작품에 Pixel Art World/ドット絵世界 크레딧. 조건: https://yms.main.jp/dotartworld/page1/rule.html; 샘플 게임 ZIP; 칩셋 개수에 포함하지 않음. RTP/코드/음성 등 혼재할 수 있으며 파일별 저작자 검토 전 범용 배포 금지. 실행하지 않음.; ZIP 중앙목록 및 전체 CRC 확인.; ZIP 내부 PNG만 별도 추출/전체 디코딩 확인. 아카이브 멤버 경로: sample-map-xp03/Graphics/Autotiles/SA-Ditch01.png; 샘플게임 유래 이미지. 일반 독립 배포 소재 개수에서 제외; 원래 용도 추정 autotile; 개별 저작권 검토 미완료.,4117,200,sample-map-xp03/Graphics/Autotiles/SA-Ditch01.png,サンプルマップＸＰ
SA-FloorS05.png,sample_package_image,https://yms.main.jp/dotartworld/page2/samplemap01.html,https://yms.main.jp/dotartworld/sozai/tileset/pack/sample-map-xp03.zip,SA-FloorS05.png,/home/main/.local/share/oprn/pixel-art-world-downloads/sample-game-images/sample-map-xp03/sample-map-xp03/Graphics/Autotiles/SA-FloorS05.png,96,128,b7613a997e3d997c6972de9f8a163dc6691d3cbc0578ca1c8b921e3ba6896235,extracted_verified,개인 로컬 수집; 소재 재배포 금지; 공개 작품에 Pixel Art World/ドット絵世界 크레딧. 조건: https://yms.main.jp/dotartworld/page1/rule.html; 샘플 게임 ZIP; 칩셋 개수에 포함하지 않음. RTP/코드/음성 등 혼재할 수 있으며 파일별 저작자 검토 전 범용 배포 금지. 실행하지 않음.; ZIP 중앙목록 및 전체 CRC 확인.; ZIP 내부 PNG만 별도 추출/전체 디코딩 확인. 아카이브 멤버 경로: sample-map-xp03/Graphics/Autotiles/SA-FloorS05.png; 샘플게임 유래 이미지. 일반 독립 배포 소재 개수에서 제외; 원래 용도 추정 autotile; 개별 저작권 검토 미완료.,1190,200,sample-map-xp03/Graphics/Autotiles/SA-FloorS05.png,サンプルマップＸＰ
SA-Floor-T10.png,sample_package_image,https://yms.main.jp/dotartworld/page2/samplemap01.html,https://yms.main.jp/dotartworld/sozai/tileset/pack/sample-map-xp03.zip,SA-Floor-T10.png,/home/main/.local/share/oprn/pixel-art-world-downloads/sample-game-images/sample-map-xp03/sample-map-xp03/Graphics/Autotiles/SA-Floor-T10.png,96,128,e03044b630a28c63b68c8df309ec26f0fe2b6c5dfe5e4db0918875e18dc8d5c1,extracted_verified,개인 로컬 수집; 소재 재배포 금지; 공개 작품에 Pixel Art World/ドット絵世界 크레딧. 조건: https://yms.main.jp/dotartworld/page1/rule.html; 샘플 게임 ZIP; 칩셋 개수에 포함하지 않음. RTP/코드/음성 등 혼재할 수 있으며 파일별 저작자 검토 전 범용 배포 금지. 실행하지 않음.; ZIP 중앙목록 및 전체 CRC 확인.; ZIP 내부 PNG만 별도 추출/전체 디코딩 확인. 아카이브 멤버 경로: sample-map-xp03/Graphics/Autotiles/SA-Floor-T10.png; 샘플게임 유래 이미지. 일반 독립 배포 소재 개수에서 제외; 원래 용도 추정 autotile; 개별 저작권 검토 미완료.,3501,200,sample-map-xp03/Graphics/Autotiles/SA-Floor-T10.png,サンプルマップＸＰ
SA-Floor-T11.png,sample_package_image,https://yms.main.jp/dotartworld/page2/samplemap01.html,https://yms.main.jp/dotartworld/sozai/tileset/pack/sample-map-xp03.zip,SA-Floor-T11.png,/home/main/.local/share/oprn/pixel-art-world-downloads/sample-game-images/sample-map-xp03/sample-map-xp03/Graphics/Autotiles/SA-Floor-T11.png,96,128,a69c9f48e793ae4f09b00e1fc25c70f9499d882f71409c5f0df157dca197228b,extracted_verified,개인 로컬 수집; 소재 재배포 금지; 공개 작품에 Pixel Art World/ドット絵世界 크레딧. 조건: https://yms.main.jp/dotartworld/page1/rule.html; 샘플 게임 ZIP; 칩셋 개수에 포함하지 않음. RTP/코드/음성 등 혼재할 수 있으며 파일별 저작자 검토 전 범용 배포 금지. 실행하지 않음.; ZIP 중앙목록 및 전체 CRC 확인.; ZIP 내부 PNG만 별도 추출/전체 디코딩 확인. 아카이브 멤버 경로: sample-map-xp03/Graphics/Autotiles/SA-Floor-T11.png; 샘플게임 유래 이미지. 일반 독립 배포 소재 개수에서 제외; 원래 용도 추정 autotile; 개별 저작권 검토 미완료.,3487,200,sample-map-xp03/Graphics/Autotiles/SA-Floor-T11.png,サンプルマップＸＰ
SA-GBorderC01.png,sample_package_image,https://yms.main.jp/dotartworld/page2/samplemap01.html,https://yms.main.jp/dotartworld/sozai/tileset/pack/sample-map-xp03.zip,SA-GBorderC01.png,/home/main/.local/share/oprn/pixel-art-world-downloads/sample-game-images/sample-map-xp03/sample-map-xp03/Graphics/Autotiles/SA-GBorderC01.png,96,128,9642a01004988cdeac6b749deded1632129b08704754314608a22dcb7d51ec55,extracted_verified,개인 로컬 수집; 소재 재배포 금지; 공개 작품에 Pixel Art World/ドット絵世界 크레딧. 조건: https://yms.main.jp/dotartworld/page1/rule.html; 샘플 게임 ZIP; 칩셋 개수에 포함하지 않음. RTP/코드/음성 등 혼재할 수 있으며 파일별 저작자 검토 전 범용 배포 금지. 실행하지 않음.; ZIP 중앙목록 및 전체 CRC 확인.; ZIP 내부 PNG만 별도 추출/전체 디코딩 확인. 아카이브 멤버 경로: sample-map-xp03/Graphics/Autotiles/SA-GBorderC01.png; 샘플게임 유래 이미지. 일반 독립 배포 소재 개수에서 제외; 원래 용도 추정 autotile; 개별 저작권 검토 미완료.,1356,200,sample-map-xp03/Graphics/Autotiles/SA-GBorderC01.png,サンプルマップＸＰ
SA-GrassE05.png,sample_package_image,https://yms.main.jp/dotartworld/page2/samplemap01.html,https://yms.main.jp/dotartworld/sozai/tileset/pack/sample-map-xp03.zip,SA-GrassE05.png,/home/main/.local/share/oprn/pixel-art-world-downloads/sample-game-images/sample-map-xp03/sample-map-xp03/Graphics/Autotiles/SA-GrassE05.png,96,128,123cb2981feae2a4b9c04e2e8e57aa4a589dfba3dda2ad082c9da441377957be,extracted_verified,개인 로컬 수집; 소재 재배포 금지; 공개 작품에 Pixel Art World/ドット絵世界 크레딧. 조건: https://yms.main.jp/dotartworld/page1/rule.html; 샘플 게임 ZIP; 칩셋 개수에 포함하지 않음. RTP/코드/음성 등 혼재할 수 있으며 파일별 저작자 검토 전 범용 배포 금지. 실행하지 않음.; ZIP 중앙목록 및 전체 CRC 확인.; ZIP 내부 PNG만 별도 추출/전체 디코딩 확인. 아카이브 멤버 경로: sample-map-xp03/Graphics/Autotiles/SA-GrassE05.png; 샘플게임 유래 이미지. 일반 독립 배포 소재 개수에서 제외; 원래 용도 추정 autotile; 개별 저작권 검토 미완료.,3176,200,sample-map-xp03/Graphics/Autotiles/SA-GrassE05.png,サンプルマップＸＰ
SA-GrassE06.png,sample_package_image,https://yms.main.jp/dotartworld/page2/samplemap01.html,https://yms.main.jp/dotartworld/sozai/tileset/pack/sample-map-xp03.zip,SA-GrassE06.png,/home/main/.local/share/oprn/pixel-art-world-downloads/sample-game-images/sample-map-xp03/sample-map-xp03/Graphics/Autotiles/SA-GrassE06.png,96,128,59e8b7890b8080c1956fd0c26ee2284e88a4dd0bb556270c07db998580587eeb,extracted_verified,개인 로컬 수집; 소재 재배포 금지; 공개 작품에 Pixel Art World/ドット絵世界 크레딧. 조건: https://yms.main.jp/dotartworld/page1/rule.html; 샘플 게임 ZIP; 칩셋 개수에 포함하지 않음. RTP/코드/음성 등 혼재할 수 있으며 파일별 저작자 검토 전 범용 배포 금지. 실행하지 않음.; ZIP 중앙목록 및 전체 CRC 확인.; ZIP 내부 PNG만 별도 추출/전체 디코딩 확인. 아카이브 멤버 경로: sample-map-xp03/Graphics/Autotiles/SA-GrassE06.png; 샘플게임 유래 이미지. 일반 독립 배포 소재 개수에서 제외; 원래 용도 추정 autotile; 개별 저작권 검토 미완료.,3103,200,sample-map-xp03/Graphics/Autotiles/SA-GrassE06.png,サンプルマップＸＰ
SA-Ground03.png,sample_package_image,https://yms.main.jp/dotartworld/page2/samplemap01.html,https://yms.main.jp/dotartworld/sozai/tileset/pack/sample-map-xp03.zip,SA-Ground03.png,/home/main/.local/share/oprn/pixel-art-world-downloads/sample-game-images/sample-map-xp03/sample-map-xp03/Graphics/Autotiles/SA-Ground03.png,96,128,06ea0714b94aa44d33fbb43aa44cabf3b919a8a82d7849cdfe0c785ce9f6080e,extracted_verified,개인 로컬 수집; 소재 재배포 금지; 공개 작품에 Pixel Art World/ドット絵世界 크레딧. 조건: https://yms.main.jp/dotartworld/page1/rule.html; 샘플 게임 ZIP; 칩셋 개수에 포함하지 않음. RTP/코드/음성 등 혼재할 수 있으며 파일별 저작자 검토 전 범용 배포 금지. 실행하지 않음.; ZIP 중앙목록 및 전체 CRC 확인.; ZIP 내부 PNG만 별도 추출/전체 디코딩 확인. 아카이브 멤버 경로: sample-map-xp03/Graphics/Autotiles/SA-Ground03.png; 샘플게임 유래 이미지. 일반 독립 배포 소재 개수에서 제외; 원래 용도 추정 autotile; 개별 저작권 검토 미완료.,8559,200,sample-map-xp03/Graphics/Autotiles/SA-Ground03.png,サンプルマップＸＰ
SA-GroundG03.png,sample_package_image,https://yms.main.jp/dotartworld/page2/samplemap01.html,https://yms.main.jp/dotartworld/sozai/tileset/pack/sample-map-xp03.zip,SA-GroundG03.png,/home/main/.local/share/oprn/pixel-art-world-downloads/sample-game-images/sample-map-xp03/sample-map-xp03/Graphics/Autotiles/SA-GroundG03.png,96,128,cbdf0baef512487a69fa044eb2098735b6f274d6dce2d23e0c8aede2ca146688,extracted_verified,개인 로컬 수집; 소재 재배포 금지; 공개 작품에 Pixel Art World/ドット絵世界 크레딧. 조건: https://yms.main.jp/dotartworld/page1/rule.html; 샘플 게임 ZIP; 칩셋 개수에 포함하지 않음. RTP/코드/음성 등 혼재할 수 있으며 파일별 저작자 검토 전 범용 배포 금지. 실행하지 않음.; ZIP 중앙목록 및 전체 CRC 확인.; ZIP 내부 PNG만 별도 추출/전체 디코딩 확인. 아카이브 멤버 경로: sample-map-xp03/Graphics/Autotiles/SA-GroundG03.png; 샘플게임 유래 이미지. 일반 독립 배포 소재 개수에서 제외; 원래 용도 추정 autotile; 개별 저작권 검토 미완료.,3911,200,sample-map-xp03/Graphics/Autotiles/SA-GroundG03.png,サンプルマップＸＰ
SA-Kadan03.png,sample_package_image,https://yms.main.jp/dotartworld/page2/samplemap01.html,https://yms.main.jp/dotartworld/sozai/tileset/pack/sample-map-xp03.zip,SA-Kadan03.png,/home/main/.local/share/oprn/pixel-art-world-downloads/sample-game-images/sample-map-xp03/sample-map-xp03/Graphics/Autotiles/SA-Kadan03.png,96,128,b881857ff045b78ea34372676bb31d4381df6a8efe80e281682b9140d5bfca51,extracted_verified,개인 로컬 수집; 소재 재배포 금지; 공개 작품에 Pixel Art World/ドット絵世界 크레딧. 조건: https://yms.main.jp/dotartworld/page1/rule.html; 샘플 게임 ZIP; 칩셋 개수에 포함하지 않음. RTP/코드/음성 등 혼재할 수 있으며 파일별 저작자 검토 전 범용 배포 금지. 실행하지 않음.; ZIP 중앙목록 및 전체 CRC 확인.; ZIP 내부 PNG만 별도 추출/전체 디코딩 확인. 아카이브 멤버 경로: sample-map-xp03/Graphics/Autotiles/SA-Kadan03.png; 샘플게임 유래 이미지. 일반 독립 배포 소재 개수에서 제외; 원래 용도 추정 autotile; 개별 저작권 검토 미완료.,2311,200,sample-map-xp03/Graphics/Autotiles/SA-Kadan03.png,サンプルマップＸＰ
SA-Kyodan01.png,sample_package_image,https://yms.main.jp/dotartworld/page2/samplemap01.html,https://yms.main.jp/dotartworld/sozai/tileset/pack/sample-map-xp03.zip,SA-Kyodan01.png,/home/main/.local/share/oprn/pixel-art-world-downloads/sample-game-images/sample-map-xp03/sample-map-xp03/Graphics/Autotiles/SA-Kyodan01.png,96,128,be1f50df169ffaa2ddbb2410e189f5fc58eb270f25a25adb99d646e21327b85d,extracted_verified,개인 로컬 수집; 소재 재배포 금지; 공개 작품에 Pixel Art World/ドット絵世界 크레딧. 조건: https://yms.main.jp/dotartworld/page1/rule.html; 샘플 게임 ZIP; 칩셋 개수에 포함하지 않음. RTP/코드/음성 등 혼재할 수 있으며 파일별 저작자 검토 전 범용 배포 금지. 실행하지 않음.; ZIP 중앙목록 및 전체 CRC 확인.; ZIP 내부 PNG만 별도 추출/전체 디코딩 확인. 아카이브 멤버 경로: sample-map-xp03/Graphics/Autotiles/SA-Kyodan01.png; 샘플게임 유래 이미지. 일반 독립 배포 소재 개수에서 제외; 원래 용도 추정 autotile; 개별 저작권 검토 미완료.,1119,200,sample-map-xp03/Graphics/Autotiles/SA-Kyodan01.png,サンプルマップＸＰ
SA-Nanohana01.png,sample_package_image,https://yms.main.jp/dotartworld/page2/samplemap01.html,https://yms.main.jp/dotartworld/sozai/tileset/pack/sample-map-xp03.zip,SA-Nanohana01.png,/home/main/.local/share/oprn/pixel-art-world-downloads/sample-game-images/sample-map-xp03/sample-map-xp03/Graphics/Autotiles/SA-Nanohana01.png,96,128,9128a21dddea796ab801a3915294eb14a04adb16706eb7779d97d522fe3d6b02,extracted_verified,개인 로컬 수집; 소재 재배포 금지; 공개 작품에 Pixel Art World/ドット絵世界 크레딧. 조건: https://yms.main.jp/dotartworld/page1/rule.html; 샘플 게임 ZIP; 칩셋 개수에 포함하지 않음. RTP/코드/음성 등 혼재할 수 있으며 파일별 저작자 검토 전 범용 배포 금지. 실행하지 않음.; ZIP 중앙목록 및 전체 CRC 확인.; ZIP 내부 PNG만 별도 추출/전체 디코딩 확인. 아카이브 멤버 경로: sample-map-xp03/Graphics/Autotiles/SA-Nanohana01.png; 샘플게임 유래 이미지. 일반 독립 배포 소재 개수에서 제외; 원래 용도 추정 autotile; 개별 저작권 검토 미완료.,2485,200,sample-map-xp03/Graphics/Autotiles/SA-Nanohana01.png,サンプルマップＸＰ
SA-Roof01.png,sample_package_image,https://yms.main.jp/dotartworld/page2/samplemap01.html,https://yms.main.jp/dotartworld/sozai/tileset/pack/sample-map-xp03.zip,SA-Roof01.png,/home/main/.local/share/oprn/pixel-art-world-downloads/sample-game-images/sample-map-xp03/sample-map-xp03/Graphics/Autotiles/SA-Roof01.png,96,128,a6367b0745b05eae572c7fbde199fce45fdf525b86d8009dcc93c9921552a4de,extracted_verified,개인 로컬 수집; 소재 재배포 금지; 공개 작품에 Pixel Art World/ドット絵世界 크레딧. 조건: https://yms.main.jp/dotartworld/page1/rule.html; 샘플 게임 ZIP; 칩셋 개수에 포함하지 않음. RTP/코드/음성 등 혼재할 수 있으며 파일별 저작자 검토 전 범용 배포 금지. 실행하지 않음.; ZIP 중앙목록 및 전체 CRC 확인.; ZIP 내부 PNG만 별도 추출/전체 디코딩 확인. 아카이브 멤버 경로: sample-map-xp03/Graphics/Autotiles/SA-Roof01.png; 샘플게임 유래 이미지. 일반 독립 배포 소재 개수에서 제외; 원래 용도 추정 autotile; 개별 저작권 검토 미완료.,939,200,sample-map-xp03/Graphics/Autotiles/SA-Roof01.png,サンプルマップＸＰ
SA-Roof02.png,sample_package_image,https://yms.main.jp/dotartworld/page2/samplemap01.html,https://yms.main.jp/dotartworld/sozai/tileset/pack/sample-map-xp03.zip,SA-Roof02.png,/home/main/.local/share/oprn/pixel-art-world-downloads/sample-game-images/sample-map-xp03/sample-map-xp03/Graphics/Autotiles/SA-Roof02.png,96,128,6bbfe149149d7e8f3044a9c6d3c8ce5df862df34e7d2dbca123c850f1242e80a,extracted_verified,개인 로컬 수집; 소재 재배포 금지; 공개 작품에 Pixel Art World/ドット絵世界 크레딧. 조건: https://yms.main.jp/dotartworld/page1/rule.html; 샘플 게임 ZIP; 칩셋 개수에 포함하지 않음. RTP/코드/음성 등 혼재할 수 있으며 파일별 저작자 검토 전 범용 배포 금지. 실행하지 않음.; ZIP 중앙목록 및 전체 CRC 확인.; ZIP 내부 PNG만 별도 추출/전체 디코딩 확인. 아카이브 멤버 경로: sample-map-xp03/Graphics/Autotiles/SA-Roof02.png; 샘플게임 유래 이미지. 일반 독립 배포 소재 개수에서 제외; 원래 용도 추정 autotile; 개별 저작권 검토 미완료.,808,200,sample-map-xp03/Graphics/Autotiles/SA-Roof02.png,サンプルマップＸＰ
SA-Sunoko02.png,sample_package_image,https://yms.main.jp/dotartworld/page2/samplemap01.html,https://yms.main.jp/dotartworld/sozai/tileset/pack/sample-map-xp03.zip,SA-Sunoko02.png,/home/main/.local/share/oprn/pixel-art-world-downloads/sample-game-images/sample-map-xp03/sample-map-xp03/Graphics/Autotiles/SA-Sunoko02.png,96,128,2925abaf4d3c36f63686bb155b2e8b40e3a00152273b3a5454bb46dee331ef9c,extracted_verified,개인 로컬 수집; 소재 재배포 금지; 공개 작품에 Pixel Art World/ドット絵世界 크레딧. 조건: https://yms.main.jp/dotartworld/page1/rule.html; 샘플 게임 ZIP; 칩셋 개수에 포함하지 않음. RTP/코드/음성 등 혼재할 수 있으며 파일별 저작자 검토 전 범용 배포 금지. 실행하지 않음.; ZIP 중앙목록 및 전체 CRC 확인.; ZIP 내부 PNG만 별도 추출/전체 디코딩 확인. 아카이브 멤버 경로: sample-map-xp03/Graphics/Autotiles/SA-Sunoko02.png; 샘플게임 유래 이미지. 일반 독립 배포 소재 개수에서 제외; 원래 용도 추정 autotile; 개별 저작권 검토 미완료.,1129,200,sample-map-xp03/Graphics/Autotiles/SA-Sunoko02.png,サンプルマップＸＰ
SA-Undulation02.png,sample_package_image,https://yms.main.jp/dotartworld/page2/samplemap01.html,https://yms.main.jp/dotartworld/sozai/tileset/pack/sample-map-xp03.zip,SA-Undulation02.png,/home/main/.local/share/oprn/pixel-art-world-downloads/sample-game-images/sample-map-xp03/sample-map-xp03/Graphics/Autotiles/SA-Undulation02.png,96,128,1c009dd959b0d265e337294717154dbd38deda5f518e180b47c45f11f9bfa425,extracted_verified,개인 로컬 수집; 소재 재배포 금지; 공개 작품에 Pixel Art World/ドット絵世界 크레딧. 조건: https://yms.main.jp/dotartworld/page1/rule.html; 샘플 게임 ZIP; 칩셋 개수에 포함하지 않음. RTP/코드/음성 등 혼재할 수 있으며 파일별 저작자 검토 전 범용 배포 금지. 실행하지 않음.; ZIP 중앙목록 및 전체 CRC 확인.; ZIP 내부 PNG만 별도 추출/전체 디코딩 확인. 아카이브 멤버 경로: sample-map-xp03/Graphics/Autotiles/SA-Undulation02.png; 샘플게임 유래 이미지. 일반 독립 배포 소재 개수에서 제외; 원래 용도 추정 autotile; 개별 저작권 검토 미완료.,6717,200,sample-map-xp03/Graphics/Autotiles/SA-Undulation02.png,サンプルマップＸＰ
SA-WallA01.png,sample_package_image,https://yms.main.jp/dotartworld/page2/samplemap01.html,https://yms.main.jp/dotartworld/sozai/tileset/pack/sample-map-xp03.zip,SA-WallA01.png,/home/main/.local/share/oprn/pixel-art-world-downloads/sample-game-images/sample-map-xp03/sample-map-xp03/Graphics/Autotiles/SA-WallA01.png,96,128,c78e2ec9039483573a30e4dce164f3a833aac733640d34bb6900ecdf2f43f21e,extracted_verified,개인 로컬 수집; 소재 재배포 금지; 공개 작품에 Pixel Art World/ドット絵世界 크레딧. 조건: https://yms.main.jp/dotartworld/page1/rule.html; 샘플 게임 ZIP; 칩셋 개수에 포함하지 않음. RTP/코드/음성 등 혼재할 수 있으며 파일별 저작자 검토 전 범용 배포 금지. 실행하지 않음.; ZIP 중앙목록 및 전체 CRC 확인.; ZIP 내부 PNG만 별도 추출/전체 디코딩 확인. 아카이브 멤버 경로: sample-map-xp03/Graphics/Autotiles/SA-WallA01.png; 샘플게임 유래 이미지. 일반 독립 배포 소재 개수에서 제외; 원래 용도 추정 autotile; 개별 저작권 검토 미완료.,394,200,sample-map-xp03/Graphics/Autotiles/SA-WallA01.png,サンプルマップＸＰ
SA-WallA02.png,sample_package_image,https://yms.main.jp/dotartworld/page2/samplemap01.html,https://yms.main.jp/dotartworld/sozai/tileset/pack/sample-map-xp03.zip,SA-WallA02.png,/home/main/.local/share/oprn/pixel-art-world-downloads/sample-game-images/sample-map-xp03/sample-map-xp03/Graphics/Autotiles/SA-WallA02.png,96,128,a3c2eece9fccd48f2d8229a88a2d133fce7a5da8b8f4957269cd33c2c01b2af6,extracted_verified,개인 로컬 수집; 소재 재배포 금지; 공개 작품에 Pixel Art World/ドット絵世界 크레딧. 조건: https://yms.main.jp/dotartworld/page1/rule.html; 샘플 게임 ZIP; 칩셋 개수에 포함하지 않음. RTP/코드/음성 등 혼재할 수 있으며 파일별 저작자 검토 전 범용 배포 금지. 실행하지 않음.; ZIP 중앙목록 및 전체 CRC 확인.; ZIP 내부 PNG만 별도 추출/전체 디코딩 확인. 아카이브 멤버 경로: sample-map-xp03/Graphics/Autotiles/SA-WallA02.png; 샘플게임 유래 이미지. 일반 독립 배포 소재 개수에서 제외; 원래 용도 추정 autotile; 개별 저작권 검토 미완료.,1451,200,sample-map-xp03/Graphics/Autotiles/SA-WallA02.png,サンプルマップＸＰ
SC-CtainH01.png,sample_package_image,https://yms.main.jp/dotartworld/page2/samplemap01.html,https://yms.main.jp/dotartworld/sozai/tileset/pack/sample-map-xp03.zip,SC-CtainH01.png,/home/main/.local/share/oprn/pixel-art-world-downloads/sample-game-images/sample-map-xp03/sample-map-xp03/Graphics/Characters/SC-CtainH01.png,384,384,51f32b20d1e816e06d3c4c2a8eb122dcda3af45e1c5a9feb1a0f958be19292cc,extracted_verified,개인 로컬 수집; 소재 재배포 금지; 공개 작품에 Pixel Art World/ドット絵世界 크레딧. 조건: https://yms.main.jp/dotartworld/page1/rule.html; 샘플 게임 ZIP; 칩셋 개수에 포함하지 않음. RTP/코드/음성 등 혼재할 수 있으며 파일별 저작자 검토 전 범용 배포 금지. 실행하지 않음.; ZIP 중앙목록 및 전체 CRC 확인.; ZIP 내부 PNG만 별도 추출/전체 디코딩 확인. 아카이브 멤버 경로: sample-map-xp03/Graphics/Characters/SC-CtainH01.png; 샘플게임 유래 이미지. 일반 독립 배포 소재 개수에서 제외; 원래 용도 추정 event_or_character_sprite; 개별 저작권 검토 미완료.,9098,200,sample-map-xp03/Graphics/Characters/SC-CtainH01.png,サンプルマップＸＰ
SC-Cupboard02.png,sample_package_image,https://yms.main.jp/dotartworld/page2/samplemap01.html,https://yms.main.jp/dotartworld/sozai/tileset/pack/sample-map-xp03.zip,SC-Cupboard02.png,/home/main/.local/share/oprn/pixel-art-world-downloads/sample-game-images/sample-map-xp03/sample-map-xp03/Graphics/Characters/SC-Cupboard02.png,128,384,ca061c817a4596bbbe976e43c8cacb1f94d28baa0f52964517a3289c713a7574,extracted_verified,개인 로컬 수집; 소재 재배포 금지; 공개 작품에 Pixel Art World/ドット絵世界 크레딧. 조건: https://yms.main.jp/dotartworld/page1/rule.html; 샘플 게임 ZIP; 칩셋 개수에 포함하지 않음. RTP/코드/음성 등 혼재할 수 있으며 파일별 저작자 검토 전 범용 배포 금지. 실행하지 않음.; ZIP 중앙목록 및 전체 CRC 확인.; ZIP 내부 PNG만 별도 추출/전체 디코딩 확인. 아카이브 멤버 경로: sample-map-xp03/Graphics/Characters/SC-Cupboard02.png; 샘플게임 유래 이미지. 일반 독립 배포 소재 개수에서 제외; 원래 용도 추정 event_or_character_sprite; 개별 저작권 검토 미완료.,3796,200,sample-map-xp03/Graphics/Characters/SC-Cupboard02.png,サンプルマップＸＰ
SC-Door01.png,sample_package_image,https://yms.main.jp/dotartworld/page2/samplemap01.html,https://yms.main.jp/dotartworld/sozai/tileset/pack/sample-map-xp03.zip,SC-Door01.png,/home/main/.local/share/oprn/pixel-art-world-downloads/sample-game-images/sample-map-xp03/sample-map-xp03/Graphics/Characters/SC-Door01.png,128,256,1c8ec1c45a33d1604b20018a976303f8964bd02df5e647e458b934051bc1b524,extracted_verified,개인 로컬 수집; 소재 재배포 금지; 공개 작품에 Pixel Art World/ドット絵世界 크레딧. 조건: https://yms.main.jp/dotartworld/page1/rule.html; 샘플 게임 ZIP; 칩셋 개수에 포함하지 않음. RTP/코드/음성 등 혼재할 수 있으며 파일별 저작자 검토 전 범용 배포 금지. 실행하지 않음.; ZIP 중앙목록 및 전체 CRC 확인.; ZIP 내부 PNG만 별도 추출/전체 디코딩 확인. 아카이브 멤버 경로: sample-map-xp03/Graphics/Characters/SC-Door01.png; 샘플게임 유래 이미지. 일반 독립 배포 소재 개수에서 제외; 원래 용도 추정 event_or_character_sprite; 개별 저작권 검토 미완료.,3441,200,sample-map-xp03/Graphics/Characters/SC-Door01.png,サンプルマップＸＰ
SC-Door-Arch01.png,sample_package_image,https://yms.main.jp/dotartworld/page2/samplemap01.html,https://yms.main.jp/dotartworld/sozai/tileset/pack/sample-map-xp03.zip,SC-Door-Arch01.png,/home/main/.local/share/oprn/pixel-art-world-downloads/sample-game-images/sample-map-xp03/sample-map-xp03/Graphics/Characters/SC-Door-Arch01.png,384,384,0401cf5e2873d757fcef3719d7b487f8e73e04806ecbf7c3fceb94a2acedf0ae,extracted_verified,개인 로컬 수집; 소재 재배포 금지; 공개 작품에 Pixel Art World/ドット絵世界 크레딧. 조건: https://yms.main.jp/dotartworld/page1/rule.html; 샘플 게임 ZIP; 칩셋 개수에 포함하지 않음. RTP/코드/음성 등 혼재할 수 있으며 파일별 저작자 검토 전 범용 배포 금지. 실행하지 않음.; ZIP 중앙목록 및 전체 CRC 확인.; ZIP 내부 PNG만 별도 추출/전체 디코딩 확인. 아카이브 멤버 경로: sample-map-xp03/Graphics/Characters/SC-Door-Arch01.png; 샘플게임 유래 이미지. 일반 독립 배포 소재 개수에서 제외; 원래 용도 추정 event_or_character_sprite; 개별 저작권 검토 미완료.,11294,200,sample-map-xp03/Graphics/Characters/SC-Door-Arch01.png,サンプルマップＸＰ
SC-Door-AutoBM.png,sample_package_image,https://yms.main.jp/dotartworld/page2/samplemap01.html,https://yms.main.jp/dotartworld/sozai/tileset/pack/sample-map-xp03.zip,SC-Door-AutoBM.png,/home/main/.local/share/oprn/pixel-art-world-downloads/sample-game-images/sample-map-xp03/sample-map-xp03/Graphics/Characters/SC-Door-AutoBM.png,384,384,52342f75955c5bf9b57cc0e8747e47cfffedbc61c6613e908061946243475063,extracted_verified,개인 로컬 수집; 소재 재배포 금지; 공개 작품에 Pixel Art World/ドット絵世界 크레딧. 조건: https://yms.main.jp/dotartworld/page1/rule.html; 샘플 게임 ZIP; 칩셋 개수에 포함하지 않음. RTP/코드/음성 등 혼재할 수 있으며 파일별 저작자 검토 전 범용 배포 금지. 실행하지 않음.; ZIP 중앙목록 및 전체 CRC 확인.; ZIP 내부 PNG만 별도 추출/전체 디코딩 확인. 아카이브 멤버 경로: sample-map-xp03/Graphics/Characters/SC-Door-AutoBM.png; 샘플게임 유래 이미지. 일반 독립 배포 소재 개수에서 제외; 원래 용도 추정 event_or_character_sprite; 개별 저작권 검토 미완료.,5274,200,sample-map-xp03/Graphics/Characters/SC-Door-AutoBM.png,サンプルマップＸＰ
SC-Door-Convi01.png,sample_package_image,https://yms.main.jp/dotartworld/page2/samplemap01.html,https://yms.main.jp/dotartworld/sozai/tileset/pack/sample-map-xp03.zip,SC-Door-Convi01.png,/home/main/.local/share/oprn/pixel-art-world-downloads/sample-game-images/sample-map-xp03/sample-map-xp03/Graphics/Characters/SC-Door-Convi01.png,384,256,7605fad6a899f434a8ac9d79ef2fe611984a534b4f9dbde9d4b1e326289fa612,extracted_verified,개인 로컬 수집; 소재 재배포 금지; 공개 작품에 Pixel Art World/ドット絵世界 크레딧. 조건: https://yms.main.jp/dotartworld/page1/rule.html; 샘플 게임 ZIP; 칩셋 개수에 포함하지 않음. RTP/코드/음성 등 혼재할 수 있으며 파일별 저작자 검토 전 범용 배포 금지. 실행하지 않음.; ZIP 중앙목록 및 전체 CRC 확인.; ZIP 내부 PNG만 별도 추출/전체 디코딩 확인. 아카이브 멤버 경로: sample-map-xp03/Graphics/Characters/SC-Door-Convi01.png; 샘플게임 유래 이미지. 일반 독립 배포 소재 개수에서 제외; 원래 용도 추정 event_or_character_sprite; 개별 저작권 검토 미완료.,5072,200,sample-map-xp03/Graphics/Characters/SC-Door-Convi01.png,サンプルマップＸＰ
SC-Door-Convi02.png,sample_package_image,https://yms.main.jp/dotartworld/page2/samplemap01.html,https://yms.main.jp/dotartworld/sozai/tileset/pack/sample-map-xp03.zip,SC-Door-Convi02.png,/home/main/.local/share/oprn/pixel-art-world-downloads/sample-game-images/sample-map-xp03/sample-map-xp03/Graphics/Characters/SC-Door-Convi02.png,512,256,11cc7bc4e5a98c75e0f591a92ca65c3b9e69cc0e40dec3cc51d4bc36e3c2fe0d,extracted_verified,개인 로컬 수집; 소재 재배포 금지; 공개 작품에 Pixel Art World/ドット絵世界 크레딧. 조건: https://yms.main.jp/dotartworld/page1/rule.html; 샘플 게임 ZIP; 칩셋 개수에 포함하지 않음. RTP/코드/음성 등 혼재할 수 있으며 파일별 저작자 검토 전 범용 배포 금지. 실행하지 않음.; ZIP 중앙목록 및 전체 CRC 확인.; ZIP 내부 PNG만 별도 추출/전체 디코딩 확인. 아카이브 멤버 경로: sample-map-xp03/Graphics/Characters/SC-Door-Convi02.png; 샘플게임 유래 이미지. 일반 독립 배포 소재 개수에서 제외; 원래 용도 추정 event_or_character_sprite; 개별 저작권 검토 미완료.,5579,200,sample-map-xp03/Graphics/Characters/SC-Door-Convi02.png,サンプルマップＸＰ
SC-Door-Entce01.png,sample_package_image,https://yms.main.jp/dotartworld/page2/samplemap01.html,https://yms.main.jp/dotartworld/sozai/tileset/pack/sample-map-xp03.zip,SC-Door-Entce01.png,/home/main/.local/share/oprn/pixel-art-world-downloads/sample-game-images/sample-map-xp03/sample-map-xp03/Graphics/Characters/SC-Door-Entce01.png,384,256,b31e97d32cc4624b21f348c190a7539b6797f6e40e60abaf26d393c0ccf3c249,extracted_verified,개인 로컬 수집; 소재 재배포 금지; 공개 작품에 Pixel Art World/ドット絵世界 크레딧. 조건: https://yms.main.jp/dotartworld/page1/rule.html; 샘플 게임 ZIP; 칩셋 개수에 포함하지 않음. RTP/코드/음성 등 혼재할 수 있으며 파일별 저작자 검토 전 범용 배포 금지. 실행하지 않음.; ZIP 중앙목록 및 전체 CRC 확인.; ZIP 내부 PNG만 별도 추출/전체 디코딩 확인. 아카이브 멤버 경로: sample-map-xp03/Graphics/Characters/SC-Door-Entce01.png; 샘플게임 유래 이미지. 일반 독립 배포 소재 개수에서 제외; 원래 용도 추정 event_or_character_sprite; 개별 저작권 검토 미완료.,3722,200,sample-map-xp03/Graphics/Characters/SC-Door-Entce01.png,サンプルマップＸＰ
SC-Door-Entce02.png,sample_package_image,https://yms.main.jp/dotartworld/page2/samplemap01.html,https://yms.main.jp/dotartworld/sozai/tileset/pack/sample-map-xp03.zip,SC-Door-Entce02.png,/home/main/.local/share/oprn/pixel-art-world-downloads/sample-game-images/sample-map-xp03/sample-map-xp03/Graphics/Characters/SC-Door-Entce02.png,384,256,7a8f218961c463cdfab12a5ca22cdafed8e32701c3a80a25c3c0904a1aec8e62,extracted_verified,개인 로컬 수집; 소재 재배포 금지; 공개 작품에 Pixel Art World/ドット絵世界 크레딧. 조건: https://yms.main.jp/dotartworld/page1/rule.html; 샘플 게임 ZIP; 칩셋 개수에 포함하지 않음. RTP/코드/음성 등 혼재할 수 있으며 파일별 저작자 검토 전 범용 배포 금지. 실행하지 않음.; ZIP 중앙목록 및 전체 CRC 확인.; ZIP 내부 PNG만 별도 추출/전체 디코딩 확인. 아카이브 멤버 경로: sample-map-xp03/Graphics/Characters/SC-Door-Entce02.png; 샘플게임 유래 이미지. 일반 독립 배포 소재 개수에서 제외; 원래 용도 추정 event_or_character_sprite; 개별 저작권 검토 미완료.,3674,200,sample-map-xp03/Graphics/Characters/SC-Door-Entce02.png,サンプルマップＸＰ
SC-Door-Entce04.png,sample_package_image,https://yms.main.jp/dotartworld/page2/samplemap01.html,https://yms.main.jp/dotartworld/sozai/tileset/pack/sample-map-xp03.zip,SC-Door-Entce04.png,/home/main/.local/share/oprn/pixel-art-world-downloads/sample-game-images/sample-map-xp03/sample-map-xp03/Graphics/Characters/SC-Door-Entce04.png,384,256,d0999ad74e66bed3d539f93786e7bf9c93c8e29a27470ba119744523ff6efb36,extracted_verified,개인 로컬 수집; 소재 재배포 금지; 공개 작품에 Pixel Art World/ドット絵世界 크레딧. 조건: https://yms.main.jp/dotartworld/page1/rule.html; 샘플 게임 ZIP; 칩셋 개수에 포함하지 않음. RTP/코드/음성 등 혼재할 수 있으며 파일별 저작자 검토 전 범용 배포 금지. 실행하지 않음.; ZIP 중앙목록 및 전체 CRC 확인.; ZIP 내부 PNG만 별도 추출/전체 디코딩 확인. 아카이브 멤버 경로: sample-map-xp03/Graphics/Characters/SC-Door-Entce04.png; 샘플게임 유래 이미지. 일반 독립 배포 소재 개수에서 제외; 원래 용도 추정 event_or_character_sprite; 개별 저작권 검토 미완료.,8480,200,sample-map-xp03/Graphics/Characters/SC-Door-Entce04.png,サンプルマップＸＰ
SC-Door-Entce05.png,sample_package_image,https://yms.main.jp/dotartworld/page2/samplemap01.html,https://yms.main.jp/dotartworld/sozai/tileset/pack/sample-map-xp03.zip,SC-Door-Entce05.png,/home/main/.local/share/oprn/pixel-art-world-downloads/sample-game-images/sample-map-xp03/sample-map-xp03/Graphics/Characters/SC-Door-Entce05.png,384,256,331bde9fd50fb2a5cae54f6b78848734fd0ecae529512f531efbcff706cc50c3,extracted_verified,개인 로컬 수집; 소재 재배포 금지; 공개 작품에 Pixel Art World/ドット絵世界 크레딧. 조건: https://yms.main.jp/dotartworld/page1/rule.html; 샘플 게임 ZIP; 칩셋 개수에 포함하지 않음. RTP/코드/음성 등 혼재할 수 있으며 파일별 저작자 검토 전 범용 배포 금지. 실행하지 않음.; ZIP 중앙목록 및 전체 CRC 확인.; ZIP 내부 PNG만 별도 추출/전체 디코딩 확인. 아카이브 멤버 경로: sample-map-xp03/Graphics/Characters/SC-Door-Entce05.png; 샘플게임 유래 이미지. 일반 독립 배포 소재 개수에서 제외; 원래 용도 추정 event_or_character_sprite; 개별 저작권 검토 미완료.,7616,200,sample-map-xp03/Graphics/Characters/SC-Door-Entce05.png,サンプルマップＸＰ
SC-Door-Ev01.png,sample_package_image,https://yms.main.jp/dotartworld/page2/samplemap01.html,https://yms.main.jp/dotartworld/sozai/tileset/pack/sample-map-xp03.zip,SC-Door-Ev01.png,/home/main/.local/share/oprn/pixel-art-world-downloads/sample-game-images/sample-map-xp03/sample-map-xp03/Graphics/Characters/SC-Door-Ev01.png,384,256,1a65f58dc43b8199a3bf8544537332ce52b52d7f0efeb6410656eb0cac5f1339,extracted_verified,개인 로컬 수집; 소재 재배포 금지; 공개 작품에 Pixel Art World/ドット絵世界 크레딧. 조건: https://yms.main.jp/dotartworld/page1/rule.html; 샘플 게임 ZIP; 칩셋 개수에 포함하지 않음. RTP/코드/음성 등 혼재할 수 있으며 파일별 저작자 검토 전 범용 배포 금지. 실행하지 않음.; ZIP 중앙목록 및 전체 CRC 확인.; ZIP 내부 PNG만 별도 추출/전체 디코딩 확인. 아카이브 멤버 경로: sample-map-xp03/Graphics/Characters/SC-Door-Ev01.png; 샘플게임 유래 이미지. 일반 독립 배포 소재 개수에서 제외; 원래 용도 추정 event_or_character_sprite; 개별 저작권 검토 미완료.,2407,200,sample-map-xp03/Graphics/Characters/SC-Door-Ev01.png,サンプルマップＸＰ
SC-Door-Schl01.png,sample_package_image,https://yms.main.jp/dotartworld/page2/samplemap01.html,https://yms.main.jp/dotartworld/sozai/tileset/pack/sample-map-xp03.zip,SC-Door-Schl01.png,/home/main/.local/share/oprn/pixel-art-world-downloads/sample-game-images/sample-map-xp03/sample-map-xp03/Graphics/Characters/SC-Door-Schl01.png,384,256,3639412cd5fcbe8556cfd119dddaf9e1e05cd9fef9b164eb2bdb01a3978d0df0,extracted_verified,개인 로컬 수집; 소재 재배포 금지; 공개 작품에 Pixel Art World/ドット絵世界 크레딧. 조건: https://yms.main.jp/dotartworld/page1/rule.html; 샘플 게임 ZIP; 칩셋 개수에 포함하지 않음. RTP/코드/음성 등 혼재할 수 있으며 파일별 저작자 검토 전 범용 배포 금지. 실행하지 않음.; ZIP 중앙목록 및 전체 CRC 확인.; ZIP 내부 PNG만 별도 추출/전체 디코딩 확인. 아카이브 멤버 경로: sample-map-xp03/Graphics/Characters/SC-Door-Schl01.png; 샘플게임 유래 이미지. 일반 독립 배포 소재 개수에서 제외; 원래 용도 추정 event_or_character_sprite; 개별 저작권 검토 미완료.,4170,200,sample-map-xp03/Graphics/Characters/SC-Door-Schl01.png,サンプルマップＸＰ
SC-Door-Schl02.png,sample_package_image,https://yms.main.jp/dotartworld/page2/samplemap01.html,https://yms.main.jp/dotartworld/sozai/tileset/pack/sample-map-xp03.zip,SC-Door-Schl02.png,/home/main/.local/share/oprn/pixel-art-world-downloads/sample-game-images/sample-map-xp03/sample-map-xp03/Graphics/Characters/SC-Door-Schl02.png,384,256,e4aaa8ebedc71884e949249acccc60c67c9859593d7cc979921548d37a1751c3,extracted_verified,개인 로컬 수집; 소재 재배포 금지; 공개 작품에 Pixel Art World/ドット絵世界 크레딧. 조건: https://yms.main.jp/dotartworld/page1/rule.html; 샘플 게임 ZIP; 칩셋 개수에 포함하지 않음. RTP/코드/음성 등 혼재할 수 있으며 파일별 저작자 검토 전 범용 배포 금지. 실행하지 않음.; ZIP 중앙목록 및 전체 CRC 확인.; ZIP 내부 PNG만 별도 추출/전체 디코딩 확인. 아카이브 멤버 경로: sample-map-xp03/Graphics/Characters/SC-Door-Schl02.png; 샘플게임 유래 이미지. 일반 독립 배포 소재 개수에서 제외; 원래 용도 추정 event_or_character_sprite; 개별 저작권 검토 미완료.,3736,200,sample-map-xp03/Graphics/Characters/SC-Door-Schl02.png,サンプルマップＸＰ
SC-Door-SchlG01.png,sample_package_image,https://yms.main.jp/dotartworld/page2/samplemap01.html,https://yms.main.jp/dotartworld/sozai/tileset/pack/sample-map-xp03.zip,SC-Door-SchlG01.png,/home/main/.local/share/oprn/pixel-art-world-downloads/sample-game-images/sample-map-xp03/sample-map-xp03/Graphics/Characters/SC-Door-SchlG01.png,384,256,2890a4c66fa9daed89e366deac34dea0dd1cf580abebdc152b039ad76a27485e,extracted_verified,개인 로컬 수집; 소재 재배포 금지; 공개 작품에 Pixel Art World/ドット絵世界 크레딧. 조건: https://yms.main.jp/dotartworld/page1/rule.html; 샘플 게임 ZIP; 칩셋 개수에 포함하지 않음. RTP/코드/음성 등 혼재할 수 있으며 파일별 저작자 검토 전 범용 배포 금지. 실행하지 않음.; ZIP 중앙목록 및 전체 CRC 확인.; ZIP 내부 PNG만 별도 추출/전체 디코딩 확인. 아카이브 멤버 경로: sample-map-xp03/Graphics/Characters/SC-Door-SchlG01.png; 샘플게임 유래 이미지. 일반 독립 배포 소재 개수에서 제외; 원래 용도 추정 event_or_character_sprite; 개별 저작권 검토 미완료.,3619,200,sample-map-xp03/Graphics/Characters/SC-Door-SchlG01.png,サンプルマップＸＰ
SC-Door-Tolt01.png,sample_package_image,https://yms.main.jp/dotartworld/page2/samplemap01.html,https://yms.main.jp/dotartworld/sozai/tileset/pack/sample-map-xp03.zip,SC-Door-Tolt01.png,/home/main/.local/share/oprn/pixel-art-world-downloads/sample-game-images/sample-map-xp03/sample-map-xp03/Graphics/Characters/SC-Door-Tolt01.png,128,384,4243d0d8fd5b0f450581793e9f63fb25b4db321129deda9d94dda052cab6d7b7,extracted_verified,개인 로컬 수집; 소재 재배포 금지; 공개 작품에 Pixel Art World/ドット絵世界 크레딧. 조건: https://yms.main.jp/dotartworld/page1/rule.html; 샘플 게임 ZIP; 칩셋 개수에 포함하지 않음. RTP/코드/음성 등 혼재할 수 있으며 파일별 저작자 검토 전 범용 배포 금지. 실행하지 않음.; ZIP 중앙목록 및 전체 CRC 확인.; ZIP 내부 PNG만 별도 추출/전체 디코딩 확인. 아카이브 멤버 경로: sample-map-xp03/Graphics/Characters/SC-Door-Tolt01.png; 샘플게임 유래 이미지. 일반 독립 배포 소재 개수에서 제외; 원래 용도 추정 event_or_character_sprite; 개별 저작권 검토 미완료.,3825,200,sample-map-xp03/Graphics/Characters/SC-Door-Tolt01.png,サンプルマップＸＰ
SC-Door-Tolt02.png,sample_package_image,https://yms.main.jp/dotartworld/page2/samplemap01.html,https://yms.main.jp/dotartworld/sozai/tileset/pack/sample-map-xp03.zip,SC-Door-Tolt02.png,/home/main/.local/share/oprn/pixel-art-world-downloads/sample-game-images/sample-map-xp03/sample-map-xp03/Graphics/Characters/SC-Door-Tolt02.png,128,384,7536b931de6a92e4e71ddc09c27af825627107047ba0161ea66304912d5862f7,extracted_verified,개인 로컬 수집; 소재 재배포 금지; 공개 작품에 Pixel Art World/ドット絵世界 크레딧. 조건: https://yms.main.jp/dotartworld/page1/rule.html; 샘플 게임 ZIP; 칩셋 개수에 포함하지 않음. RTP/코드/음성 등 혼재할 수 있으며 파일별 저작자 검토 전 범용 배포 금지. 실행하지 않음.; ZIP 중앙목록 및 전체 CRC 확인.; ZIP 내부 PNG만 별도 추출/전체 디코딩 확인. 아카이브 멤버 경로: sample-map-xp03/Graphics/Characters/SC-Door-Tolt02.png; 샘플게임 유래 이미지. 일반 독립 배포 소재 개수에서 제외; 원래 용도 추정 event_or_character_sprite; 개별 저작권 검토 미완료.,2809,200,sample-map-xp03/Graphics/Characters/SC-Door-Tolt02.png,サンプルマップＸＰ
SC-Lama01.png,sample_package_image,https://yms.main.jp/dotartworld/page2/samplemap01.html,https://yms.main.jp/dotartworld/sozai/tileset/pack/sample-map-xp03.zip,SC-Lama01.png,/home/main/.local/share/oprn/pixel-art-world-downloads/sample-game-images/sample-map-xp03/sample-map-xp03/Graphics/Characters/SC-Lama01.png,192,256,ecd31f0c6639018da94a6a1bf939d018a53426860959f60bea1bb4c9ff65728f,extracted_verified,개인 로컬 수집; 소재 재배포 금지; 공개 작품에 Pixel Art World/ドット絵世界 크레딧. 조건: https://yms.main.jp/dotartworld/page1/rule.html; 샘플 게임 ZIP; 칩셋 개수에 포함하지 않음. RTP/코드/음성 등 혼재할 수 있으며 파일별 저작자 검토 전 범용 배포 금지. 실행하지 않음.; ZIP 중앙목록 및 전체 CRC 확인.; ZIP 내부 PNG만 별도 추출/전체 디코딩 확인. 아카이브 멤버 경로: sample-map-xp03/Graphics/Characters/SC-Lama01.png; 샘플게임 유래 이미지. 일반 독립 배포 소재 개수에서 제외; 원래 용도 추정 event_or_character_sprite; 개별 저작권 검토 미완료.,5158,200,sample-map-xp03/Graphics/Characters/SC-Lama01.png,サンプルマップＸＰ
SC-VdgMacine01.png,sample_package_image,https://yms.main.jp/dotartworld/page2/samplemap01.html,https://yms.main.jp/dotartworld/sozai/tileset/pack/sample-map-xp03.zip,SC-VdgMacine01.png,/home/main/.local/share/oprn/pixel-art-world-downloads/sample-game-images/sample-map-xp03/sample-map-xp03/Graphics/Characters/SC-VdgMacine01.png,128,384,227cf6e862cee7b3e6a13eafbdf1eb6e19e68b0e0f7a8dfc17109cc69c3b1275,extracted_verified,개인 로컬 수집; 소재 재배포 금지; 공개 작품에 Pixel Art World/ドット絵世界 크레딧. 조건: https://yms.main.jp/dotartworld/page1/rule.html; 샘플 게임 ZIP; 칩셋 개수에 포함하지 않음. RTP/코드/음성 등 혼재할 수 있으며 파일별 저작자 검토 전 범용 배포 금지. 실행하지 않음.; ZIP 중앙목록 및 전체 CRC 확인.; ZIP 내부 PNG만 별도 추출/전체 디코딩 확인. 아카이브 멤버 경로: sample-map-xp03/Graphics/Characters/SC-VdgMacine01.png; 샘플게임 유래 이미지. 일반 독립 배포 소재 개수에서 제외; 원래 용도 추정 event_or_character_sprite; 개별 저작권 검토 미완료.,9213,200,sample-map-xp03/Graphics/Characters/SC-VdgMacine01.png,サンプルマップＸＰ
ST-Convi-E01.png,sample_package_image,https://yms.main.jp/dotartworld/page2/samplemap01.html,https://yms.main.jp/dotartworld/sozai/tileset/pack/sample-map-xp03.zip,ST-Convi-E01.png,/home/main/.local/share/oprn/pixel-art-world-downloads/sample-game-images/sample-map-xp03/sample-map-xp03/Graphics/Tilesets/ST-Convi-E01.png,256,1728,7b1f15d72ea3142d19a99aa92c378bb9e076f235352e1dad563edc849e20cfa6,extracted_verified,개인 로컬 수집; 소재 재배포 금지; 공개 작품에 Pixel Art World/ドット絵世界 크레딧. 조건: https://yms.main.jp/dotartworld/page1/rule.html; 샘플 게임 ZIP; 칩셋 개수에 포함하지 않음. RTP/코드/음성 등 혼재할 수 있으며 파일별 저작자 검토 전 범용 배포 금지. 실행하지 않음.; ZIP 중앙목록 및 전체 CRC 확인.; ZIP 내부 PNG만 별도 추출/전체 디코딩 확인. 아카이브 멤버 경로: sample-map-xp03/Graphics/Tilesets/ST-Convi-E01.png; 샘플게임 유래 이미지. 일반 독립 배포 소재 개수에서 제외; 원래 용도 추정 tileset; 개별 저작권 검토 미완료.,115437,200,sample-map-xp03/Graphics/Tilesets/ST-Convi-E01.png,サンプルマップＸＰ
ST-Convi-I01.png,sample_package_image,https://yms.main.jp/dotartworld/page2/samplemap01.html,https://yms.main.jp/dotartworld/sozai/tileset/pack/sample-map-xp03.zip,ST-Convi-I01.png,/home/main/.local/share/oprn/pixel-art-world-downloads/sample-game-images/sample-map-xp03/sample-map-xp03/Graphics/Tilesets/ST-Convi-I01.png,256,1280,359dc59a170d38b23f4788642f1cd7a45063dfa0db2145aee0a9e1be6755d7b1,extracted_verified,개인 로컬 수집; 소재 재배포 금지; 공개 작품에 Pixel Art World/ドット絵世界 크레딧. 조건: https://yms.main.jp/dotartworld/page1/rule.html; 샘플 게임 ZIP; 칩셋 개수에 포함하지 않음. RTP/코드/음성 등 혼재할 수 있으며 파일별 저작자 검토 전 범용 배포 금지. 실행하지 않음.; ZIP 중앙목록 및 전체 CRC 확인.; ZIP 내부 PNG만 별도 추출/전체 디코딩 확인. 아카이브 멤버 경로: sample-map-xp03/Graphics/Tilesets/ST-Convi-I01.png; 샘플게임 유래 이미지. 일반 독립 배포 소재 개수에서 제외; 원래 용도 추정 tileset; 개별 저작권 검토 미완료.,67459,200,sample-map-xp03/Graphics/Tilesets/ST-Convi-I01.png,サンプルマップＸＰ
ST-Geru-E01.png,sample_package_image,https://yms.main.jp/dotartworld/page2/samplemap01.html,https://yms.main.jp/dotartworld/sozai/tileset/pack/sample-map-xp03.zip,ST-Geru-E01.png,/home/main/.local/share/oprn/pixel-art-world-downloads/sample-game-images/sample-map-xp03/sample-map-xp03/Graphics/Tilesets/ST-Geru-E01.png,256,608,564b92501fda3eb12edfbb299d1c5bdad9292622d484e0e188ab5aaa6db55e1b,extracted_verified,개인 로컬 수집; 소재 재배포 금지; 공개 작품에 Pixel Art World/ドット絵世界 크레딧. 조건: https://yms.main.jp/dotartworld/page1/rule.html; 샘플 게임 ZIP; 칩셋 개수에 포함하지 않음. RTP/코드/음성 등 혼재할 수 있으며 파일별 저작자 검토 전 범용 배포 금지. 실행하지 않음.; ZIP 중앙목록 및 전체 CRC 확인.; ZIP 내부 PNG만 별도 추출/전체 디코딩 확인. 아카이브 멤버 경로: sample-map-xp03/Graphics/Tilesets/ST-Geru-E01.png; 샘플게임 유래 이미지. 일반 독립 배포 소재 개수에서 제외; 원래 용도 추정 tileset; 개별 저작권 검토 미완료.,55477,200,sample-map-xp03/Graphics/Tilesets/ST-Geru-E01.png,サンプルマップＸＰ
ST-Geru-I01.png,sample_package_image,https://yms.main.jp/dotartworld/page2/samplemap01.html,https://yms.main.jp/dotartworld/sozai/tileset/pack/sample-map-xp03.zip,ST-Geru-I01.png,/home/main/.local/share/oprn/pixel-art-world-downloads/sample-game-images/sample-map-xp03/sample-map-xp03/Graphics/Tilesets/ST-Geru-I01.png,256,992,45863d4e787423a52c13021647c1f235b56328530d532d2874648a4f44b6dff0,extracted_verified,개인 로컬 수집; 소재 재배포 금지; 공개 작품에 Pixel Art World/ドット絵世界 크레딧. 조건: https://yms.main.jp/dotartworld/page1/rule.html; 샘플 게임 ZIP; 칩셋 개수에 포함하지 않음. RTP/코드/음성 등 혼재할 수 있으며 파일별 저작자 검토 전 범용 배포 금지. 실행하지 않음.; ZIP 중앙목록 및 전체 CRC 확인.; ZIP 내부 PNG만 별도 추출/전체 디코딩 확인. 아카이브 멤버 경로: sample-map-xp03/Graphics/Tilesets/ST-Geru-I01.png; 샘플게임 유래 이미지. 일반 독립 배포 소재 개수에서 제외; 원래 용도 추정 tileset; 개별 저작권 검토 미완료.,67686,200,sample-map-xp03/Graphics/Tilesets/ST-Geru-I01.png,サンプルマップＸＰ
ST-Hospital-I01.png,sample_package_image,https://yms.main.jp/dotartworld/page2/samplemap01.html,https://yms.main.jp/dotartworld/sozai/tileset/pack/sample-map-xp03.zip,ST-Hospital-I01.png,/home/main/.local/share/oprn/pixel-art-world-downloads/sample-game-images/sample-map-xp03/sample-map-xp03/Graphics/Tilesets/ST-Hospital-I01.png,256,1856,0a1bb926828cb137f95f0a2308c7580884764c6d40eba299d76423f5d3bc5176,extracted_verified,개인 로컬 수집; 소재 재배포 금지; 공개 작품에 Pixel Art World/ドット絵世界 크레딧. 조건: https://yms.main.jp/dotartworld/page1/rule.html; 샘플 게임 ZIP; 칩셋 개수에 포함하지 않음. RTP/코드/음성 등 혼재할 수 있으며 파일별 저작자 검토 전 범용 배포 금지. 실행하지 않음.; ZIP 중앙목록 및 전체 CRC 확인.; ZIP 내부 PNG만 별도 추출/전체 디코딩 확인. 아카이브 멤버 경로: sample-map-xp03/Graphics/Tilesets/ST-Hospital-I01.png; 샘플게임 유래 이미지. 일반 독립 배포 소재 개수에서 제외; 원래 용도 추정 tileset; 개별 저작권 검토 미완료.,81941,200,sample-map-xp03/Graphics/Tilesets/ST-Hospital-I01.png,サンプルマップＸＰ
ST-Office-I01.png,sample_package_image,https://yms.main.jp/dotartworld/page2/samplemap01.html,https://yms.main.jp/dotartworld/sozai/tileset/pack/sample-map-xp03.zip,ST-Office-I01.png,/home/main/.local/share/oprn/pixel-art-world-downloads/sample-game-images/sample-map-xp03/sample-map-xp03/Graphics/Tilesets/ST-Office-I01.png,256,1856,c6a8232f21c6554a8d2ae7c01433269cc6b7987aeb6a993193211138f6d909e9,extracted_verified,개인 로컬 수집; 소재 재배포 금지; 공개 작품에 Pixel Art World/ドット絵世界 크레딧. 조건: https://yms.main.jp/dotartworld/page1/rule.html; 샘플 게임 ZIP; 칩셋 개수에 포함하지 않음. RTP/코드/음성 등 혼재할 수 있으며 파일별 저작자 검토 전 범용 배포 금지. 실행하지 않음.; ZIP 중앙목록 및 전체 CRC 확인.; ZIP 내부 PNG만 별도 추출/전체 디코딩 확인. 아카이브 멤버 경로: sample-map-xp03/Graphics/Tilesets/ST-Office-I01.png; 샘플게임 유래 이미지. 일반 독립 배포 소재 개수에서 제외; 원래 용도 추정 tileset; 개별 저작권 검토 미완료.,61228,200,sample-map-xp03/Graphics/Tilesets/ST-Office-I01.png,サンプルマップＸＰ
ST-Outside-Test01.png,sample_package_image,https://yms.main.jp/dotartworld/page2/samplemap01.html,https://yms.main.jp/dotartworld/sozai/tileset/pack/sample-map-xp03.zip,ST-Outside-Test01.png,/home/main/.local/share/oprn/pixel-art-world-downloads/sample-game-images/sample-map-xp03/sample-map-xp03/Graphics/Tilesets/ST-Outside-Test01.png,256,1728,401e278eef3ecadecbfecda1d9d9a01cd42565c96403a77cfe28dec518e3df91,extracted_verified,개인 로컬 수집; 소재 재배포 금지; 공개 작품에 Pixel Art World/ドット絵世界 크레딧. 조건: https://yms.main.jp/dotartworld/page1/rule.html; 샘플 게임 ZIP; 칩셋 개수에 포함하지 않음. RTP/코드/음성 등 혼재할 수 있으며 파일별 저작자 검토 전 범용 배포 금지. 실행하지 않음.; ZIP 중앙목록 및 전체 CRC 확인.; ZIP 내부 PNG만 별도 추출/전체 디코딩 확인. 아카이브 멤버 경로: sample-map-xp03/Graphics/Tilesets/ST-Outside-Test01.png; 샘플게임 유래 이미지. 일반 독립 배포 소재 개수에서 제외; 원래 용도 추정 tileset; 개별 저작권 검토 미완료.,117987,200,sample-map-xp03/Graphics/Tilesets/ST-Outside-Test01.png,サンプルマップＸＰ
ST-Schl-E01.png,sample_package_image,https://yms.main.jp/dotartworld/page2/samplemap01.html,https://yms.main.jp/dotartworld/sozai/tileset/pack/sample-map-xp03.zip,ST-Schl-E01.png,/home/main/.local/share/oprn/pixel-art-world-downloads/sample-game-images/sample-map-xp03/sample-map-xp03/Graphics/Tilesets/ST-Schl-E01.png,256,1824,8d9714def678137b8bc9cbcc3f70c411ddcf87c8b82287f13723f20494660412,extracted_verified,개인 로컬 수집; 소재 재배포 금지; 공개 작품에 Pixel Art World/ドット絵世界 크레딧. 조건: https://yms.main.jp/dotartworld/page1/rule.html; 샘플 게임 ZIP; 칩셋 개수에 포함하지 않음. RTP/코드/음성 등 혼재할 수 있으며 파일별 저작자 검토 전 범용 배포 금지. 실행하지 않음.; ZIP 중앙목록 및 전체 CRC 확인.; ZIP 내부 PNG만 별도 추출/전체 디코딩 확인. 아카이브 멤버 경로: sample-map-xp03/Graphics/Tilesets/ST-Schl-E01.png; 샘플게임 유래 이미지. 일반 독립 배포 소재 개수에서 제외; 원래 용도 추정 tileset; 개별 저작권 검토 미완료.,128501,200,sample-map-xp03/Graphics/Tilesets/ST-Schl-E01.png,サンプルマップＸＰ
ST-Schl-Gym.png,sample_package_image,https://yms.main.jp/dotartworld/page2/samplemap01.html,https://yms.main.jp/dotartworld/sozai/tileset/pack/sample-map-xp03.zip,ST-Schl-Gym.png,/home/main/.local/share/oprn/pixel-art-world-downloads/sample-game-images/sample-map-xp03/sample-map-xp03/Graphics/Tilesets/ST-Schl-Gym.png,256,1600,3eb4c7108b7b40676add21d95ea655cd8c24f596aee460942dadcd98bac36d92,extracted_verified,개인 로컬 수집; 소재 재배포 금지; 공개 작품에 Pixel Art World/ドット絵世界 크레딧. 조건: https://yms.main.jp/dotartworld/page1/rule.html; 샘플 게임 ZIP; 칩셋 개수에 포함하지 않음. RTP/코드/음성 등 혼재할 수 있으며 파일별 저작자 검토 전 범용 배포 금지. 실행하지 않음.; ZIP 중앙목록 및 전체 CRC 확인.; ZIP 내부 PNG만 별도 추출/전체 디코딩 확인. 아카이브 멤버 경로: sample-map-xp03/Graphics/Tilesets/ST-Schl-Gym.png; 샘플게임 유래 이미지. 일반 독립 배포 소재 개수에서 제외; 원래 용도 추정 tileset; 개별 저작권 검토 미완료.,59037,200,sample-map-xp03/Graphics/Tilesets/ST-Schl-Gym.png,サンプルマップＸＰ
ST-Schl-I01.png,sample_package_image,https://yms.main.jp/dotartworld/page2/samplemap01.html,https://yms.main.jp/dotartworld/sozai/tileset/pack/sample-map-xp03.zip,ST-Schl-I01.png,/home/main/.local/share/oprn/pixel-art-world-downloads/sample-game-images/sample-map-xp03/sample-map-xp03/Graphics/Tilesets/ST-Schl-I01.png,256,1600,968cf744994c012c8a973019ccb175b4a3c6703e69b9ac659881a109212dc4b9,extracted_verified,개인 로컬 수집; 소재 재배포 금지; 공개 작품에 Pixel Art World/ドット絵世界 크레딧. 조건: https://yms.main.jp/dotartworld/page1/rule.html; 샘플 게임 ZIP; 칩셋 개수에 포함하지 않음. RTP/코드/음성 등 혼재할 수 있으며 파일별 저작자 검토 전 범용 배포 금지. 실행하지 않음.; ZIP 중앙목록 및 전체 CRC 확인.; ZIP 내부 PNG만 별도 추출/전체 디코딩 확인. 아카이브 멤버 경로: sample-map-xp03/Graphics/Tilesets/ST-Schl-I01.png; 샘플게임 유래 이미지. 일반 독립 배포 소재 개수에서 제외; 원래 용도 추정 tileset; 개별 저작권 검토 미완료.,59145,200,sample-map-xp03/Graphics/Tilesets/ST-Schl-I01.png,サンプルマップＸＰ
ST-Schl-I02.png,sample_package_image,https://yms.main.jp/dotartworld/page2/samplemap01.html,https://yms.main.jp/dotartworld/sozai/tileset/pack/sample-map-xp03.zip,ST-Schl-I02.png,/home/main/.local/share/oprn/pixel-art-world-downloads/sample-game-images/sample-map-xp03/sample-map-xp03/Graphics/Tilesets/ST-Schl-I02.png,256,1600,04a11f58da08579cef524701bc7450ac69e2b0bcc6600f6e2d0b6c2d39954d54,extracted_verified,개인 로컬 수집; 소재 재배포 금지; 공개 작품에 Pixel Art World/ドット絵世界 크레딧. 조건: https://yms.main.jp/dotartworld/page1/rule.html; 샘플 게임 ZIP; 칩셋 개수에 포함하지 않음. RTP/코드/음성 등 혼재할 수 있으며 파일별 저작자 검토 전 범용 배포 금지. 실행하지 않음.; ZIP 중앙목록 및 전체 CRC 확인.; ZIP 내부 PNG만 별도 추출/전체 디코딩 확인. 아카이브 멤버 경로: sample-map-xp03/Graphics/Tilesets/ST-Schl-I02.png; 샘플게임 유래 이미지. 일반 독립 배포 소재 개수에서 제외; 원래 용도 추정 tileset; 개별 저작권 검토 미완료.,70021,200,sample-map-xp03/Graphics/Tilesets/ST-Schl-I02.png,サンプルマップＸＰ
ST-Toilet-I01.png,sample_package_image,https://yms.main.jp/dotartworld/page2/samplemap01.html,https://yms.main.jp/dotartworld/sozai/tileset/pack/sample-map-xp03.zip,ST-Toilet-I01.png,/home/main/.local/share/oprn/pixel-art-world-downloads/sample-game-images/sample-map-xp03/sample-map-xp03/Graphics/Tilesets/ST-Toilet-I01.png,256,1376,a77f7d19017c0282a54dc8f27264ae423af6bf862b15795036758ce9e9e51608,extracted_verified,개인 로컬 수집; 소재 재배포 금지; 공개 작품에 Pixel Art World/ドット絵世界 크레딧. 조건: https://yms.main.jp/dotartworld/page1/rule.html; 샘플 게임 ZIP; 칩셋 개수에 포함하지 않음. RTP/코드/음성 등 혼재할 수 있으며 파일별 저작자 검토 전 범용 배포 금지. 실행하지 않음.; ZIP 중앙목록 및 전체 CRC 확인.; ZIP 내부 PNG만 별도 추출/전체 디코딩 확인. 아카이브 멤버 경로: sample-map-xp03/Graphics/Tilesets/ST-Toilet-I01.png; 샘플게임 유래 이미지. 일반 독립 배포 소재 개수에서 제외; 원래 용도 추정 tileset; 개별 저작권 검토 미완료.,46655,200,sample-map-xp03/Graphics/Tilesets/ST-Toilet-I01.png,サンプルマップＸＰ
!$D-ChTree01.png,sample_package_image,https://yms.main.jp/dotartworld/page2/samplemap01.html,https://yms.main.jp/dotartworld/vx/sozai/dotartworld_vxasample.zip,!$D-ChTree01.png,/home/main/.local/share/oprn/pixel-art-world-downloads/sample-game-images/dotartworld_vxasample/Sample Map VX Ace/Graphics/Characters/!$D-ChTree01.png,288,512,1d9f4f4cfbbb7c9ae0d0c43f5fd63f95892679eed6b99ba468f82ea6274cf7c3,extracted_verified,개인 로컬 수집; 소재 재배포 금지; 공개 작품에 Pixel Art World/ドット絵世界 크레딧. 조건: https://yms.main.jp/dotartworld/page1/rule.html; 샘플 게임 ZIP; 칩셋 개수에 포함하지 않음. RTP/코드/음성 등 혼재할 수 있으며 파일별 저작자 검토 전 범용 배포 금지. 실행하지 않음.; ZIP 중앙목록 및 전체 CRC 확인.; ZIP 내부 PNG만 별도 추출/전체 디코딩 확인. 아카이브 멤버 경로: Sample Map VX Ace/Graphics/Characters/!$D-ChTree01.png; 샘플게임 유래 이미지. 일반 독립 배포 소재 개수에서 제외; 원래 용도 추정 event_or_character_sprite; 개별 저작권 검토 미완료.,69393,200,Sample Map VX Ace/Graphics/Characters/!$D-ChTree01.png,サンプルマップＶＸ Ａｃｅ
!$DC-Lama01.png,sample_package_image,https://yms.main.jp/dotartworld/page2/samplemap01.html,https://yms.main.jp/dotartworld/vx/sozai/dotartworld_vxasample.zip,!$DC-Lama01.png,/home/main/.local/share/oprn/pixel-art-world-downloads/sample-game-images/dotartworld_vxasample/Sample Map VX Ace/Graphics/Characters/!$DC-Lama01.png,144,256,c6122fb387826121d0ad41ae8c3d82a0d86c79e7fb800be135e30069bbc3e3bf,extracted_verified,개인 로컬 수집; 소재 재배포 금지; 공개 작품에 Pixel Art World/ドット絵世界 크레딧. 조건: https://yms.main.jp/dotartworld/page1/rule.html; 샘플 게임 ZIP; 칩셋 개수에 포함하지 않음. RTP/코드/음성 등 혼재할 수 있으며 파일별 저작자 검토 전 범용 배포 금지. 실행하지 않음.; ZIP 중앙목록 및 전체 CRC 확인.; ZIP 내부 PNG만 별도 추출/전체 디코딩 확인. 아카이브 멤버 경로: Sample Map VX Ace/Graphics/Characters/!$DC-Lama01.png; 샘플게임 유래 이미지. 일반 독립 배포 소재 개수에서 제외; 원래 용도 추정 event_or_character_sprite; 개별 저작권 검토 미완료.,6855,200,Sample Map VX Ace/Graphics/Characters/!$DC-Lama01.png,サンプルマップＶＸ Ａｃｅ
!$DLight01.png,sample_package_image,https://yms.main.jp/dotartworld/page2/samplemap01.html,https://yms.main.jp/dotartworld/vx/sozai/dotartworld_vxasample.zip,!$DLight01.png,/home/main/.local/share/oprn/pixel-art-world-downloads/sample-game-images/dotartworld_vxasample/Sample Map VX Ace/Graphics/Characters/!$DLight01.png,96,128,0d6943710e869d47b7f538b3e7967ec63cf1db7c3f33bb4aa8a96dc54c9b9990,extracted_verified,개인 로컬 수집; 소재 재배포 금지; 공개 작품에 Pixel Art World/ドット絵世界 크레딧. 조건: https://yms.main.jp/dotartworld/page1/rule.html; 샘플 게임 ZIP; 칩셋 개수에 포함하지 않음. RTP/코드/음성 등 혼재할 수 있으며 파일별 저작자 검토 전 범용 배포 금지. 실행하지 않음.; ZIP 중앙목록 및 전체 CRC 확인.; ZIP 내부 PNG만 별도 추출/전체 디코딩 확인. 아카이브 멤버 경로: Sample Map VX Ace/Graphics/Characters/!$DLight01.png; 샘플게임 유래 이미지. 일반 독립 배포 소재 개수에서 제외; 원래 용도 추정 event_or_character_sprite; 개별 저작권 검토 미완료.,7405,200,Sample Map VX Ace/Graphics/Characters/!$DLight01.png,サンプルマップＶＸ Ａｃｅ
!$DPointer01.png,sample_package_image,https://yms.main.jp/dotartworld/page2/samplemap01.html,https://yms.main.jp/dotartworld/vx/sozai/dotartworld_vxasample.zip,!$DPointer01.png,/home/main/.local/share/oprn/pixel-art-world-downloads/sample-game-images/dotartworld_vxasample/Sample Map VX Ace/Graphics/Characters/!$DPointer01.png,96,128,acfb64242547aa62c77c136f0524be6b6ff1d42d90991835ca98d8444d3d1333,extracted_verified,개인 로컬 수집; 소재 재배포 금지; 공개 작품에 Pixel Art World/ドット絵世界 크레딧. 조건: https://yms.main.jp/dotartworld/page1/rule.html; 샘플 게임 ZIP; 칩셋 개수에 포함하지 않음. RTP/코드/음성 등 혼재할 수 있으며 파일별 저작자 검토 전 범용 배포 금지. 실행하지 않음.; ZIP 중앙목록 및 전체 CRC 확인.; ZIP 내부 PNG만 별도 추출/전체 디코딩 확인. 아카이브 멤버 경로: Sample Map VX Ace/Graphics/Characters/!$DPointer01.png; 샘플게임 유래 이미지. 일반 독립 배포 소재 개수에서 제외; 원래 용도 추정 event_or_character_sprite; 개별 저작권 검토 미완료.,819,200,Sample Map VX Ace/Graphics/Characters/!$DPointer01.png,サンプルマップＶＸ Ａｃｅ
!$DUnko01.png,sample_package_image,https://yms.main.jp/dotartworld/page2/samplemap01.html,https://yms.main.jp/dotartworld/vx/sozai/dotartworld_vxasample.zip,!$DUnko01.png,/home/main/.local/share/oprn/pixel-art-world-downloads/sample-game-images/dotartworld_vxasample/Sample Map VX Ace/Graphics/Characters/!$DUnko01.png,72,96,c2f93a93d6250f8b82a90bf7373fa6b9a144da6dd1daca7fa578da53d3a56293,extracted_verified,개인 로컬 수집; 소재 재배포 금지; 공개 작품에 Pixel Art World/ドット絵世界 크레딧. 조건: https://yms.main.jp/dotartworld/page1/rule.html; 샘플 게임 ZIP; 칩셋 개수에 포함하지 않음. RTP/코드/음성 등 혼재할 수 있으며 파일별 저작자 검토 전 범용 배포 금지. 실행하지 않음.; ZIP 중앙목록 및 전체 CRC 확인.; ZIP 내부 PNG만 별도 추출/전체 디코딩 확인. 아카이브 멤버 경로: Sample Map VX Ace/Graphics/Characters/!$DUnko01.png; 샘플게임 유래 이미지. 일반 독립 배포 소재 개수에서 제외; 원래 용도 추정 event_or_character_sprite; 개별 저작권 검토 미완료.,1814,200,Sample Map VX Ace/Graphics/Characters/!$DUnko01.png,サンプルマップＶＸ Ａｃｅ
!$Wallrion01.png,sample_package_image,https://yms.main.jp/dotartworld/page2/samplemap01.html,https://yms.main.jp/dotartworld/vx/sozai/dotartworld_vxasample.zip,!$Wallrion01.png,/home/main/.local/share/oprn/pixel-art-world-downloads/sample-game-images/dotartworld_vxasample/Sample Map VX Ace/Graphics/Characters/!$Wallrion01.png,96,384,51f5f33792ab68a8742488ce3038bb92c1f373d9d44cfad181b0c9d3422fd2d8,extracted_verified,개인 로컬 수집; 소재 재배포 금지; 공개 작품에 Pixel Art World/ドット絵世界 크레딧. 조건: https://yms.main.jp/dotartworld/page1/rule.html; 샘플 게임 ZIP; 칩셋 개수에 포함하지 않음. RTP/코드/음성 등 혼재할 수 있으며 파일별 저작자 검토 전 범용 배포 금지. 실행하지 않음.; ZIP 중앙목록 및 전체 CRC 확인.; ZIP 내부 PNG만 별도 추출/전체 디코딩 확인. 아카이브 멤버 경로: Sample Map VX Ace/Graphics/Characters/!$Wallrion01.png; 샘플게임 유래 이미지. 일반 독립 배포 소재 개수에서 제외; 원래 용도 추정 event_or_character_sprite; 개별 저작권 검토 미완료.,4641,200,Sample Map VX Ace/Graphics/Characters/!$Wallrion01.png,サンプルマップＶＸ Ａｃｅ
!DDoor-Home01.png,sample_package_image,https://yms.main.jp/dotartworld/page2/samplemap01.html,https://yms.main.jp/dotartworld/vx/sozai/dotartworld_vxasample.zip,!DDoor-Home01.png,/home/main/.local/share/oprn/pixel-art-world-downloads/sample-game-images/dotartworld_vxasample/Sample Map VX Ace/Graphics/Characters/!DDoor-Home01.png,384,512,63e950b7484d52ad7b7f80e0167cf2339aeb98e20e047b06b4b29d0239ea8293,extracted_verified,개인 로컬 수집; 소재 재배포 금지; 공개 작품에 Pixel Art World/ドット絵世界 크레딧. 조건: https://yms.main.jp/dotartworld/page1/rule.html; 샘플 게임 ZIP; 칩셋 개수에 포함하지 않음. RTP/코드/음성 등 혼재할 수 있으며 파일별 저작자 검토 전 범용 배포 금지. 실행하지 않음.; ZIP 중앙목록 및 전체 CRC 확인.; ZIP 내부 PNG만 별도 추출/전체 디코딩 확인. 아카이브 멤버 경로: Sample Map VX Ace/Graphics/Characters/!DDoor-Home01.png; 샘플게임 유래 이미지. 일반 독립 배포 소재 개수에서 제외; 원래 용도 추정 event_or_character_sprite; 개별 저작권 검토 미완료.,29538,200,Sample Map VX Ace/Graphics/Characters/!DDoor-Home01.png,サンプルマップＶＸ Ａｃｅ
$DC-Lama01.png,sample_package_image,https://yms.main.jp/dotartworld/page2/samplemap01.html,https://yms.main.jp/dotartworld/vx/sozai/dotartworld_vxasample.zip,$DC-Lama01.png,/home/main/.local/share/oprn/pixel-art-world-downloads/sample-game-images/dotartworld_vxasample/Sample Map VX Ace/Graphics/Characters/$DC-Lama01.png,144,256,c6122fb387826121d0ad41ae8c3d82a0d86c79e7fb800be135e30069bbc3e3bf,extracted_verified,개인 로컬 수집; 소재 재배포 금지; 공개 작품에 Pixel Art World/ドット絵世界 크레딧. 조건: https://yms.main.jp/dotartworld/page1/rule.html; 샘플 게임 ZIP; 칩셋 개수에 포함하지 않음. RTP/코드/음성 등 혼재할 수 있으며 파일별 저작자 검토 전 범용 배포 금지. 실행하지 않음.; ZIP 중앙목록 및 전체 CRC 확인.; ZIP 내부 PNG만 별도 추출/전체 디코딩 확인. 아카이브 멤버 경로: Sample Map VX Ace/Graphics/Characters/$DC-Lama01.png; 샘플게임 유래 이미지. 일반 독립 배포 소재 개수에서 제외; 원래 용도 추정 event_or_character_sprite; 개별 저작권 검토 미완료.,6855,200,Sample Map VX Ace/Graphics/Characters/$DC-Lama01.png,サンプルマップＶＸ Ａｃｅ
A2I-Modern01.png,sample_package_image,https://yms.main.jp/dotartworld/page2/samplemap01.html,https://yms.main.jp/dotartworld/vx/sozai/dotartworld_vxasample.zip,A2I-Modern01.png,/home/main/.local/share/oprn/pixel-art-world-downloads/sample-game-images/dotartworld_vxasample/Sample Map VX Ace/Graphics/Tilesets/A2I-Modern01.png,512,384,d34c064c69d66a2150fd17020dbb596bd35bbcb18e47092fbebca6860dd51347,extracted_verified,개인 로컬 수집; 소재 재배포 금지; 공개 작품에 Pixel Art World/ドット絵世界 크레딧. 조건: https://yms.main.jp/dotartworld/page1/rule.html; 샘플 게임 ZIP; 칩셋 개수에 포함하지 않음. RTP/코드/음성 등 혼재할 수 있으며 파일별 저작자 검토 전 범용 배포 금지. 실행하지 않음.; ZIP 중앙목록 및 전체 CRC 확인.; ZIP 내부 PNG만 별도 추출/전체 디코딩 확인. 아카이브 멤버 경로: Sample Map VX Ace/Graphics/Tilesets/A2I-Modern01.png; 샘플게임 유래 이미지. 일반 독립 배포 소재 개수에서 제외; 원래 용도 추정 tileset; 개별 저작권 검토 미완료.,142685,200,Sample Map VX Ace/Graphics/Tilesets/A2I-Modern01.png,サンプルマップＶＸ Ａｃｅ
A4I-Modern01.png,sample_package_image,https://yms.main.jp/dotartworld/page2/samplemap01.html,https://yms.main.jp/dotartworld/vx/sozai/dotartworld_vxasample.zip,A4I-Modern01.png,/home/main/.local/share/oprn/pixel-art-world-downloads/sample-game-images/dotartworld_vxasample/Sample Map VX Ace/Graphics/Tilesets/A4I-Modern01.png,512,480,669abca60ad96fe7a46e632cf03f3c036b5ea12c46db279492c32459b5473d30,extracted_verified,개인 로컬 수집; 소재 재배포 금지; 공개 작품에 Pixel Art World/ドット絵世界 크레딧. 조건: https://yms.main.jp/dotartworld/page1/rule.html; 샘플 게임 ZIP; 칩셋 개수에 포함하지 않음. RTP/코드/음성 등 혼재할 수 있으며 파일별 저작자 검토 전 범용 배포 금지. 실행하지 않음.; ZIP 중앙목록 및 전체 CRC 확인.; ZIP 내부 PNG만 별도 추출/전체 디코딩 확인. 아카이브 멤버 경로: Sample Map VX Ace/Graphics/Tilesets/A4I-Modern01.png; 샘플게임 유래 이미지. 일반 독립 배포 소재 개수에서 제외; 원래 용도 추정 tileset; 개별 저작권 검토 미완료.,56643,200,Sample Map VX Ace/Graphics/Tilesets/A4I-Modern01.png,サンプルマップＶＸ Ａｃｅ
A5I-Modern01.png,sample_package_image,https://yms.main.jp/dotartworld/page2/samplemap01.html,https://yms.main.jp/dotartworld/vx/sozai/dotartworld_vxasample.zip,A5I-Modern01.png,/home/main/.local/share/oprn/pixel-art-world-downloads/sample-game-images/dotartworld_vxasample/Sample Map VX Ace/Graphics/Tilesets/A5I-Modern01.png,256,512,f9138f3ac2d9ed12d448368586326598bd5ab1d2691e08c351dd01c9feae1608,extracted_verified,개인 로컬 수집; 소재 재배포 금지; 공개 작품에 Pixel Art World/ドット絵世界 크레딧. 조건: https://yms.main.jp/dotartworld/page1/rule.html; 샘플 게임 ZIP; 칩셋 개수에 포함하지 않음. RTP/코드/음성 등 혼재할 수 있으며 파일별 저작자 검토 전 범용 배포 금지. 실행하지 않음.; ZIP 중앙목록 및 전체 CRC 확인.; ZIP 내부 PNG만 별도 추출/전체 디코딩 확인. 아카이브 멤버 경로: Sample Map VX Ace/Graphics/Tilesets/A5I-Modern01.png; 샘플게임 유래 이미지. 일반 독립 배포 소재 개수에서 제외; 원래 용도 추정 tileset; 개별 저작권 검토 미완료.,69878,200,Sample Map VX Ace/Graphics/Tilesets/A5I-Modern01.png,サンプルマップＶＸ Ａｃｅ
BI-Bath01.png,sample_package_image,https://yms.main.jp/dotartworld/page2/samplemap01.html,https://yms.main.jp/dotartworld/vx/sozai/dotartworld_vxasample.zip,BI-Bath01.png,/home/main/.local/share/oprn/pixel-art-world-downloads/sample-game-images/dotartworld_vxasample/Sample Map VX Ace/Graphics/Tilesets/BI-Bath01.png,512,512,ba9335f94ae55415c4b6697488a0931279cf3cdaf2fde97cbcff64c8045b4045,extracted_verified,개인 로컬 수집; 소재 재배포 금지; 공개 작품에 Pixel Art World/ドット絵世界 크레딧. 조건: https://yms.main.jp/dotartworld/page1/rule.html; 샘플 게임 ZIP; 칩셋 개수에 포함하지 않음. RTP/코드/음성 등 혼재할 수 있으며 파일별 저작자 검토 전 범용 배포 금지. 실행하지 않음.; ZIP 중앙목록 및 전체 CRC 확인.; ZIP 내부 PNG만 별도 추출/전체 디코딩 확인. 아카이브 멤버 경로: Sample Map VX Ace/Graphics/Tilesets/BI-Bath01.png; 샘플게임 유래 이미지. 일반 독립 배포 소재 개수에서 제외; 원래 용도 추정 tileset; 개별 저작권 검토 미완료.,98903,200,Sample Map VX Ace/Graphics/Tilesets/BI-Bath01.png,サンプルマップＶＸ Ａｃｅ
BI-Bath02.png,sample_package_image,https://yms.main.jp/dotartworld/page2/samplemap01.html,https://yms.main.jp/dotartworld/vx/sozai/dotartworld_vxasample.zip,BI-Bath02.png,/home/main/.local/share/oprn/pixel-art-world-downloads/sample-game-images/dotartworld_vxasample/Sample Map VX Ace/Graphics/Tilesets/BI-Bath02.png,512,512,733462fbccac4c37a8c99ddde298f6790bfc4043bd0f6ab69c11c5b8e24b2f67,extracted_verified,개인 로컬 수집; 소재 재배포 금지; 공개 작품에 Pixel Art World/ドット絵世界 크레딧. 조건: https://yms.main.jp/dotartworld/page1/rule.html; 샘플 게임 ZIP; 칩셋 개수에 포함하지 않음. RTP/코드/음성 등 혼재할 수 있으며 파일별 저작자 검토 전 범용 배포 금지. 실행하지 않음.; ZIP 중앙목록 및 전체 CRC 확인.; ZIP 내부 PNG만 별도 추출/전체 디코딩 확인. 아카이브 멤버 경로: Sample Map VX Ace/Graphics/Tilesets/BI-Bath02.png; 샘플게임 유래 이미지. 일반 독립 배포 소재 개수에서 제외; 원래 용도 추정 tileset; 개별 저작권 검토 미완료.,87568,200,Sample Map VX Ace/Graphics/Tilesets/BI-Bath02.png,サンプルマップＶＸ Ａｃｅ
BI-ModernB01.png,sample_package_image,https://yms.main.jp/dotartworld/page2/samplemap01.html,https://yms.main.jp/dotartworld/vx/sozai/dotartworld_vxasample.zip,BI-ModernB01.png,/home/main/.local/share/oprn/pixel-art-world-downloads/sample-game-images/dotartworld_vxasample/Sample Map VX Ace/Graphics/Tilesets/BI-ModernB01.png,512,512,39be4a108993991815d7a904087fa661cf5b91f5d262595cd962c2943d7ad96f,extracted_verified,개인 로컬 수집; 소재 재배포 금지; 공개 작품에 Pixel Art World/ドット絵世界 크레딧. 조건: https://yms.main.jp/dotartworld/page1/rule.html; 샘플 게임 ZIP; 칩셋 개수에 포함하지 않음. RTP/코드/음성 등 혼재할 수 있으며 파일별 저작자 검토 전 범용 배포 금지. 실행하지 않음.; ZIP 중앙목록 및 전체 CRC 확인.; ZIP 내부 PNG만 별도 추출/전체 디코딩 확인. 아카이브 멤버 경로: Sample Map VX Ace/Graphics/Tilesets/BI-ModernB01.png; 샘플게임 유래 이미지. 일반 독립 배포 소재 개수에서 제외; 원래 용도 추정 tileset; 개별 저작권 검토 미완료.,93935,200,Sample Map VX Ace/Graphics/Tilesets/BI-ModernB01.png,サンプルマップＶＸ Ａｃｅ
BI-ModernF01.png,sample_package_image,https://yms.main.jp/dotartworld/page2/samplemap01.html,https://yms.main.jp/dotartworld/vx/sozai/dotartworld_vxasample.zip,BI-ModernF01.png,/home/main/.local/share/oprn/pixel-art-world-downloads/sample-game-images/dotartworld_vxasample/Sample Map VX Ace/Graphics/Tilesets/BI-ModernF01.png,512,512,5114937a07aba57d9aaf831b6e05e6117408d22f9c016324762f4ed39ac31fab,extracted_verified,개인 로컬 수집; 소재 재배포 금지; 공개 작품에 Pixel Art World/ドット絵世界 크레딧. 조건: https://yms.main.jp/dotartworld/page1/rule.html; 샘플 게임 ZIP; 칩셋 개수에 포함하지 않음. RTP/코드/음성 등 혼재할 수 있으며 파일별 저작자 검토 전 범용 배포 금지. 실행하지 않음.; ZIP 중앙목록 및 전체 CRC 확인.; ZIP 내부 PNG만 별도 추출/전체 디코딩 확인. 아카이브 멤버 경로: Sample Map VX Ace/Graphics/Tilesets/BI-ModernF01.png; 샘플게임 유래 이미지. 일반 독립 배포 소재 개수에서 제외; 원래 용도 추정 tileset; 개별 저작권 검토 미완료.,114537,200,Sample Map VX Ace/Graphics/Tilesets/BI-ModernF01.png,サンプルマップＶＸ Ａｃｅ
BI-ModernS01.png,sample_package_image,https://yms.main.jp/dotartworld/page2/samplemap01.html,https://yms.main.jp/dotartworld/vx/sozai/dotartworld_vxasample.zip,BI-ModernS01.png,/home/main/.local/share/oprn/pixel-art-world-downloads/sample-game-images/dotartworld_vxasample/Sample Map VX Ace/Graphics/Tilesets/BI-ModernS01.png,512,512,b145d839f15a743a232644c72db2dff8fe0469b1e569e5a139d66860a8932154,extracted_verified,개인 로컬 수집; 소재 재배포 금지; 공개 작품에 Pixel Art World/ドット絵世界 크레딧. 조건: https://yms.main.jp/dotartworld/page1/rule.html; 샘플 게임 ZIP; 칩셋 개수에 포함하지 않음. RTP/코드/음성 등 혼재할 수 있으며 파일별 저작자 검토 전 범용 배포 금지. 실행하지 않음.; ZIP 중앙목록 및 전체 CRC 확인.; ZIP 내부 PNG만 별도 추출/전체 디코딩 확인. 아카이브 멤버 경로: Sample Map VX Ace/Graphics/Tilesets/BI-ModernS01.png; 샘플게임 유래 이미지. 일반 독립 배포 소재 개수에서 제외; 원래 용도 추정 tileset; 개별 저작권 검토 미완료.,118153,200,Sample Map VX Ace/Graphics/Tilesets/BI-ModernS01.png,サンプルマップＶＸ Ａｃｅ
!$PCandle01.png,event_or_character_sprite,https://yms.main.jp/dotartworld/,https://yms.main.jp/dotartworld/vx/sozai/European-StyleHouseSet.zip,!$PCandle01.png,/home/main/.local/share/oprn/pixel-art-world-downloads/archive-images/European-StyleHouseSet/European-StyleHouseSet/Characters/!$PCandle01.png,96,256,96b7f152b12c78b7ebf71611ed9ca2ef8b981792aba4cfbd2ed9475c6d3b3d9b,extracted_verified,개인 로컬 수집; 소재 재배포 금지; 공개 작품에 Pixel Art World/ドット絵世界 크레딧. 조건: https://yms.main.jp/dotartworld/page1/rule.html; ZIP 중앙목록 및 전체 CRC 확인.; ZIP 내부 PNG만 별도 추출/전체 디코딩 확인. 아카이브 멤버 경로: European-StyleHouseSet/Characters/!$PCandle01.png,13448,200,European-StyleHouseSet/Characters/!$PCandle01.png,2016年3月17日
!$PCandle02.png,event_or_character_sprite,https://yms.main.jp/dotartworld/,https://yms.main.jp/dotartworld/vx/sozai/European-StyleHouseSet.zip,!$PCandle02.png,/home/main/.local/share/oprn/pixel-art-world-downloads/archive-images/European-StyleHouseSet/European-StyleHouseSet/Characters/!$PCandle02.png,96,256,cd4ebf700708590d2ae86f4970f5bdc99e1ac944407ace90ff3adc52e0c59e0e,extracted_verified,개인 로컬 수집; 소재 재배포 금지; 공개 작품에 Pixel Art World/ドット絵世界 크레딧. 조건: https://yms.main.jp/dotartworld/page1/rule.html; ZIP 중앙목록 및 전체 CRC 확인.; ZIP 내부 PNG만 별도 추출/전체 디코딩 확인. 아카이브 멤버 경로: European-StyleHouseSet/Characters/!$PCandle02.png,13982,200,European-StyleHouseSet/Characters/!$PCandle02.png,2016年3月17日
!$PCandle03.png,event_or_character_sprite,https://yms.main.jp/dotartworld/,https://yms.main.jp/dotartworld/vx/sozai/European-StyleHouseSet.zip,!$PCandle03.png,/home/main/.local/share/oprn/pixel-art-world-downloads/archive-images/European-StyleHouseSet/European-StyleHouseSet/Characters/!$PCandle03.png,96,256,73ed7d84ba04b830536d1ffa0c2437bc64f1d4059e6d9da3fb46c24216b44441,extracted_verified,개인 로컬 수집; 소재 재배포 금지; 공개 작품에 Pixel Art World/ドット絵世界 크레딧. 조건: https://yms.main.jp/dotartworld/page1/rule.html; ZIP 중앙목록 및 전체 CRC 확인.; ZIP 내부 PNG만 별도 추출/전체 디코딩 확인. 아카이브 멤버 경로: European-StyleHouseSet/Characters/!$PCandle03.png,13498,200,European-StyleHouseSet/Characters/!$PCandle03.png,2016年3月17日
!$PCandle04.png,event_or_character_sprite,https://yms.main.jp/dotartworld/,https://yms.main.jp/dotartworld/vx/sozai/European-StyleHouseSet.zip,!$PCandle04.png,/home/main/.local/share/oprn/pixel-art-world-downloads/archive-images/European-StyleHouseSet/European-StyleHouseSet/Characters/!$PCandle04.png,96,256,761a328a12a4c297051e0dcb91604e7013d3595a1d34646aa330ca8b2fd4daf9,extracted_verified,개인 로컬 수집; 소재 재배포 금지; 공개 작품에 Pixel Art World/ドット絵世界 크레딧. 조건: https://yms.main.jp/dotartworld/page1/rule.html; ZIP 중앙목록 및 전체 CRC 확인.; ZIP 내부 PNG만 별도 추출/전체 디코딩 확인. 아카이브 멤버 경로: European-StyleHouseSet/Characters/!$PCandle04.png,13978,200,European-StyleHouseSet/Characters/!$PCandle04.png,2016年3月17日
!$PFire01.png,event_or_character_sprite,https://yms.main.jp/dotartworld/,https://yms.main.jp/dotartworld/vx/sozai/European-StyleHouseSet.zip,!$PFire01.png,/home/main/.local/share/oprn/pixel-art-world-downloads/archive-images/European-StyleHouseSet/European-StyleHouseSet/Characters/!$PFire01.png,96,128,fca83ebc2d3b0248f14a98d9d72d746f276c2c5a1a4e0286ec5caa93ba1ad182,extracted_verified,개인 로컬 수집; 소재 재배포 금지; 공개 작품에 Pixel Art World/ドット絵世界 크레딧. 조건: https://yms.main.jp/dotartworld/page1/rule.html; ZIP 중앙목록 및 전체 CRC 확인.; ZIP 내부 PNG만 별도 추출/전체 디코딩 확인. 아카이브 멤버 경로: European-StyleHouseSet/Characters/!$PFire01.png,6720,200,European-StyleHouseSet/Characters/!$PFire01.png,2016年3月17日
!$PLight01.png,event_or_character_sprite,https://yms.main.jp/dotartworld/,https://yms.main.jp/dotartworld/vx/sozai/European-StyleHouseSet.zip,!$PLight01.png,/home/main/.local/share/oprn/pixel-art-world-downloads/archive-images/European-StyleHouseSet/European-StyleHouseSet/Characters/!$PLight01.png,96,128,ef678188d1bc4675a13635d164cd7ac1962d9c1b8a648ab7100821f62528f778,extracted_verified,개인 로컬 수집; 소재 재배포 금지; 공개 작품에 Pixel Art World/ドット絵世界 크레딧. 조건: https://yms.main.jp/dotartworld/page1/rule.html; ZIP 중앙목록 및 전체 CRC 확인.; ZIP 내부 PNG만 별도 추출/전체 디코딩 확인. 아카이브 멤버 경로: European-StyleHouseSet/Characters/!$PLight01.png,11081,200,European-StyleHouseSet/Characters/!$PLight01.png,2016年3月17日
EuropeanI-A201.png,tileset,https://yms.main.jp/dotartworld/,https://yms.main.jp/dotartworld/vx/sozai/European-StyleHouseSet.zip,EuropeanI-A201.png,/home/main/.local/share/oprn/pixel-art-world-downloads/archive-images/European-StyleHouseSet/European-StyleHouseSet/EuropeanI-A201.png,512,384,56f1d186c8071b863d134be4adc47a31894500cc99536bd72d31ff54f9a3ec6c,extracted_verified,개인 로컬 수집; 소재 재배포 금지; 공개 작품에 Pixel Art World/ドット絵世界 크레딧. 조건: https://yms.main.jp/dotartworld/page1/rule.html; ZIP 중앙목록 및 전체 CRC 확인.; ZIP 내부 PNG만 별도 추출/전체 디코딩 확인. 아카이브 멤버 경로: European-StyleHouseSet/EuropeanI-A201.png,201743,200,European-StyleHouseSet/EuropeanI-A201.png,2016年3月17日
EuropeanI-A401.png,tileset,https://yms.main.jp/dotartworld/,https://yms.main.jp/dotartworld/vx/sozai/European-StyleHouseSet.zip,EuropeanI-A401.png,/home/main/.local/share/oprn/pixel-art-world-downloads/archive-images/European-StyleHouseSet/European-StyleHouseSet/EuropeanI-A401.png,512,480,31789ae0b5ee68b15c4c720d5a6cbec85b25a0fe0137039e9c6bf682deb16a55,extracted_verified,개인 로컬 수집; 소재 재배포 금지; 공개 작품에 Pixel Art World/ドット絵世界 크레딧. 조건: https://yms.main.jp/dotartworld/page1/rule.html; ZIP 중앙목록 및 전체 CRC 확인.; ZIP 내부 PNG만 별도 추출/전체 디코딩 확인. 아카이브 멤버 경로: European-StyleHouseSet/EuropeanI-A401.png,82220,200,European-StyleHouseSet/EuropeanI-A401.png,2016年3月17日
EuropeanI-B01.png,tileset,https://yms.main.jp/dotartworld/,https://yms.main.jp/dotartworld/vx/sozai/European-StyleHouseSet.zip,EuropeanI-B01.png,/home/main/.local/share/oprn/pixel-art-world-downloads/archive-images/European-StyleHouseSet/European-StyleHouseSet/EuropeanI-B01.png,512,512,f686033f2ab073301116a75820f0b07b8bc61ea66ed2a4dc782d2714f3d16f82,extracted_verified,개인 로컬 수집; 소재 재배포 금지; 공개 작품에 Pixel Art World/ドット絵世界 크레딧. 조건: https://yms.main.jp/dotartworld/page1/rule.html; ZIP 중앙목록 및 전체 CRC 확인.; ZIP 내부 PNG만 별도 추출/전체 디코딩 확인. 아카이브 멤버 경로: European-StyleHouseSet/EuropeanI-B01.png,145491,200,European-StyleHouseSet/EuropeanI-B01.png,2016年3月17日
EuropeanI-C01.png,tileset,https://yms.main.jp/dotartworld/,https://yms.main.jp/dotartworld/vx/sozai/European-StyleHouseSet.zip,EuropeanI-C01.png,/home/main/.local/share/oprn/pixel-art-world-downloads/archive-images/European-StyleHouseSet/European-StyleHouseSet/EuropeanI-C01.png,512,512,b2b5797cb0de219092e6feed54e170be078d862f83e7395b77d45cb47fcc3459,extracted_verified,개인 로컬 수집; 소재 재배포 금지; 공개 작품에 Pixel Art World/ドット絵世界 크레딧. 조건: https://yms.main.jp/dotartworld/page1/rule.html; ZIP 중앙목록 및 전체 CRC 확인.; ZIP 내부 PNG만 별도 추출/전체 디코딩 확인. 아카이브 멤버 경로: European-StyleHouseSet/EuropeanI-C01.png,162958,200,European-StyleHouseSet/EuropeanI-C01.png,2016年3月17日
EuropeanI-D01.png,tileset,https://yms.main.jp/dotartworld/,https://yms.main.jp/dotartworld/vx/sozai/European-StyleHouseSet.zip,EuropeanI-D01.png,/home/main/.local/share/oprn/pixel-art-world-downloads/archive-images/European-StyleHouseSet/European-StyleHouseSet/EuropeanI-D01.png,512,512,6c431f4bdda935cecb9599940cff918c4c21f125c793aabcdf74116000d8177e,extracted_verified,개인 로컬 수집; 소재 재배포 금지; 공개 작품에 Pixel Art World/ドット絵世界 크레딧. 조건: https://yms.main.jp/dotartworld/page1/rule.html; ZIP 중앙목록 및 전체 CRC 확인.; ZIP 내부 PNG만 별도 추출/전체 디코딩 확인. 아카이브 멤버 경로: European-StyleHouseSet/EuropeanI-D01.png,152118,200,European-StyleHouseSet/EuropeanI-D01.png,2016年3月17日
EuropeanI-E01.png,tileset,https://yms.main.jp/dotartworld/,https://yms.main.jp/dotartworld/vx/sozai/European-StyleHouseSet.zip,EuropeanI-E01.png,/home/main/.local/share/oprn/pixel-art-world-downloads/archive-images/European-StyleHouseSet/European-StyleHouseSet/EuropeanI-E01.png,512,512,2b38297dd1bfb0e0fd6f86165b0b9ac52a20e59d2fc097082408435d63578eb2,extracted_verified,개인 로컬 수집; 소재 재배포 금지; 공개 작품에 Pixel Art World/ドット絵世界 크레딧. 조건: https://yms.main.jp/dotartworld/page1/rule.html; ZIP 중앙목록 및 전체 CRC 확인.; ZIP 내부 PNG만 별도 추출/전체 디코딩 확인. 아카이브 멤버 경로: European-StyleHouseSet/EuropeanI-E01.png,85443,200,European-StyleHouseSet/EuropeanI-E01.png,2016年3月17日
ModernI-A501.png,tileset,https://yms.main.jp/dotartworld/,https://yms.main.jp/dotartworld/vx/sozai/European-StyleHouseSet.zip,ModernI-A501.png,/home/main/.local/share/oprn/pixel-art-world-downloads/archive-images/European-StyleHouseSet/European-StyleHouseSet/ModernI-A501.png,256,512,4563db249460d187baa7356e21ea94daf2885ae0e66a697165ea093e0efe093c,extracted_verified,개인 로컬 수집; 소재 재배포 금지; 공개 작품에 Pixel Art World/ドット絵世界 크레딧. 조건: https://yms.main.jp/dotartworld/page1/rule.html; ZIP 중앙목록 및 전체 CRC 확인.; ZIP 내부 PNG만 별도 추출/전체 디코딩 확인. 아카이브 멤버 경로: European-StyleHouseSet/ModernI-A501.png,96803,200,European-StyleHouseSet/ModernI-A501.png,2016年3月17日
