name,category,source_page,download_url,filename,local_path,width,height,sha256,status,notes,bytes,http_status,archive_member,headings
学校外観 — ST-Schl-E01.png,tileset,https://yms.main.jp/dotartworld/page2/tile-school01.html,https://yms.main.jp/dotartworld/sozai/tileset/ST-Schl-E01.png,ST-Schl-E01.png,/home/main/.local/share/oprn/pixel-art-world-downloads/ST-Schl-E01.png,256,1824,39b7b14027c50019479c609e44427163a52f38eef89af4c68ce6e4593a7b616f,reused_verified,"개인 로컬 수집; 소재 재배포 금지; 공개 작품에 Pixel Art World/ドット絵世界 크레딧. 조건: https://yms.main.jp/dotartworld/page1/rule.html; 기존 인덱스 SHA-256 일치, 실제 이미지 전체 디코딩 확인.; PNG 픽셀 디코딩 확인.",127341,,,学校外観
溝 — SA-Ditch01.png,autotile,https://yms.main.jp/dotartworld/page2/tile-school01.html | https://yms.main.jp/dotartworld/page2/tile-conveni01.html,https://yms.main.jp/dotartworld/sozai/autotile/SA-Ditch01.png,SA-Ditch01.png,/home/main/.local/share/oprn/pixel-art-world-downloads/SA-Ditch01.png,384,128,ce6b06ca456e3bae08680d1fb6dad2eada83c9ab78bfdd1fd5895be7a9b9b7dc,reused_verified,"개인 로컬 수집; 소재 재배포 금지; 공개 작품에 Pixel Art World/ドット絵世界 크레딧. 조건: https://yms.main.jp/dotartworld/page1/rule.html; 기존 인덱스 SHA-256 일치, 실제 이미지 전체 디코딩 확인.; PNG 픽셀 디코딩 확인.",4112,,,オートタイル
屋上 — SA-Roof01.png,autotile,https://yms.main.jp/dotartworld/page2/tile-school01.html | https://yms.main.jp/dotartworld/page2/tile-conveni01.html,https://yms.main.jp/dotartworld/sozai/autotile/SA-Roof01.png,SA-Roof01.png,/home/main/.local/share/oprn/pixel-art-world-downloads/SA-Roof01.png,96,128,15d7faf904362bb07108b2e407fb750fd242f1c7db9c4ca2f5f27f2e0aec74bb,reused_verified,"개인 로컬 수집; 소재 재배포 금지; 공개 작품에 Pixel Art World/ドット絵世界 크레딧. 조건: https://yms.main.jp/dotartworld/page1/rule.html; 기존 인덱스 SHA-256 일치, 실제 이미지 전체 디코딩 확인.; PNG 픽셀 디코딩 확인.",965,,,オートタイル
屋上の柵 — SA-Saku01.png,autotile,https://yms.main.jp/dotartworld/page2/tile-school01.html,https://yms.main.jp/dotartworld/sozai/autotile/SA-Saku01.png,SA-Saku01.png,/home/main/.local/share/oprn/pixel-art-world-downloads/SA-Saku01.png,96,128,14025ba78f24984ae8e497fcda90c860795ac993999a48fcd1fe1eca48810dfb,reused_verified,"개인 로컬 수집; 소재 재배포 금지; 공개 작품에 Pixel Art World/ドット絵世界 크레딧. 조건: https://yms.main.jp/dotartworld/page1/rule.html; 기존 인덱스 SHA-256 일치, 실제 이미지 전체 디코딩 확인.; PNG 픽셀 디코딩 확인.",509,,,オートタイル
植え込み — SA-BorderG01.png,autotile,https://yms.main.jp/dotartworld/page2/tile-school01.html | https://yms.main.jp/dotartworld/page2/tile-conveni01.html,https://yms.main.jp/dotartworld/sozai/autotile/SA-BorderG01.png,SA-BorderG01.png,/home/main/.local/share/oprn/pixel-art-world-downloads/SA-BorderG01.png,96,128,f3755cd0c2b6b02a9c162222585b6b3bcceb44f6195a997122b755459fe3da59,reused_verified,"개인 로컬 수집; 소재 재배포 금지; 공개 작품에 Pixel Art World/ドット絵世界 크레딧. 조건: https://yms.main.jp/dotartworld/page1/rule.html; 기존 인덱스 SHA-256 일치, 실제 이미지 전체 디코딩 확인.; PNG 픽셀 디코딩 확인.",1383,,,オートタイル
フェンスの土台 — SA-Concrete02.png,autotile,https://yms.main.jp/dotartworld/page2/tile-school01.html,https://yms.main.jp/dotartworld/sozai/autotile/SA-Concrete02.png,SA-Concrete02.png,/home/main/.local/share/oprn/pixel-art-world-downloads/SA-Concrete02.png,96,128,d3d589e1215cdcca23b17c4a2654d907cd5171e03eb5ec4d23d9ec602a726cad,reused_verified,"개인 로컬 수집; 소재 재배포 금지; 공개 작품에 Pixel Art World/ドット絵世界 크레딧. 조건: https://yms.main.jp/dotartworld/page1/rule.html; 기존 인덱스 SHA-256 일치, 실제 이미지 전체 디코딩 확인.; PNG 픽셀 디코딩 확인.",741,,,オートタイル
花壇 — SA-Kadan01.png,autotile,https://yms.main.jp/dotartworld/page2/tile-school01.html | https://yms.main.jp/dotartworld/page2/tile-park01.html,https://yms.main.jp/dotartworld/sozai/autotile/SA-Kadan01.png,SA-Kadan01.png,/home/main/.local/share/oprn/pixel-art-world-downloads/SA-Kadan01.png,96,128,bc7093707fe1b85ad1755b236531fe26b46f83f21cae463773f2668481ecfdc4,reused_verified,"개인 로컬 수집; 소재 재배포 금지; 공개 작품에 Pixel Art World/ドット絵世界 크레딧. 조건: https://yms.main.jp/dotartworld/page1/rule.html; 기존 인덱스 SHA-256 일치, 실제 이미지 전체 디코딩 확인.; PNG 픽셀 디코딩 확인.",2077,,,オートタイル
校舎外観用ドア — SC-Door-Schl01.png,door_sprite,https://yms.main.jp/dotartworld/page2/tile-school01.html | https://yms.main.jp/dotartworld/page3/door01.html,https://yms.main.jp/dotartworld/sozai/door/SC-Door-Schl01.png,SC-Door-Schl01.png,/home/main/.local/share/oprn/pixel-art-world-downloads/by-source/sozai/door/SC-Door-Schl01.png,384,256,031bb53ec1e2388a9cfda87b9a0f4326cc48ed7543dc28e651b205fabf24a553,downloaded_verified,개인 로컬 수집; 소재 재배포 금지; 공개 작품에 Pixel Art World/ドット絵世界 크레딧. 조건: https://yms.main.jp/dotartworld/page1/rule.html; PNG 픽셀 디코딩 확인.,3963,200,,ドア | 学校
玄関用ドア — SC-Door-Entce01.png,door_sprite,https://yms.main.jp/dotartworld/page2/tile-school01.html | https://yms.main.jp/dotartworld/page3/door01.html,https://yms.main.jp/dotartworld/sozai/door/SC-Door-Entce01.png,SC-Door-Entce01.png,/home/main/.local/share/oprn/pixel-art-world-downloads/by-source/sozai/door/SC-Door-Entce01.png,384,256,af43ea0c42b69c092bb0eaaf55b7f56421fc4db23522e4921436042c21385267,downloaded_verified,개인 로컬 수집; 소재 재배포 금지; 공개 작품에 Pixel Art World/ドット絵世界 크레딧. 조건: https://yms.main.jp/dotartworld/page1/rule.html; PNG 픽셀 디코딩 확인.,3540,200,,ドア | エントランスドア
体育館用ドア — SC-Door-Schl03.png,door_sprite,https://yms.main.jp/dotartworld/page2/tile-school01.html,https://yms.main.jp/dotartworld/sozai/door/SC-Door-Schl03.png,SC-Door-Schl03.png,,,,,http_error,개인 로컬 수집; 소재 재배포 금지; 공개 작품에 Pixel Art World/ドット絵世界 크레딧. 조건: https://yms.main.jp/dotartworld/page1/rule.html; HTTP 404; 문 전용 페이지에 별도 정상 체육관 문 SC-Door-SchlG01.png가 있음. 잘못된 원 링크를 덮어쓰지 않고 별도 행으로 유지.,0,404,,ドア
汎用ドア — SC-Door01.png,door_sprite,https://yms.main.jp/dotartworld/page2/tile-school01.html | https://yms.main.jp/dotartworld/page3/door01.html,https://yms.main.jp/dotartworld/sozai/door/SC-Door01.png,SC-Door01.png,/home/main/.local/share/oprn/pixel-art-world-downloads/by-source/sozai/door/SC-Door01.png,128,256,2fe46a3ef49d4ae6abe2403c93e24bceedfc4a128ea29f0efe5b80382338d86b,downloaded_verified,개인 로컬 수집; 소재 재배포 금지; 공개 작품에 Pixel Art World/ドット絵世界 크레딧. 조건: https://yms.main.jp/dotartworld/page1/rule.html; PNG 픽셀 디코딩 확인.,3232,200,,ドア | 普通のドア
学校内装 — ST-Schl-I01.png,tileset,https://yms.main.jp/dotartworld/page2/tile-school01.html,https://yms.main.jp/dotartworld/sozai/tileset/ST-Schl-I01.png,ST-Schl-I01.png,/home/main/.local/share/oprn/pixel-art-world-downloads/ST-Schl-I01.png,256,1600,b414d79c27779cfa4903f87595cb6406f874deef2c8f324cd0cc99c4f9b630c1,reused_verified,"개인 로컬 수집; 소재 재배포 금지; 공개 작품에 Pixel Art World/ドット絵世界 크레딧. 조건: https://yms.main.jp/dotartworld/page1/rule.html; 기존 인덱스 SHA-256 일치, 실제 이미지 전체 디코딩 확인.; PNG 픽셀 디코딩 확인.",78404,,,学校内装
壁 — SA-Wall01.png,autotile,https://yms.main.jp/dotartworld/page2/tile-school01.html | https://yms.main.jp/dotartworld/page2/tile-library01.html,https://yms.main.jp/dotartworld/sozai/autotile/SA-Wall01.png,SA-Wall01.png,/home/main/.local/share/oprn/pixel-art-world-downloads/SA-Wall01.png,96,128,7732b153bd79758151858409e92b74e49176047e41d5a09f100283dc1e42d861,reused_verified,"개인 로컬 수집; 소재 재배포 금지; 공개 작품에 Pixel Art World/ドット絵世界 크레딧. 조건: https://yms.main.jp/dotartworld/page1/rule.html; 기존 인덱스 SHA-256 일치, 실제 이미지 전체 디코딩 확인.; PNG 픽셀 디코딩 확인.",444,,,オートタイル
マット — SA-Mat01.png,autotile,https://yms.main.jp/dotartworld/page2/tile-school01.html | https://yms.main.jp/dotartworld/page2/tile-library01.html,https://yms.main.jp/dotartworld/sozai/autotile/SA-Mat01.png,SA-Mat01.png,/home/main/.local/share/oprn/pixel-art-world-downloads/SA-Mat01.png,96,128,a322f549ff6b35b11532a1da51a13a51dd79ebd110a3f6af116e00e7e6893683,reused_verified,"개인 로컬 수집; 소재 재배포 금지; 공개 작품에 Pixel Art World/ドット絵世界 크레딧. 조건: https://yms.main.jp/dotartworld/page1/rule.html; 기존 인덱스 SHA-256 일치, 실제 이미지 전체 디코딩 확인.; PNG 픽셀 디코딩 확인.",375,,,オートタイル
リノリウムの床 — SA-Floor02.png,autotile,https://yms.main.jp/dotartworld/page2/tile-school01.html,https://yms.main.jp/dotartworld/sozai/autotile/SA-Floor02.png,SA-Floor02.png,/home/main/.local/share/oprn/pixel-art-world-downloads/SA-Floor02.png,96,128,71649fa46885b07a21c03fb2f08bdd011652ab9185275c90e48f22a8c523b406,reused_verified,"개인 로컬 수집; 소재 재배포 금지; 공개 작품에 Pixel Art World/ドット絵世界 크레딧. 조건: https://yms.main.jp/dotartworld/page1/rule.html; 기존 인덱스 SHA-256 일치, 실제 이미지 전체 디코딩 확인.; PNG 픽셀 디코딩 확인.",1365,,,オートタイル
薄オレンジの床 — SA-Floor05.png,autotile,https://yms.main.jp/dotartworld/page2/tile-school01.html,https://yms.main.jp/dotartworld/sozai/autotile/SA-Floor05.png,SA-Floor05.png,/home/main/.local/share/oprn/pixel-art-world-downloads/SA-Floor05.png,96,128,eee3d654d4f1978c99ab291b9cef9c8e54de3f43e413d8465b33aa9152d626f4,reused_verified,"개인 로컬 수집; 소재 재배포 금지; 공개 작품에 Pixel Art World/ドット絵世界 크레딧. 조건: https://yms.main.jp/dotartworld/page1/rule.html; 기존 인덱스 SHA-256 일치, 실제 이미지 전체 디코딩 확인.; PNG 픽셀 디코딩 확인.",416,,,オートタイル
教壇 — SA-Kyodan01.png,autotile,https://yms.main.jp/dotartworld/page2/tile-school01.html,https://yms.main.jp/dotartworld/sozai/autotile/SA-Kyodan01.png,SA-Kyodan01.png,/home/main/.local/share/oprn/pixel-art-world-downloads/SA-Kyodan01.png,96,128,9f2cadd502a10b79d30a2b42665f778c3c85d5e02f9633d46b1bb6348169777f,reused_verified,"개인 로컬 수집; 소재 재배포 금지; 공개 작품에 Pixel Art World/ドット絵世界 크레딧. 조건: https://yms.main.jp/dotartworld/page1/rule.html; 기존 인덱스 SHA-256 일치, 실제 이미지 전체 디코딩 확인.; PNG 픽셀 디코딩 확인.",1104,,,オートタイル
すのこ — SA-Sunoko02.png,autotile,https://yms.main.jp/dotartworld/page2/tile-school01.html,https://yms.main.jp/dotartworld/sozai/autotile/SA-Sunoko02.png,SA-Sunoko02.png,/home/main/.local/share/oprn/pixel-art-world-downloads/SA-Sunoko02.png,96,128,0eb57527f3f5bc059145399cab23f66a80e10e5690fa70cb03a3262b97d4d638,reused_verified,"개인 로컬 수집; 소재 재배포 금지; 공개 작품에 Pixel Art World/ドット絵世界 크레딧. 조건: https://yms.main.jp/dotartworld/page1/rule.html; 기존 인덱스 SHA-256 일치, 실제 이미지 전체 디코딩 확인.; PNG 픽셀 디코딩 확인.",1122,,,オートタイル
ドア — SC-Door-Schl02.png,door_sprite,https://yms.main.jp/dotartworld/page2/tile-school01.html | https://yms.main.jp/dotartworld/page3/door01.html,https://yms.main.jp/dotartworld/sozai/door/SC-Door-Schl02.png,SC-Door-Schl02.png,/home/main/.local/share/oprn/pixel-art-world-downloads/by-source/sozai/door/SC-Door-Schl02.png,384,256,58c726de2c5d2395c6dffe8439e4c097755689afed54273626e9c355c76c6f69,downloaded_verified,개인 로컬 수집; 소재 재배포 금지; 공개 작품에 Pixel Art World/ドット絵世界 크레딧. 조건: https://yms.main.jp/dotartworld/page1/rule.html; PNG 픽셀 디코딩 확인.,3638,200,,ドア | 学校
特別教室 — ST-Schl-I02.png,tileset,https://yms.main.jp/dotartworld/page2/tile-school02.html,https://yms.main.jp/dotartworld/sozai/tileset/ST-Schl-I02.png,ST-Schl-I02.png,/home/main/.local/share/oprn/pixel-art-world-downloads/ST-Schl-I02.png,256,1600,aafbf9b4292d7c5d34587e4e25dfc4c5cd9818d01a6ce3b05b1c3571735f16da,reused_verified,"개인 로컬 수집; 소재 재배포 금지; 공개 작품에 Pixel Art World/ドット絵世界 크레딧. 조건: https://yms.main.jp/dotartworld/page1/rule.html; 기존 인덱스 SHA-256 일치, 실제 이미지 전체 디코딩 확인.; PNG 픽셀 디코딩 확인.",94655,,,特別教室
体育館 — ST-Schl-Gym.png,tileset,https://yms.main.jp/dotartworld/page2/tile-school02.html,https://yms.main.jp/dotartworld/sozai/tileset/ST-Schl-Gym.png,ST-Schl-Gym.png,/home/main/.local/share/oprn/pixel-art-world-downloads/ST-Schl-Gym.png,256,1600,88ea5da312fecf15098a3a0239b278d23f365ce978d4bbee727584ca24775b81,reused_verified,"개인 로컬 수집; 소재 재배포 금지; 공개 작품에 Pixel Art World/ドット絵世界 크레딧. 조건: https://yms.main.jp/dotartworld/page1/rule.html; 기존 인덱스 SHA-256 일치, 실제 이미지 전체 디코딩 확인.; PNG 픽셀 디코딩 확인.",78896,,,体育館
入学式の差し替え — SPT-Gym01.png,loose_chip_or_prop,https://yms.main.jp/dotartworld/page2/tile-school02.html,https://yms.main.jp/dotartworld/sozai/parts/SPT-Gym01.png,SPT-Gym01.png,/home/main/.local/share/oprn/pixel-art-world-downloads/by-source/sozai/parts/SPT-Gym01.png,64,64,6af034e253606274be5690527dd0cf1b5fde1eed3b588e8540f60d989afe0ab2,downloaded_verified,개인 로컬 수집; 소재 재배포 금지; 공개 작품에 Pixel Art World/ドット絵世界 크레딧. 조건: https://yms.main.jp/dotartworld/page1/rule.html; PNG 픽셀 디코딩 확인.,867,200,,入学式の差し替え
病院 — ST-Hospital-I01.png,tileset,https://yms.main.jp/dotartworld/page2/tile-hospital01.html,https://yms.main.jp/dotartworld/sozai/tileset/ST-Hospital-I01.png,ST-Hospital-I01.png,/home/main/.local/share/oprn/pixel-art-world-downloads/ST-Hospital-I01.png,256,1856,1174a42296b5738d0f2cd7a844d743509194da89c62d3d634150a527c8275d89,reused_verified,"개인 로컬 수집; 소재 재배포 금지; 공개 작품에 Pixel Art World/ドット絵世界 크레딧. 조건: https://yms.main.jp/dotartworld/page1/rule.html; 기존 인덱스 SHA-256 일치, 실제 이미지 전체 디코딩 확인.; PNG 픽셀 디코딩 확인.",103647,,,病院
ドアとカーテン — SC-Door-Entce04.png,door_sprite,https://yms.main.jp/dotartworld/page2/tile-hospital01.html,https://yms.main.jp/dotartworld/sozai/door/SC-Door-Entce04.png,SC-Door-Entce04.png,/home/main/.local/share/oprn/pixel-art-world-downloads/by-source/sozai/door/SC-Door-Entce04.png,384,256,ffa862fac9f47582822281a052dedc38fb55903231aa29453020766969c07258,downloaded_verified,개인 로컬 수집; 소재 재배포 금지; 공개 작품에 Pixel Art World/ドット絵世界 크레딧. 조건: https://yms.main.jp/dotartworld/page1/rule.html; PNG 픽셀 디코딩 확인.,8145,200,,ドアとカーテン
ドアとカーテン — SC-CtainH01.png,event_or_character_sprite,https://yms.main.jp/dotartworld/page2/tile-hospital01.html,https://yms.main.jp/dotartworld/sozai/chara/SC-CtainH01.png,SC-CtainH01.png,/home/main/.local/share/oprn/pixel-art-world-downloads/by-source/sozai/chara/SC-CtainH01.png,384,384,64b6178099f4f79383406effd5c9e743f5c54d5969d14a29f6ccd6582942f63c,downloaded_verified,개인 로컬 수집; 소재 재배포 금지; 공개 작품에 Pixel Art World/ドット絵世界 크레딧. 조건: https://yms.main.jp/dotartworld/page1/rule.html; PNG 픽셀 디코딩 확인.,7221,200,,ドアとカーテン
薬品棚 — SC-Cupboard02.png,event_or_character_sprite,https://yms.main.jp/dotartworld/page2/tile-hospital01.html,https://yms.main.jp/dotartworld/sozai/chara/SC-Cupboard02.png,SC-Cupboard02.png,/home/main/.local/share/oprn/pixel-art-world-downloads/by-source/sozai/chara/SC-Cupboard02.png,128,384,58bcccca2cafc7d67b064e2d4231a844255fbdc82605e9c617d0bda54dc0dbc4,downloaded_verified,개인 로컬 수집; 소재 재배포 금지; 공개 작품에 Pixel Art World/ドット絵世界 크레딧. 조건: https://yms.main.jp/dotartworld/page1/rule.html; PNG 픽셀 디코딩 확인.,4331,200,,薬品棚
オフィス内装 — ST-Office-I01.png,tileset,https://yms.main.jp/dotartworld/page2/tile-office01.html,https://yms.main.jp/dotartworld/sozai/tileset/ST-Office-I01.png,ST-Office-I01.png,/home/main/.local/share/oprn/pixel-art-world-downloads/ST-Office-I01.png,256,1856,800110f7768bfea83614cb7431f9048af0204b84db30d0e2482345a3fdbc85e0,reused_verified,"개인 로컬 수집; 소재 재배포 금지; 공개 작품에 Pixel Art World/ドット絵世界 크레딧. 조건: https://yms.main.jp/dotartworld/page1/rule.html; 기존 인덱스 SHA-256 일치, 실제 이미지 전체 디코딩 확인.; PNG 픽셀 디코딩 확인.",83326,,,オフィス内装
ガラステーブル — gtaible.png,loose_chip_or_prop,https://yms.main.jp/dotartworld/page2/tile-office01.html,https://yms.main.jp/dotartworld/sozai/chips/gtaible.png,gtaible.png,/home/main/.local/share/oprn/pixel-art-world-downloads/by-source/sozai/chips/gtaible.png,160,96,49b89c7180841a78be70fe9fd2277fc4fd33952922ee1b2b1f7902b377fccc36,downloaded_verified,개인 로컬 수집; 소재 재배포 금지; 공개 작품에 Pixel Art World/ドット絵世界 크레딧. 조건: https://yms.main.jp/dotartworld/page1/rule.html; PNG 픽셀 디코딩 확인.,969,200,,ガラステーブル
図書館 — ST-Libry-I01.png,tileset,https://yms.main.jp/dotartworld/page2/tile-library01.html,https://yms.main.jp/dotartworld/sozai/tileset/ST-Libry-I01.png,ST-Libry-I01.png,/home/main/.local/share/oprn/pixel-art-world-downloads/ST-Libry-I01.png,256,1600,9165bc9e9db4c24369ce511cd5d93fe1ba2f7a32cfaa491f9d933ad9b52183e3,reused_verified,"개인 로컬 수집; 소재 재배포 금지; 공개 작품에 Pixel Art World/ドット絵世界 크레딧. 조건: https://yms.main.jp/dotartworld/page1/rule.html; 기존 인덱스 SHA-256 일치, 실제 이미지 전체 디코딩 확인.; PNG 픽셀 디코딩 확인.",74685,,,図書館
ドア — SC-Door-Arch01.png,door_sprite,https://yms.main.jp/dotartworld/page2/tile-library01.html | https://yms.main.jp/dotartworld/page3/door01.html,https://yms.main.jp/dotartworld/sozai/door/SC-Door-Arch01.png,SC-Door-Arch01.png,/home/main/.local/share/oprn/pixel-art-world-downloads/by-source/sozai/door/SC-Door-Arch01.png,384,384,561a82aa4b9453404e4c26db2eb0d1f2cf7e40063e5a5ab330f747cd7d580f9e,downloaded_verified,개인 로컬 수집; 소재 재배포 금지; 공개 작품에 Pixel Art World/ドット絵世界 크레딧. 조건: https://yms.main.jp/dotartworld/page1/rule.html; PNG 픽셀 디코딩 확인.,11149,200,,ドア | アーチ型の扉
ドア — SC-Door-AutoAW.png,door_sprite,https://yms.main.jp/dotartworld/page2/tile-library01.html | https://yms.main.jp/dotartworld/page3/door01.html,https://yms.main.jp/dotartworld/sozai/door/SC-Door-AutoAW.png,SC-Door-AutoAW.png,/home/main/.local/share/oprn/pixel-art-world-downloads/by-source/sozai/door/SC-Door-AutoAW.png,512,256,2b87e1353a4b32fe393be49e539f0c6bc003cea24e5b9b2e87945dfb022f4f96,downloaded_verified,개인 로컬 수집; 소재 재배포 금지; 공개 작품에 Pixel Art World/ドット絵世界 크레딧. 조건: https://yms.main.jp/dotartworld/page1/rule.html; PNG 픽셀 디코딩 확인.,7536,200,,ドア | 自動ドア
トイレ — ST-Toilet-I01.png,tileset,https://yms.main.jp/dotartworld/page2/tile-toilet01.html,https://yms.main.jp/dotartworld/sozai/tileset/ST-Toilet-I01.png,ST-Toilet-I01.png,/home/main/.local/share/oprn/pixel-art-world-downloads/ST-Toilet-I01.png,256,1376,a5deca7b104a16b86e8a27ea80f890497fba84fc99c04b22f0b744c19a5813be,reused_verified,"개인 로컬 수집; 소재 재배포 금지; 공개 작품에 Pixel Art World/ドット絵世界 크레딧. 조건: https://yms.main.jp/dotartworld/page1/rule.html; 기존 인덱스 SHA-256 일치, 실제 이미지 전체 디코딩 확인.; PNG 픽셀 디코딩 확인.",63098,,,トイレ
ドア — SC-Door-Tolt01.png,door_sprite,https://yms.main.jp/dotartworld/page2/tile-toilet01.html | https://yms.main.jp/dotartworld/page3/door01.html,https://yms.main.jp/dotartworld/sozai/door/SC-Door-Tolt01.png,SC-Door-Tolt01.png,/home/main/.local/share/oprn/pixel-art-world-downloads/by-source/sozai/door/SC-Door-Tolt01.png,128,384,7e6f65bf0915497bb21879f3c82f82d33820949013925396494e11a68346a62c,downloaded_verified,개인 로컬 수집; 소재 재배포 금지; 공개 작품에 Pixel Art World/ドット絵世界 크레딧. 조건: https://yms.main.jp/dotartworld/page1/rule.html; PNG 픽셀 디코딩 확인.,3812,200,,ドア | トイレ
ドア — SC-Door-Tolt02.png,door_sprite,https://yms.main.jp/dotartworld/page2/tile-toilet01.html | https://yms.main.jp/dotartworld/page3/door01.html,https://yms.main.jp/dotartworld/sozai/door/SC-Door-Tolt02.png,SC-Door-Tolt02.png,/home/main/.local/share/oprn/pixel-art-world-downloads/by-source/sozai/door/SC-Door-Tolt02.png,128,384,b62b65ca038e857ac0c92eef75ca0ea1f11a4d553c4a9c78d49b53af7e1fa435,downloaded_verified,개인 로컬 수집; 소재 재배포 금지; 공개 작품에 Pixel Art World/ドット絵世界 크레딧. 조건: https://yms.main.jp/dotartworld/page1/rule.html; PNG 픽셀 디코딩 확인.,2829,200,,ドア | トイレ
コンビニ外観 — ST-Convi-E01.png,tileset,https://yms.main.jp/dotartworld/page2/tile-conveni01.html,https://yms.main.jp/dotartworld/sozai/tileset/ST-Convi-E01.png,ST-Convi-E01.png,/home/main/.local/share/oprn/pixel-art-world-downloads/ST-Convi-E01.png,256,1728,52c0e10cf764d8de1e8c816f56ec1a1729ea9b7353297ed8c21640af6f2fccde,reused_verified,"개인 로컬 수집; 소재 재배포 금지; 공개 작품에 Pixel Art World/ドット絵世界 크레딧. 조건: https://yms.main.jp/dotartworld/page1/rule.html; 기존 인덱스 SHA-256 일치, 실제 이미지 전체 디코딩 확인.; PNG 픽셀 디코딩 확인.",115422,,,コンビニ外観
信号 — SPT-Signal01.png,loose_chip_or_prop,https://yms.main.jp/dotartworld/page2/tile-conveni01.html,https://yms.main.jp/dotartworld/sozai/parts/SPT-Signal01.png,SPT-Signal01.png,/home/main/.local/share/oprn/pixel-art-world-downloads/by-source/sozai/parts/SPT-Signal01.png,128,256,e06f1bf5bfe173ec4bcd32540523da4c03ed57b71748b12f876092a5079c8fb5,downloaded_verified,개인 로컬 수집; 소재 재배포 금지; 공개 작품에 Pixel Art World/ドット絵世界 크레딧. 조건: https://yms.main.jp/dotartworld/page1/rule.html; PNG 픽셀 디코딩 확인.,3087,200,,信号
屋上2 — SA-Roof02.png,autotile,https://yms.main.jp/dotartworld/page2/tile-conveni01.html,https://yms.main.jp/dotartworld/sozai/autotile/SA-Roof02.png,SA-Roof02.png,/home/main/.local/share/oprn/pixel-art-world-downloads/SA-Roof02.png,96,128,aeda7393c7487ad44f56349d57005c5b58419c5ac0864b566b2497850339a870,reused_verified,"개인 로컬 수집; 소재 재배포 금지; 공개 작품에 Pixel Art World/ドット絵世界 크레딧. 조건: https://yms.main.jp/dotartworld/page1/rule.html; 기존 인덱스 SHA-256 일치, 실제 이미지 전체 디코딩 확인.; PNG 픽셀 디코딩 확인.",840,,,オートタイル
ドア — SC-Door-Convi01.png,door_sprite,https://yms.main.jp/dotartworld/page2/tile-conveni01.html | https://yms.main.jp/dotartworld/page3/door01.html,https://yms.main.jp/dotartworld/sozai/door/SC-Door-Convi01.png,SC-Door-Convi01.png,/home/main/.local/share/oprn/pixel-art-world-downloads/by-source/sozai/door/SC-Door-Convi01.png,384,256,e3a0b82c18d56f83267bb6382798f5bd5a0d10af5c64c768deb6bb63daa5b945,downloaded_verified,개인 로컬 수집; 소재 재배포 금지; 공개 작품에 Pixel Art World/ドット絵世界 크레딧. 조건: https://yms.main.jp/dotartworld/page1/rule.html; PNG 픽셀 디코딩 확인.,4963,200,,ドア | コンビニ用ドア
ドア — SC-Door-Convi02.png,door_sprite,https://yms.main.jp/dotartworld/page2/tile-conveni01.html | https://yms.main.jp/dotartworld/page3/door01.html,https://yms.main.jp/dotartworld/sozai/door/SC-Door-Convi02.png,SC-Door-Convi02.png,/home/main/.local/share/oprn/pixel-art-world-downloads/by-source/sozai/door/SC-Door-Convi02.png,512,256,cc4185df5b21454514a47905586711fdfea161a9810d8f6e7dab7f36d54c2fb5,downloaded_verified,개인 로컬 수집; 소재 재배포 금지; 공개 작품에 Pixel Art World/ドット絵世界 크레딧. 조건: https://yms.main.jp/dotartworld/page1/rule.html; PNG 픽셀 디코딩 확인.,5420,200,,ドア | コンビニ用ドア
のぼり1 — SC-Nobori01.png,event_or_character_sprite,https://yms.main.jp/dotartworld/page2/tile-conveni01.html | https://yms.main.jp/dotartworld/page3/chara01.html,https://yms.main.jp/dotartworld/sozai/chara/SC-Nobori01.png,SC-Nobori01.png,/home/main/.local/share/oprn/pixel-art-world-downloads/by-source/sozai/chara/SC-Nobori01.png,128,256,9e23be719d6d465d8fd59073a7f39a858c3b97fda672da4a28080ea3a24902dd,downloaded_verified,개인 로컬 수집; 소재 재배포 금지; 공개 작품에 Pixel Art World/ドット絵世界 크레딧. 조건: https://yms.main.jp/dotartworld/page1/rule.html; PNG 픽셀 디코딩 확인.,3239,200,,キャラクター素材 | のぼり
のぼり2 — SC-Nobori02.png,event_or_character_sprite,https://yms.main.jp/dotartworld/page2/tile-conveni01.html | https://yms.main.jp/dotartworld/page3/chara01.html,https://yms.main.jp/dotartworld/sozai/chara/SC-Nobori02.png,SC-Nobori02.png,/home/main/.local/share/oprn/pixel-art-world-downloads/by-source/sozai/chara/SC-Nobori02.png,128,256,90e27184f03e9260d0983e238be056cfa02df84d1a10b2f40b33931c81fb80a8,downloaded_verified,개인 로컬 수집; 소재 재배포 금지; 공개 작품에 Pixel Art World/ドット絵世界 크레딧. 조건: https://yms.main.jp/dotartworld/page1/rule.html; PNG 픽셀 디코딩 확인.,3254,200,,キャラクター素材 | のぼり
のぼり3 — SC-Nobori03.png,event_or_character_sprite,https://yms.main.jp/dotartworld/page2/tile-conveni01.html | https://yms.main.jp/dotartworld/page3/chara01.html,https://yms.main.jp/dotartworld/sozai/chara/SC-Nobori03.png,SC-Nobori03.png,/home/main/.local/share/oprn/pixel-art-world-downloads/by-source/sozai/chara/SC-Nobori03.png,128,256,a15198fb0c6eba82c9bb0e38b1a36b8bb0eb53b1a07fc6324205d30564a1f527,downloaded_verified,개인 로컬 수집; 소재 재배포 금지; 공개 작품에 Pixel Art World/ドット絵世界 크레딧. 조건: https://yms.main.jp/dotartworld/page1/rule.html; PNG 픽셀 디코딩 확인.,2444,200,,キャラクター素材 | のぼり
自動販売機 — SC-VdgMacine01.png,event_or_character_sprite,https://yms.main.jp/dotartworld/page2/tile-conveni01.html | https://yms.main.jp/dotartworld/page3/chara02.html,https://yms.main.jp/dotartworld/sozai/chara/SC-VdgMacine01.png,SC-VdgMacine01.png,/home/main/.local/share/oprn/pixel-art-world-downloads/by-source/sozai/chara/SC-VdgMacine01.png,128,384,f49e134f71f86e51ba8a57d0a157d7b742505a863656c6f6705fcdaec6b4e9f5,downloaded_verified,개인 로컬 수집; 소재 재배포 금지; 공개 작품에 Pixel Art World/ドット絵世界 크레딧. 조건: https://yms.main.jp/dotartworld/page1/rule.html; PNG 픽셀 디코딩 확인.,8881,200,,キャラクター素材 | 自動販売機
コンビニ内装 — ST-Convi-I01.png,tileset,https://yms.main.jp/dotartworld/page2/tile-conveni01.html,https://yms.main.jp/dotartworld/sozai/tileset/ST-Convi-I01.png,ST-Convi-I01.png,/home/main/.local/share/oprn/pixel-art-world-downloads/ST-Convi-I01.png,256,1280,6725e647d6007ab7bca5f4a9f2f784c7433bac672fdd01e649bf6cb544773d77,reused_verified,"개인 로컬 수집; 소재 재배포 금지; 공개 작품에 Pixel Art World/ドット絵世界 크레딧. 조건: https://yms.main.jp/dotartworld/page1/rule.html; 기존 인덱스 SHA-256 일치, 실제 이미지 전체 디코딩 확인.; PNG 픽셀 디코딩 확인.",67459,,,コンビニ内装
民家内装－キッチン、リビング、ダイニング等 — ST-Town-I01.png,tileset,https://yms.main.jp/dotartworld/page2/tile-townI01.html,https://yms.main.jp/dotartworld/sozai/tileset/ST-Town-I01.png,ST-Town-I01.png,/home/main/.local/share/oprn/pixel-art-world-downloads/ST-Town-I01.png,256,1600,9a3979e957a8094644046b32267077364a476511efbfa5807a39156fa5c10c48,reused_verified,"개인 로컬 수집; 소재 재배포 금지; 공개 작품에 Pixel Art World/ドット絵世界 크레딧. 조건: https://yms.main.jp/dotartworld/page1/rule.html; 기존 인덱스 SHA-256 일치, 실제 이미지 전체 디코딩 확인.; PNG 픽셀 디코딩 확인.",83020,,,民家内装－キッチン、リビング、ダイニング等
食器棚と本棚 — SC-Cupboard01.png,event_or_character_sprite,https://yms.main.jp/dotartworld/page2/tile-townI01.html | https://yms.main.jp/dotartworld/page3/chara01.html,https://yms.main.jp/dotartworld/sozai/chara/SC-Cupboard01.png,SC-Cupboard01.png,/home/main/.local/share/oprn/pixel-art-world-downloads/by-source/sozai/chara/SC-Cupboard01.png,384,384,74bdd024677f3cc9ec8bf4cd9d13f9011f543e6118ea934303a6f72f2d5a6144,downloaded_verified,개인 로컬 수집; 소재 재배포 금지; 공개 작품에 Pixel Art World/ドット絵世界 크레딧. 조건: https://yms.main.jp/dotartworld/page1/rule.html; PNG 픽셀 디코딩 확인.,10564,200,,食器棚と本棚 | 棚
キッチン色違い — SPT-kitchen01.png,loose_chip_or_prop,https://yms.main.jp/dotartworld/page2/tile-townI01.html,https://yms.main.jp/dotartworld/sozai/parts/SPT-kitchen01.png,SPT-kitchen01.png,/home/main/.local/share/oprn/pixel-art-world-downloads/by-source/sozai/parts/SPT-kitchen01.png,192,256,2b4d4a5a408eb347b37e5d946eff7f0cc56e2a02625e91c52e2ac3fcc40e0246,downloaded_verified,개인 로컬 수집; 소재 재배포 금지; 공개 작품에 Pixel Art World/ドット絵世界 크레딧. 조건: https://yms.main.jp/dotartworld/page1/rule.html; PNG 픽셀 디코딩 확인.,2870,200,,キッチン色違い
浴室 — ST-Bath-I01.png,tileset,https://yms.main.jp/dotartworld/page2/tile-townI01.html,https://yms.main.jp/dotartworld/sozai/tileset/ST-Bath-I01.png,ST-Bath-I01.png,/home/main/.local/share/oprn/pixel-art-world-downloads/ST-Bath-I01.png,256,768,e66dd50e1782d9c39013a04b9d96899c1e0b75ae0e08e0c6ea32ec29fa6db00d,reused_verified,"개인 로컬 수집; 소재 재배포 금지; 공개 작품에 Pixel Art World/ドット絵世界 크레딧. 조건: https://yms.main.jp/dotartworld/page1/rule.html; 기존 인덱스 SHA-256 일치, 실제 이미지 전체 디코딩 확인.; PNG 픽셀 디코딩 확인.",34464,,,浴室
男の子用の部屋 — ST-Room-I01.png,tileset,https://yms.main.jp/dotartworld/page2/tile-rooms01.html,https://yms.main.jp/dotartworld/sozai/tileset/ST-Room-I01.png,ST-Room-I01.png,/home/main/.local/share/oprn/pixel-art-world-downloads/ST-Room-I01.png,256,1120,455f8b8a61b90c8473f5c08fe88d74646e8028f756bd24ec08b9c6cbc176ef31,reused_verified,"개인 로컬 수집; 소재 재배포 금지; 공개 작품에 Pixel Art World/ドット絵世界 크레딧. 조건: https://yms.main.jp/dotartworld/page1/rule.html; 기존 인덱스 SHA-256 일치, 실제 이미지 전체 디코딩 확인.; PNG 픽셀 디코딩 확인.",24667,,,男の子用の部屋
女の子用の部屋 — ST-Room-I02.png,tileset,https://yms.main.jp/dotartworld/page2/tile-rooms01.html,https://yms.main.jp/dotartworld/sozai/tileset/ST-Room-I02.png,ST-Room-I02.png,/home/main/.local/share/oprn/pixel-art-world-downloads/ST-Room-I02.png,256,1120,b94a5703252be70960bf3bbd6626a9a96d57f7c8c8efc2c2db9d00d13cd206f5,reused_verified,"개인 로컬 수집; 소재 재배포 금지; 공개 작품에 Pixel Art World/ドット絵世界 크레딧. 조건: https://yms.main.jp/dotartworld/page1/rule.html; 기존 인덱스 SHA-256 일치, 실제 이미지 전체 디코딩 확인.; PNG 픽셀 디코딩 확인.",66201,,,女の子用の部屋
ドア — SC-DoorI01.png,door_sprite,https://yms.main.jp/dotartworld/page2/tile-rooms01.html,https://yms.main.jp/dotartworld/sozai/door/SC-DoorI01.png,SC-DoorI01.png,/home/main/.local/share/oprn/pixel-art-world-downloads/by-source/sozai/door/SC-DoorI01.png,128,256,aa99533a4c4cc944ab8863a84b17f3a44ad718e83e3cf275ba4bea8632971d80,downloaded_verified,개인 로컬 수집; 소재 재배포 금지; 공개 작품에 Pixel Art World/ドット絵世界 크레딧. 조건: https://yms.main.jp/dotartworld/page1/rule.html; PNG 픽셀 디코딩 확인.,4236,200,,ドア
町外観 — ST-Town-E01.png,tileset,https://yms.main.jp/dotartworld/page2/tile-townE01.html,https://yms.main.jp/dotartworld/sozai/tileset/ST-Town-E01.png,ST-Town-E01.png,/home/main/.local/share/oprn/pixel-art-world-downloads/ST-Town-E01.png,256,1600,d28c556e346a833c14caf3e4668bf1fcec67c7862bc7b63f9b2279207fe7a13e,reused_verified,"개인 로컬 수집; 소재 재배포 금지; 공개 작품에 Pixel Art World/ドット絵世界 크레딧. 조건: https://yms.main.jp/dotartworld/page1/rule.html; 기존 인덱스 SHA-256 일치, 실제 이미지 전체 디코딩 확인.; PNG 픽셀 디코딩 확인.",108847,,,町外観
オートタイル — SA-Ditch02.png,autotile,https://yms.main.jp/dotartworld/page2/tile-townE01.html | https://yms.main.jp/dotartworld/page2/tile-sewer01.html,https://yms.main.jp/dotartworld/sozai/autotile/SA-Ditch02.png,SA-Ditch02.png,/home/main/.local/share/oprn/pixel-art-world-downloads/SA-Ditch02.png,384,128,1807918dbe8edb5cc53cf4415d6a01939343992dde376733d59671256ed4a9cc,reused_verified,"개인 로컬 수집; 소재 재배포 금지; 공개 작품에 Pixel Art World/ドット絵世界 크레딧. 조건: https://yms.main.jp/dotartworld/page1/rule.html; 기존 인덱스 SHA-256 일치, 실제 이미지 전체 디코딩 확인.; PNG 픽셀 디코딩 확인.",7081,,,オートタイル
木造校舎外観 — ST-Schl-WE01.png,tileset,https://yms.main.jp/dotartworld/page2/tile-schoolw01.html,https://yms.main.jp/dotartworld/sozai/tileset/ST-Schl-WE01.png,ST-Schl-WE01.png,/home/main/.local/share/oprn/pixel-art-world-downloads/ST-Schl-WE01.png,256,1600,36e5f775678a47a27e785620a07ee1c4ba9d67f5a59a6c60d5e230e1ed554970,reused_verified,"개인 로컬 수집; 소재 재배포 금지; 공개 작품에 Pixel Art World/ドット絵世界 크레딧. 조건: https://yms.main.jp/dotartworld/page1/rule.html; 기존 인덱스 SHA-256 일치, 실제 이미지 전체 디코딩 확인.; PNG 픽셀 디코딩 확인.",54461,,,木造校舎外観
ドア — SC-Door-SchlW01.png,door_sprite,https://yms.main.jp/dotartworld/page2/tile-schoolw01.html | https://yms.main.jp/dotartworld/page3/door01.html,https://yms.main.jp/dotartworld/sozai/door/SC-Door-SchlW01.png,SC-Door-SchlW01.png,/home/main/.local/share/oprn/pixel-art-world-downloads/by-source/sozai/door/SC-Door-SchlW01.png,384,256,d51080c0619dde1c6363fdbe8aa4f3ce4808941b2e89c49c92100d81b30d6be8,downloaded_verified,개인 로컬 수집; 소재 재배포 금지; 공개 작품에 Pixel Art World/ドット絵世界 크레딧. 조건: https://yms.main.jp/dotartworld/page1/rule.html; PNG 픽셀 디코딩 확인.,6259,200,,ドア | 木造校舎用
木造校舎内装 — ST-Schl-WI01.png,tileset,https://yms.main.jp/dotartworld/page2/tile-schoolw01.html,https://yms.main.jp/dotartworld/sozai/tileset/ST-Schl-WI01.png,ST-Schl-WI01.png,/home/main/.local/share/oprn/pixel-art-world-downloads/ST-Schl-WI01.png,256,1600,3375238abee35db986b562fdd06f0f75dba6d61949218212d9d8e3a0bf1fb37d,reused_verified,"개인 로컬 수집; 소재 재배포 금지; 공개 작품에 Pixel Art World/ドット絵世界 크레딧. 조건: https://yms.main.jp/dotartworld/page1/rule.html; 기존 인덱스 SHA-256 일치, 실제 이미지 전체 디코딩 확인.; PNG 픽셀 디코딩 확인.",84588,,,木造校舎内装
ドア — SC-Door-SchlW02.png,door_sprite,https://yms.main.jp/dotartworld/page2/tile-schoolw01.html | https://yms.main.jp/dotartworld/page3/door01.html,https://yms.main.jp/dotartworld/sozai/door/SC-Door-SchlW02.png,SC-Door-SchlW02.png,/home/main/.local/share/oprn/pixel-art-world-downloads/by-source/sozai/door/SC-Door-SchlW02.png,384,256,9e057ad8ef9b7b9df6f7a7a65849b9437f15bec849f785cae905cbe827ddbceb,downloaded_verified,개인 로컬 수집; 소재 재배포 금지; 공개 작품에 Pixel Art World/ドット絵世界 크레딧. 조건: https://yms.main.jp/dotartworld/page1/rule.html; PNG 픽셀 디코딩 확인.,5666,200,,ドア | 木造校舎用
その他 — SPT-WSchool01.png,loose_chip_or_prop,https://yms.main.jp/dotartworld/page2/tile-schoolw01.html,https://yms.main.jp/dotartworld/sozai/parts/SPT-WSchool01.png,SPT-WSchool01.png,/home/main/.local/share/oprn/pixel-art-world-downloads/by-source/sozai/parts/SPT-WSchool01.png,256,128,a82593f305af4689b6b152632dfe23d771883699b473801aa4a1e91f919c9ab8,downloaded_verified,개인 로컬 수집; 소재 재배포 금지; 공개 작품에 Pixel Art World/ドット絵世界 크레딧. 조건: https://yms.main.jp/dotartworld/page1/rule.html; PNG 픽셀 디코딩 확인.,2228,200,,その他
木造特別教室 — ST-Schl-WI02.png,tileset,https://yms.main.jp/dotartworld/page2/tile-schoolw01.html,https://yms.main.jp/dotartworld/sozai/tileset/ST-Schl-WI02.png,ST-Schl-WI02.png,/home/main/.local/share/oprn/pixel-art-world-downloads/ST-Schl-WI02.png,256,1600,488bc886b47f74d32df66383c049a30c8d38151d3fefa12571010ae0c8c22418,reused_verified,"개인 로컬 수집; 소재 재배포 금지; 공개 작품에 Pixel Art World/ドット絵世界 크레딧. 조건: https://yms.main.jp/dotartworld/page1/rule.html; 기존 인덱스 SHA-256 일치, 실제 이미지 전체 디코딩 확인.; PNG 픽셀 디코딩 확인.",43807,,,木造特別教室
公園 — ST-Park-E01.png,tileset,https://yms.main.jp/dotartworld/page2/tile-park01.html,https://yms.main.jp/dotartworld/sozai/tileset/ST-Park-E01.png,ST-Park-E01.png,/home/main/.local/share/oprn/pixel-art-world-downloads/ST-Park-E01.png,256,1600,4becd0ccc997e22003dc8a0f6fb8a6cc12379d14c004d9f744d9b4d0b07ad62e,reused_verified,"개인 로컬 수집; 소재 재배포 금지; 공개 작품에 Pixel Art World/ドット絵世界 크레딧. 조건: https://yms.main.jp/dotartworld/page1/rule.html; 기존 인덱스 SHA-256 일치, 실제 이미지 전체 디코딩 확인.; PNG 픽셀 디코딩 확인.",135390,,,公園
オートタイル — SA-Concrete03.png,autotile,https://yms.main.jp/dotartworld/page2/tile-park01.html,https://yms.main.jp/dotartworld/sozai/autotile/SA-Concrete03.png,SA-Concrete03.png,/home/main/.local/share/oprn/pixel-art-world-downloads/SA-Concrete03.png,96,128,016edc7b7572e20684cfa259e383312619d7ed4d52b55db3d4bb44b67c6aa1c0,reused_verified,"개인 로컬 수집; 소재 재배포 금지; 공개 작품에 Pixel Art World/ドット絵世界 크레딧. 조건: https://yms.main.jp/dotartworld/page1/rule.html; 기존 인덱스 SHA-256 일치, 실제 이미지 전체 디코딩 확인.; PNG 픽셀 디코딩 확인.",970,,,オートタイル
オートタイル — SA-Roof04.png,autotile,https://yms.main.jp/dotartworld/page2/tile-park01.html,https://yms.main.jp/dotartworld/sozai/autotile/SA-Roof04.png,SA-Roof04.png,/home/main/.local/share/oprn/pixel-art-world-downloads/SA-Roof04.png,96,128,66339559aa492af2d0cc973c7fce0e99ff73ab031a95abcb864c3a71bc9c3a3b,reused_verified,"개인 로컬 수집; 소재 재배포 금지; 공개 작품에 Pixel Art World/ドット絵世界 크레딧. 조건: https://yms.main.jp/dotartworld/page1/rule.html; 기존 인덱스 SHA-256 일치, 실제 이미지 전체 디코딩 확인.; PNG 픽셀 디코딩 확인.",1944,,,オートタイル
下水道 — ST-Sewer-01.png,tileset,https://yms.main.jp/dotartworld/page2/tile-sewer01.html,https://yms.main.jp/dotartworld/sozai/tileset/ST-Sewer-01.png,ST-Sewer-01.png,/home/main/.local/share/oprn/pixel-art-world-downloads/ST-Sewer-01.png,256,1504,7850f1bc6d82ac8a9947df171e733ddde6614599bd9c6d950e4774deef3b1e1e,reused_verified,"개인 로컬 수집; 소재 재배포 금지; 공개 작품에 Pixel Art World/ドット絵世界 크레딧. 조건: https://yms.main.jp/dotartworld/page1/rule.html; 기존 인덱스 SHA-256 일치, 실제 이미지 전체 디코딩 확인.; PNG 픽셀 디코딩 확인.",88552,,,下水道
オートタイル — SA-Pool01.png,autotile,https://yms.main.jp/dotartworld/page2/tile-sewer01.html,https://yms.main.jp/dotartworld/sozai/autotile/SA-Pool01.png,SA-Pool01.png,/home/main/.local/share/oprn/pixel-art-world-downloads/SA-Pool01.png,96,128,c5d667991f48e48c9ec3ac09ae4e072370e0d6358cc2f10452c4b8c3f9b16b17,reused_verified,"개인 로컬 수집; 소재 재배포 금지; 공개 작품에 Pixel Art World/ドット絵世界 크레딧. 조건: https://yms.main.jp/dotartworld/page1/rule.html; 기존 인덱스 SHA-256 일치, 실제 이미지 전체 디코딩 확인.; PNG 픽셀 디코딩 확인.",2990,,,オートタイル
オートタイル — SA-Pool02.png,autotile,https://yms.main.jp/dotartworld/page2/tile-sewer01.html,https://yms.main.jp/dotartworld/sozai/autotile/SA-Pool02.png,SA-Pool02.png,/home/main/.local/share/oprn/pixel-art-world-downloads/SA-Pool02.png,96,128,014cf4fbd29c2ba9f32d53fc88fc4d123f04763f0b7c51075fc17ffdcfa97d96,reused_verified,"개인 로컬 수집; 소재 재배포 금지; 공개 작품에 Pixel Art World/ドット絵世界 크레딧. 조건: https://yms.main.jp/dotartworld/page1/rule.html; 기존 인덱스 SHA-256 일치, 실제 이미지 전체 디코딩 확인.; PNG 픽셀 디코딩 확인.",2988,,,オートタイル
扉 — SC-Door-Metal01.png,door_sprite,https://yms.main.jp/dotartworld/page2/tile-sewer01.html | https://yms.main.jp/dotartworld/page3/door01.html,https://yms.main.jp/dotartworld/sozai/door/SC-Door-Metal01.png,SC-Door-Metal01.png,/home/main/.local/share/oprn/pixel-art-world-downloads/by-source/sozai/door/SC-Door-Metal01.png,128,256,df4a5c45c5d4c1b7dff93ecc4acb9cd0be226e6dfb57a80340925c82f0183522,downloaded_verified,개인 로컬 수집; 소재 재배포 금지; 공개 작품에 Pixel Art World/ドット絵世界 크레딧. 조건: https://yms.main.jp/dotartworld/page1/rule.html; PNG 픽셀 디코딩 확인.,7476,200,,扉 | 下水道用のドア
扉 — SC-Door-Metal02.png,door_sprite,https://yms.main.jp/dotartworld/page2/tile-sewer01.html | https://yms.main.jp/dotartworld/page3/door01.html,https://yms.main.jp/dotartworld/sozai/door/SC-Door-Metal02.png,SC-Door-Metal02.png,/home/main/.local/share/oprn/pixel-art-world-downloads/by-source/sozai/door/SC-Door-Metal02.png,128,256,5a653fda5b077503d130fc76f6794a392284d16673b282ab26c4a9a535d697c6,downloaded_verified,개인 로컬 수집; 소재 재배포 금지; 공개 작품에 Pixel Art World/ドット絵世界 크레딧. 조건: https://yms.main.jp/dotartworld/page1/rule.html; PNG 픽셀 디코딩 확인.,7537,200,,扉 | 下水道用のドア
扉 — SC-Door-Dg01.png,door_sprite,https://yms.main.jp/dotartworld/page2/tile-sewer01.html | https://yms.main.jp/dotartworld/page3/door01.html,https://yms.main.jp/dotartworld/sozai/door/SC-Door-Dg01.png,SC-Door-Dg01.png,/home/main/.local/share/oprn/pixel-art-world-downloads/by-source/sozai/door/SC-Door-Dg01.png,384,256,f86b114c5edc10281925b0ba9053cf289557bb35b1acd4e10e370cf61b9d5914,downloaded_verified,개인 로컬 수집; 소재 재배포 금지; 공개 작품에 Pixel Art World/ドット絵世界 크레딧. 조건: https://yms.main.jp/dotartworld/page1/rule.html; PNG 픽셀 디코딩 확인.,30473,200,,扉 | 下水道用のドア
扉 — SC-Door-Pri01.png,door_sprite,https://yms.main.jp/dotartworld/page2/tile-sewer01.html | https://yms.main.jp/dotartworld/page3/door01.html,https://yms.main.jp/dotartworld/sozai/door/SC-Door-Pri01.png,SC-Door-Pri01.png,/home/main/.local/share/oprn/pixel-art-world-downloads/by-source/sozai/door/SC-Door-Pri01.png,384,256,895d779b884e18e08f6bb8d864e44fed47087703e1ca3e7965ace045c9c91419,downloaded_verified,개인 로컬 수집; 소재 재배포 금지; 공개 작품에 Pixel Art World/ドット絵世界 크레딧. 조건: https://yms.main.jp/dotartworld/page1/rule.html; PNG 픽셀 디코딩 확인.,1578,200,,扉 | 下水道用のドア
キャラクター素材 — SC-Water01.png,event_or_character_sprite,https://yms.main.jp/dotartworld/page2/tile-sewer01.html,https://yms.main.jp/dotartworld/sozai/chara/SC-Water01.png,SC-Water01.png,/home/main/.local/share/oprn/pixel-art-world-downloads/by-source/sozai/chara/SC-Water01.png,128,128,9f0a7680f91b65936b7432ac4640eaa9a4b60547464c3f91d98a609870b6e143,downloaded_verified,개인 로컬 수집; 소재 재배포 금지; 공개 작품에 Pixel Art World/ドット絵世界 크레딧. 조건: https://yms.main.jp/dotartworld/page1/rule.html; PNG 픽셀 디코딩 확인.,4769,200,,キャラクター素材
大きい方 — SC-Water02.png,event_or_character_sprite,https://yms.main.jp/dotartworld/page2/tile-sewer01.html,https://yms.main.jp/dotartworld/sozai/chara/SC-Water02.png,SC-Water02.png,/home/main/.local/share/oprn/pixel-art-world-downloads/by-source/sozai/chara/SC-Water02.png,384,640,e77079fc823bc1d5ce4ea85575524e102b4ed0a594f112ab40e421659060d0e7,downloaded_verified,개인 로컬 수집; 소재 재배포 금지; 공개 작품에 Pixel Art World/ドット絵世界 크레딧. 조건: https://yms.main.jp/dotartworld/page1/rule.html; PNG 픽셀 디코딩 확인.,15542,200,,キャラクター素材
屋敷内装 — ST-MsionB-I01.png,tileset,https://yms.main.jp/dotartworld/page2/tile-mansion02.html,https://yms.main.jp/dotartworld/sozai/tileset/ST-MsionB-I01.png,ST-MsionB-I01.png,/home/main/.local/share/oprn/pixel-art-world-downloads/ST-MsionB-I01.png,256,1760,8338e8ebef716a86c687cb0f24683398efe2dadb9303f9c97772509e3ea8de9c,reused_verified,"개인 로컬 수집; 소재 재배포 금지; 공개 작품에 Pixel Art World/ドット絵世界 크레딧. 조건: https://yms.main.jp/dotartworld/page1/rule.html; 기존 인덱스 SHA-256 일치, 실제 이미지 전체 디코딩 확인.; PNG 픽셀 디코딩 확인.",131467,,,屋敷内装
屋敷内装 — ST-MsionP-I01.png,tileset,https://yms.main.jp/dotartworld/page2/tile-mansion02.html,https://yms.main.jp/dotartworld/sozai/tileset/ST-MsionP-I01.png,ST-MsionP-I01.png,/home/main/.local/share/oprn/pixel-art-world-downloads/ST-MsionP-I01.png,256,1760,2e3f22af16fd5de5de6b9d58543c31979e34b494be2c20fde7ca7de4eddc4c96,reused_verified,"개인 로컬 수집; 소재 재배포 금지; 공개 작품에 Pixel Art World/ドット絵世界 크레딧. 조건: https://yms.main.jp/dotartworld/page1/rule.html; 기존 인덱스 SHA-256 일치, 실제 이미지 전체 디코딩 확인.; PNG 픽셀 디코딩 확인.",132456,,,屋敷内装
屋敷内装 — ST-MsionY-I01.png,tileset,https://yms.main.jp/dotartworld/page2/tile-mansion02.html,https://yms.main.jp/dotartworld/sozai/tileset/ST-MsionY-I01.png,ST-MsionY-I01.png,/home/main/.local/share/oprn/pixel-art-world-downloads/ST-MsionY-I01.png,256,1760,ab203ceeaf8beed0ea9bf4741e4f52e09f33086dcabb1e1e05b524ae6739e1d1,reused_verified,"개인 로컬 수집; 소재 재배포 금지; 공개 작품에 Pixel Art World/ドット絵世界 크레딧. 조건: https://yms.main.jp/dotartworld/page1/rule.html; 기존 인덱스 SHA-256 일치, 실제 이미지 전체 디코딩 확인.; PNG 픽셀 디코딩 확인.",132473,,,屋敷内装
屋敷内装 — ST-MsionW-I01.png,tileset,https://yms.main.jp/dotartworld/page2/tile-mansion02.html,https://yms.main.jp/dotartworld/sozai/tileset/ST-MsionW-I01.png,ST-MsionW-I01.png,/home/main/.local/share/oprn/pixel-art-world-downloads/ST-MsionW-I01.png,256,1760,61343c5c30906b9d45a4aeeca7584129b2a5c0784aba910d9f01e86b19122092,reused_verified,"개인 로컬 수집; 소재 재배포 금지; 공개 작품에 Pixel Art World/ドット絵世界 크레딧. 조건: https://yms.main.jp/dotartworld/page1/rule.html; 기존 인덱스 SHA-256 일치, 실제 이미지 전체 디코딩 확인.; PNG 픽셀 디코딩 확인.",133792,,,屋敷内装
屋敷内装 — ST-MsionR-I01.png,tileset,https://yms.main.jp/dotartworld/page2/tile-mansion02.html,https://yms.main.jp/dotartworld/sozai/tileset/ST-MsionR-I01.png,ST-MsionR-I01.png,/home/main/.local/share/oprn/pixel-art-world-downloads/ST-MsionR-I01.png,256,1760,e85c9fd260f1a3645ea017a76f5175fbd6e68683b251233b52369a99d66351fa,reused_verified,"개인 로컬 수집; 소재 재배포 금지; 공개 작품에 Pixel Art World/ドット絵世界 크레딧. 조건: https://yms.main.jp/dotartworld/page1/rule.html; 기존 인덱스 SHA-256 일치, 실제 이미지 전체 디코딩 확인.; PNG 픽셀 디코딩 확인.",134540,,,屋敷内装
屋敷内装 — set-mansion-in.zip,tileset_archive,https://yms.main.jp/dotartworld/page2/tile-mansion02.html,https://yms.main.jp/dotartworld/sozai/tileset/pack/set-mansion-in.zip,set-mansion-in.zip,/home/main/.local/share/oprn/pixel-art-world-downloads/by-source/sozai/tileset/pack/set-mansion-in.zip,,,2ec348313de006e4655bb3357cef45473293b288ed7f6c628d34522ce4c7b923,downloaded_verified,개인 로컬 수집; 소재 재배포 금지; 공개 작품에 Pixel Art World/ドット絵世界 크레딧. 조건: https://yms.main.jp/dotartworld/page1/rule.html; ZIP 중앙목록 및 전체 CRC 확인.,88573,200,,屋敷内装
オートタイル — SA-Carpet08.png,autotile,https://yms.main.jp/dotartworld/page2/tile-mansion02.html,https://yms.main.jp/dotartworld/sozai/autotile/SA-Carpet08.png,SA-Carpet08.png,/home/main/.local/share/oprn/pixel-art-world-downloads/SA-Carpet08.png,96,128,0d9e2c378202c719d290dbdc5697956b45bd8c1daab443500ac2dde3b5645368,reused_verified,"개인 로컬 수집; 소재 재배포 금지; 공개 작품에 Pixel Art World/ドット絵世界 크레딧. 조건: https://yms.main.jp/dotartworld/page1/rule.html; 기존 인덱스 SHA-256 일치, 실제 이미지 전체 디코딩 확인.; PNG 픽셀 디코딩 확인.",827,,,オートタイル
オートタイル — SA-Carpet09.png,autotile,https://yms.main.jp/dotartworld/page2/tile-mansion02.html,https://yms.main.jp/dotartworld/sozai/autotile/SA-Carpet09.png,SA-Carpet09.png,/home/main/.local/share/oprn/pixel-art-world-downloads/SA-Carpet09.png,96,128,ff5ae80c4eb7c901ecc2d0326aac9b0af1baae372c652ace218b428bf6df9a6f,reused_verified,"개인 로컬 수집; 소재 재배포 금지; 공개 작품에 Pixel Art World/ドット絵世界 크레딧. 조건: https://yms.main.jp/dotartworld/page1/rule.html; 기존 인덱스 SHA-256 일치, 실제 이미지 전체 디코딩 확인.; PNG 픽셀 디코딩 확인.",827,,,オートタイル
オートタイル — SA-Carpet06.png,autotile,https://yms.main.jp/dotartworld/page2/tile-mansion02.html,https://yms.main.jp/dotartworld/sozai/autotile/SA-Carpet06.png,SA-Carpet06.png,/home/main/.local/share/oprn/pixel-art-world-downloads/SA-Carpet06.png,96,128,46e86f0e79c075978356eebb941ac3605a6e0df5372444ec09e8661778328854,reused_verified,"개인 로컬 수집; 소재 재배포 금지; 공개 작품에 Pixel Art World/ドット絵世界 크레딧. 조건: https://yms.main.jp/dotartworld/page1/rule.html; 기존 인덱스 SHA-256 일치, 실제 이미지 전체 디코딩 확인.; PNG 픽셀 디코딩 확인.",827,,,オートタイル
オートタイル — SA-Carpet08ST.png,autotile,https://yms.main.jp/dotartworld/page2/tile-mansion02.html,https://yms.main.jp/dotartworld/sozai/autotile/SA-Carpet08ST.png,SA-Carpet08ST.png,/home/main/.local/share/oprn/pixel-art-world-downloads/SA-Carpet08ST.png,96,128,9f0dd0fae6383d793491b676b84914b4e27908faed3ea0e775a1c7ccb792dd88,reused_verified,"개인 로컬 수집; 소재 재배포 금지; 공개 작품에 Pixel Art World/ドット絵世界 크레딧. 조건: https://yms.main.jp/dotartworld/page1/rule.html; 기존 인덱스 SHA-256 일치, 실제 이미지 전체 디코딩 확인.; PNG 픽셀 디코딩 확인.",666,,,オートタイル
オートタイル — SA-Carpet09ST.png,autotile,https://yms.main.jp/dotartworld/page2/tile-mansion02.html,https://yms.main.jp/dotartworld/sozai/autotile/SA-Carpet09ST.png,SA-Carpet09ST.png,/home/main/.local/share/oprn/pixel-art-world-downloads/SA-Carpet09ST.png,96,128,11c2b9245f0b6e29c38a341d0fde6e8bbb09becd33bd96f79e2f155135759c65,reused_verified,"개인 로컬 수집; 소재 재배포 금지; 공개 작품에 Pixel Art World/ドット絵世界 크레딧. 조건: https://yms.main.jp/dotartworld/page1/rule.html; 기존 인덱스 SHA-256 일치, 실제 이미지 전체 디코딩 확인.; PNG 픽셀 디코딩 확인.",666,,,オートタイル
オートタイル — SA-Carpet07.png,autotile,https://yms.main.jp/dotartworld/page2/tile-mansion02.html,https://yms.main.jp/dotartworld/sozai/autotile/SA-Carpet07.png,SA-Carpet07.png,/home/main/.local/share/oprn/pixel-art-world-downloads/SA-Carpet07.png,96,128,9ecbc2432d31a804be46bf0580f9d37807ca5560cc9a9994b858d2463eb42d4b,reused_verified,"개인 로컬 수집; 소재 재배포 금지; 공개 작품에 Pixel Art World/ドット絵世界 크레딧. 조건: https://yms.main.jp/dotartworld/page1/rule.html; 기존 인덱스 SHA-256 일치, 실제 이미지 전체 디코딩 확인.; PNG 픽셀 디코딩 확인.",812,,,オートタイル
オートタイル — SA-Fur03.png,autotile,https://yms.main.jp/dotartworld/page2/tile-mansion02.html,https://yms.main.jp/dotartworld/sozai/autotile/SA-Fur03.png,SA-Fur03.png,/home/main/.local/share/oprn/pixel-art-world-downloads/SA-Fur03.png,96,128,d64cf199977c60817a78c4699640f182fa631ce4c519067bb4188c96a0a229d2,reused_verified,"개인 로컬 수집; 소재 재배포 금지; 공개 작품에 Pixel Art World/ドット絵世界 크레딧. 조건: https://yms.main.jp/dotartworld/page1/rule.html; 기존 인덱스 SHA-256 일치, 실제 이미지 전체 디코딩 확인.; PNG 픽셀 디코딩 확인.",2054,,,オートタイル
オートタイル — SA-Cartain01.png,autotile,https://yms.main.jp/dotartworld/page2/tile-mansion02.html,https://yms.main.jp/dotartworld/sozai/autotile/SA-Cartain01.png,SA-Cartain01.png,/home/main/.local/share/oprn/pixel-art-world-downloads/SA-Cartain01.png,96,128,eee762c26f2564455fe7ef8083cb3c86b8302f5e7a513decf785063e8ea7f50e,reused_verified,"개인 로컬 수집; 소재 재배포 금지; 공개 작품에 Pixel Art World/ドット絵世界 크레딧. 조건: https://yms.main.jp/dotartworld/page1/rule.html; 기존 인덱스 SHA-256 일치, 실제 이미지 전체 디코딩 확인.; PNG 픽셀 디코딩 확인.",965,,,オートタイル
オートタイル — SA-Cartain02.png,autotile,https://yms.main.jp/dotartworld/page2/tile-mansion02.html,https://yms.main.jp/dotartworld/sozai/autotile/SA-Cartain02.png,SA-Cartain02.png,/home/main/.local/share/oprn/pixel-art-world-downloads/SA-Cartain02.png,96,128,f690a42402c4343d505ea4693a26274f3642a34c2fe34cdc0698c158295d7354,reused_verified,"개인 로컬 수집; 소재 재배포 금지; 공개 작품에 Pixel Art World/ドット絵世界 크레딧. 조건: https://yms.main.jp/dotartworld/page1/rule.html; 기존 인덱스 SHA-256 일치, 실제 이미지 전체 디코딩 확인.; PNG 픽셀 디코딩 확인.",965,,,オートタイル
屋敷外観 — ST-MsionB-E01.png,tileset,https://yms.main.jp/dotartworld/page2/tile-mansion01.html,https://yms.main.jp/dotartworld/sozai/tileset/ST-MsionB-E01.png,ST-MsionB-E01.png,/home/main/.local/share/oprn/pixel-art-world-downloads/ST-MsionB-E01.png,256,1632,1a48151aa07d6b2c7d59b7a8674bf143060841d25ad2d5dd20bc4e5d214d246b,reused_verified,"개인 로컬 수집; 소재 재배포 금지; 공개 작품에 Pixel Art World/ドット絵世界 크레딧. 조건: https://yms.main.jp/dotartworld/page1/rule.html; 기존 인덱스 SHA-256 일치, 실제 이미지 전체 디코딩 확인.; PNG 픽셀 디코딩 확인.",138158,,,屋敷外観
屋敷外観 — ST-MsionP-E01.png,tileset,https://yms.main.jp/dotartworld/page2/tile-mansion01.html,https://yms.main.jp/dotartworld/sozai/tileset/ST-MsionP-E01.png,ST-MsionP-E01.png,/home/main/.local/share/oprn/pixel-art-world-downloads/ST-MsionP-E01.png,256,1632,3723b044833d5a95680298df805d7b6ae321f6be89d6ddf375c2f5c8122d8775,reused_verified,"개인 로컬 수집; 소재 재배포 금지; 공개 작품에 Pixel Art World/ドット絵世界 크레딧. 조건: https://yms.main.jp/dotartworld/page1/rule.html; 기존 인덱스 SHA-256 일치, 실제 이미지 전체 디코딩 확인.; PNG 픽셀 디코딩 확인.",138465,,,屋敷外観
屋敷外観 — ST-MsionY-E01.png,tileset,https://yms.main.jp/dotartworld/page2/tile-mansion01.html,https://yms.main.jp/dotartworld/sozai/tileset/ST-MsionY-E01.png,ST-MsionY-E01.png,/home/main/.local/share/oprn/pixel-art-world-downloads/ST-MsionY-E01.png,256,1632,4769c99df2461d753265d01b3a526e25ec06e88b6df351856c201bb715f94b80,reused_verified,"개인 로컬 수집; 소재 재배포 금지; 공개 작품에 Pixel Art World/ドット絵世界 크레딧. 조건: https://yms.main.jp/dotartworld/page1/rule.html; 기존 인덱스 SHA-256 일치, 실제 이미지 전체 디코딩 확인.; PNG 픽셀 디코딩 확인.",138513,,,屋敷外観
オートタイル — SA-Ivy01.png,autotile,https://yms.main.jp/dotartworld/page2/tile-mansion01.html,https://yms.main.jp/dotartworld/sozai/autotile/SA-Ivy01.png,SA-Ivy01.png,/home/main/.local/share/oprn/pixel-art-world-downloads/SA-Ivy01.png,96,128,3b16a7750e783b4ad20bf73f7830ccb3096c130af967f668e03324d45ba12948,reused_verified,"개인 로컬 수집; 소재 재배포 금지; 공개 작품에 Pixel Art World/ドット絵世界 크레딧. 조건: https://yms.main.jp/dotartworld/page1/rule.html; 기존 인덱스 SHA-256 일치, 실제 이미지 전체 디코딩 확인.; PNG 픽셀 디코딩 확인.",1691,,,オートタイル
ファーストフード店 — ST-Fdshop-I01.png,tileset,https://yms.main.jp/dotartworld/page2/tile-fastfood01.html,https://yms.main.jp/dotartworld/sozai/tileset/ST-Fdshop-I01.png,ST-Fdshop-I01.png,/home/main/.local/share/oprn/pixel-art-world-downloads/ST-Fdshop-I01.png,256,1440,70672a4e173856dce360986370b55970933bdb4ce449198e98af5a09b3efd342,reused_verified,"개인 로컬 수집; 소재 재배포 금지; 공개 작품에 Pixel Art World/ドット絵世界 크레딧. 조건: https://yms.main.jp/dotartworld/page1/rule.html; 기존 인덱스 SHA-256 일치, 실제 이미지 전체 디코딩 확인.; PNG 픽셀 디코딩 확인.",69808,,,ファーストフード店
アイコン — SI-Ffood01.png,item_icon,https://yms.main.jp/dotartworld/page2/tile-fastfood01.html,https://yms.main.jp/dotartworld/sozai/icon/SI-Ffood01.png,SI-Ffood01.png,/home/main/.local/share/oprn/pixel-art-world-downloads/by-source/sozai/icon/SI-Ffood01.png,72,48,de2954467205f367497b98ccb2fd7478f20f2672bbd0fb2e6ff85762be537d6e,downloaded_verified,개인 로컬 수집; 소재 재배포 금지; 공개 작품에 Pixel Art World/ドット絵世界 크레딧. 조건: https://yms.main.jp/dotartworld/page1/rule.html; PNG 픽셀 디코딩 확인.,1067,200,,アイコン
アイスクリーム屋 — ST-Icecream-I01.png,tileset,https://yms.main.jp/dotartworld/page2/tile-fastfood01.html,https://yms.main.jp/dotartworld/sozai/tileset/ST-Icecream-I01.png,ST-Icecream-I01.png,/home/main/.local/share/oprn/pixel-art-world-downloads/ST-Icecream-I01.png,256,640,f25b67886a656df2e1a63df8861b9a4aab8adfa27a21d6024304a12a23d8585a,reused_verified,"개인 로컬 수집; 소재 재배포 금지; 공개 작품에 Pixel Art World/ドット絵世界 크레딧. 조건: https://yms.main.jp/dotartworld/page1/rule.html; 기존 인덱스 SHA-256 일치, 실제 이미지 전체 디코딩 확인.; PNG 픽셀 디코딩 확인.",31563,,,アイスクリーム屋
パン屋 — ST-Bakery-I01.png,tileset,https://yms.main.jp/dotartworld/page2/tile-fastfood01.html,https://yms.main.jp/dotartworld/sozai/tileset/ST-Bakery-I01.png,ST-Bakery-I01.png,,,,,excluded_discontinued,개인 로컬 수집; 소재 재배포 금지; 공개 작품에 Pixel Art World/ドット絵世界 크레딧. 조건: https://yms.main.jp/dotartworld/page1/rule.html; 2016-04-17 XP 카페/빵집 배포 종료 공지: https://yms.main.jp/dotartworld/ ; 현 링크 HTTP 200; 이전 수집의 로컬 ST-Bakery-I01.png가 이미 있지만 이번 정상 수집 집계에서는 제외. 기존 파일은 삭제하지 않음: /home/main/.local/share/oprn/pixel-art-world-downloads/ST-Bakery-I01.png,0,200,,パン屋
居酒屋 — ST-Izakaya-I01.png,tileset,https://yms.main.jp/dotartworld/page2/tile-izakaya01.html,https://yms.main.jp/dotartworld/sozai/tileset/ST-Izakaya-I01.png,ST-Izakaya-I01.png,/home/main/.local/share/oprn/pixel-art-world-downloads/ST-Izakaya-I01.png,256,1600,6c5488583371c4efbbb47c53f2f40402780b834ebee80385eeae7e3340b0f18a,reused_verified,"개인 로컬 수집; 소재 재배포 금지; 공개 작품에 Pixel Art World/ドット絵世界 크레딧. 조건: https://yms.main.jp/dotartworld/page1/rule.html; 기존 인덱스 SHA-256 일치, 실제 이미지 전체 디코딩 확인.; PNG 픽셀 디코딩 확인.",95106,,,居酒屋
オートタイル — SA-Dway02.png,autotile,https://yms.main.jp/dotartworld/page2/tile-izakaya01.html,https://yms.main.jp/dotartworld/sozai/autotile/SA-Dway02.png,SA-Dway02.png,/home/main/.local/share/oprn/pixel-art-world-downloads/SA-Dway02.png,96,128,451daedeab8e739a683202d6c1c563f4a6fcd452785c591839dbbd929509998f,reused_verified,"개인 로컬 수집; 소재 재배포 금지; 공개 작품에 Pixel Art World/ドット絵世界 크레딧. 조건: https://yms.main.jp/dotartworld/page1/rule.html; 기존 인덱스 SHA-256 일치, 실제 이미지 전체 디코딩 확인.; PNG 픽셀 디코딩 확인.",459,,,オートタイル
和室 — ST-Washitu-I01.png,tileset,https://yms.main.jp/dotartworld/page2/tile-wasitu01.html,https://yms.main.jp/dotartworld/sozai/tileset/ST-Washitu-I01.png,ST-Washitu-I01.png,/home/main/.local/share/oprn/pixel-art-world-downloads/ST-Washitu-I01.png,256,1600,8667246423284808bf5047c2bd0b1f4750a5d555da0ce09b243c24f4e399751b,reused_verified,"개인 로컬 수집; 소재 재배포 금지; 공개 작품에 Pixel Art World/ドット絵世界 크레딧. 조건: https://yms.main.jp/dotartworld/page1/rule.html; 기존 인덱스 SHA-256 일치, 실제 이미지 전체 디코딩 확인.; PNG 픽셀 디코딩 확인.",94572,,,和室
オートタイル — SA-Kotatsu01.png,autotile,https://yms.main.jp/dotartworld/page2/tile-wasitu01.html,https://yms.main.jp/dotartworld/sozai/autotile/SA-Kotatsu01.png,SA-Kotatsu01.png,/home/main/.local/share/oprn/pixel-art-world-downloads/SA-Kotatsu01.png,96,128,16376c2e6dff8aa51f74d43d9bc3db24c300f13586482cce9f5b866828e9dd35,reused_verified,"개인 로컬 수집; 소재 재배포 금지; 공개 작품에 Pixel Art World/ドット絵世界 크레딧. 조건: https://yms.main.jp/dotartworld/page1/rule.html; 기존 인덱스 SHA-256 일치, 실제 이미지 전체 디코딩 확인.; PNG 픽셀 디코딩 확인.",711,,,オートタイル
オートタイル — SA-Kotatsu02.png,autotile,https://yms.main.jp/dotartworld/page2/tile-wasitu01.html,https://yms.main.jp/dotartworld/sozai/autotile/SA-Kotatsu02.png,SA-Kotatsu02.png,/home/main/.local/share/oprn/pixel-art-world-downloads/SA-Kotatsu02.png,96,128,64d84e0abe9969f4db1e78fd4f5f1150ad9e1a0660352186ff01b33f73a355c6,reused_verified,"개인 로컬 수집; 소재 재배포 금지; 공개 작품에 Pixel Art World/ドット絵世界 크레딧. 조건: https://yms.main.jp/dotartworld/page1/rule.html; 기존 인덱스 SHA-256 일치, 실제 이미지 전체 디코딩 확인.; PNG 픽셀 디코딩 확인.",718,,,オートタイル
銭湯外観 — ST-Sento-E01.png,tileset,https://yms.main.jp/dotartworld/page2/tile-retrotown01.html,https://yms.main.jp/dotartworld/sozai/tileset/ST-Sento-E01.png,ST-Sento-E01.png,/home/main/.local/share/oprn/pixel-art-world-downloads/ST-Sento-E01.png,256,1600,bfdd46ba076a119f84cb7c98940a0fc6488d133b07c21f0bf0676915fa421ee0,reused_verified,"개인 로컬 수집; 소재 재배포 금지; 공개 작품에 Pixel Art World/ドット絵世界 크레딧. 조건: https://yms.main.jp/dotartworld/page1/rule.html; 기존 인덱스 SHA-256 일치, 실제 이미지 전체 디코딩 확인.; PNG 픽셀 디코딩 확인.",50466,,,銭湯外観
下町外観 — ST-RTown-E01.png,tileset,https://yms.main.jp/dotartworld/page2/tile-retrotown01.html,https://yms.main.jp/dotartworld/sozai/tileset/ST-RTown-E01.png,ST-RTown-E01.png,/home/main/.local/share/oprn/pixel-art-world-downloads/ST-RTown-E01.png,256,1600,4d94f4a63f6ead17ea390203601245df12da8278feb10a6d9dac1063d952e26c,reused_verified,"개인 로컬 수집; 소재 재배포 금지; 공개 작품에 Pixel Art World/ドット絵世界 크레딧. 조건: https://yms.main.jp/dotartworld/page1/rule.html; 기존 인덱스 SHA-256 일치, 실제 이미지 전체 디코딩 확인.; PNG 픽셀 디코딩 확인.",56749,,,下町外観
オートタイル — SA-Moss01.png,autotile,https://yms.main.jp/dotartworld/page2/tile-retrotown01.html,https://yms.main.jp/dotartworld/sozai/autotile/SA-Moss01.png,SA-Moss01.png,/home/main/.local/share/oprn/pixel-art-world-downloads/SA-Moss01.png,96,128,e51438a218c382b953767b5e0b7c295f6ec608cd0145a898e0388c4200ab1310,reused_verified,"개인 로컬 수집; 소재 재배포 금지; 공개 작품에 Pixel Art World/ドット絵世界 크레딧. 조건: https://yms.main.jp/dotartworld/page1/rule.html; 기존 인덱스 SHA-256 일치, 실제 이미지 전체 디코딩 확인.; PNG 픽셀 디코딩 확인.",2519,,,オートタイル
オートタイル — SA-Moss02.png,autotile,https://yms.main.jp/dotartworld/page2/tile-retrotown01.html,https://yms.main.jp/dotartworld/sozai/autotile/SA-Moss02.png,SA-Moss02.png,/home/main/.local/share/oprn/pixel-art-world-downloads/SA-Moss02.png,96,128,719bff1b200eb557a49bcfa4c96d36728b42ece5c3643b90c8e8ec8b5e13e1db,reused_verified,"개인 로컬 수집; 소재 재배포 금지; 공개 작품에 Pixel Art World/ドット絵世界 크레딧. 조건: https://yms.main.jp/dotartworld/page1/rule.html; 기존 인덱스 SHA-256 일치, 실제 이미지 전체 디코딩 확인.; PNG 픽셀 디코딩 확인.",3086,,,オートタイル
外観用戸 — SC-Door-JP01.png,door_sprite,https://yms.main.jp/dotartworld/page2/tile-retrotown01.html | https://yms.main.jp/dotartworld/page3/door02.html,https://yms.main.jp/dotartworld/sozai/door/SC-Door-JP01.png,SC-Door-JP01.png,/home/main/.local/share/oprn/pixel-art-world-downloads/by-source/sozai/door/SC-Door-JP01.png,384,256,353f1cb5d5ded1f6155825fa2698a745382b20e572e58a136bcd50a26bff5b67,downloaded_verified,개인 로컬 수집; 소재 재배포 금지; 공개 작품에 Pixel Art World/ドット絵世界 크레딧. 조건: https://yms.main.jp/dotartworld/page1/rule.html; PNG 픽셀 디코딩 확인.,7499,200,,外観用戸 | 和風
外観用戸 — SC-Door-JP02.png,door_sprite,https://yms.main.jp/dotartworld/page2/tile-retrotown01.html | https://yms.main.jp/dotartworld/page3/door02.html,https://yms.main.jp/dotartworld/sozai/door/SC-Door-JP02.png,SC-Door-JP02.png,/home/main/.local/share/oprn/pixel-art-world-downloads/by-source/sozai/door/SC-Door-JP02.png,384,256,3abbb3e0b48ad11228e2294fc7e28555e5098bc2882f5d0d9ac632331598d3c6,downloaded_verified,개인 로컬 수집; 소재 재배포 금지; 공개 작품에 Pixel Art World/ドット絵世界 크레딧. 조건: https://yms.main.jp/dotartworld/page1/rule.html; PNG 픽셀 디코딩 확인.,5513,200,,外観用戸 | 和風
銭湯内装 — ST-Sento-I02.png,tileset,https://yms.main.jp/dotartworld/page2/tile-sento01.html,https://yms.main.jp/dotartworld/sozai/tileset/ST-Sento-I02.png,ST-Sento-I02.png,/home/main/.local/share/oprn/pixel-art-world-downloads/ST-Sento-I02.png,256,1440,bc1909fd8520333ea69a54113d41597233e73fbf081def507edac87bf5eb886a,reused_verified,"개인 로컬 수집; 소재 재배포 금지; 공개 작품에 Pixel Art World/ドット絵世界 크레딧. 조건: https://yms.main.jp/dotartworld/page1/rule.html; 기존 인덱스 SHA-256 일치, 실제 이미지 전체 디코딩 확인.; PNG 픽셀 디코딩 확인.",31540,,,銭湯内装
扉 — SC-Door-U01.png,door_sprite,https://yms.main.jp/dotartworld/page2/tile-sento01.html | https://yms.main.jp/dotartworld/page3/door02.html,https://yms.main.jp/dotartworld/sozai/door/SC-Door-U01.png,SC-Door-U01.png,/home/main/.local/share/oprn/pixel-art-world-downloads/by-source/sozai/door/SC-Door-U01.png,384,256,63668c65565edb5d9e01e16d7daee5f5ca67a8c92e43f60e614ea257e9af7f51,downloaded_verified,개인 로컬 수집; 소재 재배포 금지; 공개 작품에 Pixel Art World/ドット絵世界 크레딧. 조건: https://yms.main.jp/dotartworld/page1/rule.html; PNG 픽셀 디코딩 확인.,5778,200,,扉 | 銭湯用
オートタイル1（屋外用） — autotile-old.zip,autotile_archive,https://yms.main.jp/dotartworld/page3/autotiles01.html,https://yms.main.jp/dotartworld/sozai/autotile2/autotile-old.zip,autotile-old.zip,/home/main/.local/share/oprn/pixel-art-world-downloads/by-source/sozai/autotile2/autotile-old.zip,,,b77b88362be93ca6cbfdba71ed7c665125d7f44fa733318d3579bb7797689ef3,downloaded_verified,개인 로컬 수집; 소재 재배포 금지; 공개 작품에 Pixel Art World/ドット絵世界 크레딧. 조건: https://yms.main.jp/dotartworld/page1/rule.html; ZIP 중앙목록 및 전체 CRC 확인.,250464,200,,オートタイル1（屋外用）
オートタイル1（屋外用） — autotile-ex.zip,autotile_archive,https://yms.main.jp/dotartworld/page3/autotiles01.html,https://yms.main.jp/dotartworld/sozai/autotile2/autotile-ex.zip,autotile-ex.zip,/home/main/.local/share/oprn/pixel-art-world-downloads/by-source/sozai/autotile2/autotile-ex.zip,,,12a524deeaba83c13bd1329fc1635645a248e873d26c3767c482a0cdab7ce357,downloaded_verified,개인 로컬 수집; 소재 재배포 금지; 공개 작품에 Pixel Art World/ドット絵世界 크레딧. 조건: https://yms.main.jp/dotartworld/page1/rule.html; ZIP 중앙목록 및 전체 CRC 확인.,359773,200,,オートタイル1（屋外用）
出入り口用 — SA-DwayA01.png,autotile,https://yms.main.jp/dotartworld/page3/autotiles01.html,https://yms.main.jp/dotartworld/sozai/autotile2/autotile-ex/SA-DwayA01.png,SA-DwayA01.png,/home/main/.local/share/oprn/pixel-art-world-downloads/SA-DwayA01.png,96,128,80110c41f17f349bd762dc5c5e9a3bf55f5eb60e7ee8daa11947c95999cf5d74,reused_verified,"개인 로컬 수집; 소재 재배포 금지; 공개 작품에 Pixel Art World/ドット絵世界 크레딧. 조건: https://yms.main.jp/dotartworld/page1/rule.html; 기존 인덱스 SHA-256 일치, 실제 이미지 전체 디코딩 확인.; PNG 픽셀 디코딩 확인.",299,,,出入り口用
出入り口用 — SA-DwayA02.png,autotile,https://yms.main.jp/dotartworld/page3/autotiles01.html,https://yms.main.jp/dotartworld/sozai/autotile2/autotile-ex/SA-DwayA02.png,SA-DwayA02.png,/home/main/.local/share/oprn/pixel-art-world-downloads/SA-DwayA02.png,96,128,c556bf8db2a7c0c89168c18d657747c2a9303b591a909662d6fdb4a1705d93a4,reused_verified,"개인 로컬 수집; 소재 재배포 금지; 공개 작품에 Pixel Art World/ドット絵世界 크레딧. 조건: https://yms.main.jp/dotartworld/page1/rule.html; 기존 인덱스 SHA-256 일치, 실제 이미지 전체 디코딩 확인.; PNG 픽셀 디코딩 확인.",300,,,出入り口用
出入り口用 — SA-DwayB01.png,autotile,https://yms.main.jp/dotartworld/page3/autotiles01.html,https://yms.main.jp/dotartworld/sozai/autotile2/autotile-ex/SA-DwayB01.png,SA-DwayB01.png,/home/main/.local/share/oprn/pixel-art-world-downloads/SA-DwayB01.png,96,128,e2dd3bbd80898b0ff97f8201df693862234a6debb07227a72b52cf8d7a0183e0,reused_verified,"개인 로컬 수집; 소재 재배포 금지; 공개 작품에 Pixel Art World/ドット絵世界 크레딧. 조건: https://yms.main.jp/dotartworld/page1/rule.html; 기존 인덱스 SHA-256 일치, 실제 이미지 전체 디코딩 확인.; PNG 픽셀 디코딩 확인.",415,,,出入り口用
出入り口用 — SA-DwayB02.png,autotile,https://yms.main.jp/dotartworld/page3/autotiles01.html,https://yms.main.jp/dotartworld/sozai/autotile2/autotile-ex/SA-DwayB02.png,SA-DwayB02.png,/home/main/.local/share/oprn/pixel-art-world-downloads/SA-DwayB02.png,96,128,7c99d41b353e93af972a331fe2a2a758fdf8d006c6ef7a88b16679ff7874abeb,reused_verified,"개인 로컬 수집; 소재 재배포 금지; 공개 작품에 Pixel Art World/ドット絵世界 크레딧. 조건: https://yms.main.jp/dotartworld/page1/rule.html; 기존 인덱스 SHA-256 일치, 실제 이미지 전체 디코딩 확인.; PNG 픽셀 디코딩 확인.",409,,,出入り口用
出入り口用 — SA-DwayC01.png,autotile,https://yms.main.jp/dotartworld/page3/autotiles01.html,https://yms.main.jp/dotartworld/sozai/autotile2/autotile-ex/SA-DwayC01.png,SA-DwayC01.png,/home/main/.local/share/oprn/pixel-art-world-downloads/SA-DwayC01.png,96,128,451daedeab8e739a683202d6c1c563f4a6fcd452785c591839dbbd929509998f,reused_verified,"개인 로컬 수집; 소재 재배포 금지; 공개 작품에 Pixel Art World/ドット絵世界 크레딧. 조건: https://yms.main.jp/dotartworld/page1/rule.html; 기존 인덱스 SHA-256 일치, 실제 이미지 전체 디코딩 확인.; PNG 픽셀 디코딩 확인.",459,,,出入り口用
出入り口用 — SA-DwayC02.png,autotile,https://yms.main.jp/dotartworld/page3/autotiles01.html,https://yms.main.jp/dotartworld/sozai/autotile2/autotile-ex/SA-DwayC02.png,SA-DwayC02.png,/home/main/.local/share/oprn/pixel-art-world-downloads/SA-DwayC02.png,96,128,7a5e91a10c19ec70e250baa962960785cf4dc22b64780d157659c3420ef3e6a0,reused_verified,"개인 로컬 수집; 소재 재배포 금지; 공개 작품에 Pixel Art World/ドット絵世界 크레딧. 조건: https://yms.main.jp/dotartworld/page1/rule.html; 기존 인덱스 SHA-256 일치, 실제 이미지 전체 디코딩 확인.; PNG 픽셀 디코딩 확인.",459,,,出入り口用
出入り口用 — SA-DwayD01.png,autotile,https://yms.main.jp/dotartworld/page3/autotiles01.html,https://yms.main.jp/dotartworld/sozai/autotile2/autotile-ex/SA-DwayD01.png,SA-DwayD01.png,/home/main/.local/share/oprn/pixel-art-world-downloads/SA-DwayD01.png,96,128,bafe03e12b7a9efae447f749b8bfd3c7e1c99b12a1d997caebcc83f268c2e047,reused_verified,"개인 로컬 수집; 소재 재배포 금지; 공개 작품에 Pixel Art World/ドット絵世界 크레딧. 조건: https://yms.main.jp/dotartworld/page1/rule.html; 기존 인덱스 SHA-256 일치, 실제 이미지 전체 디코딩 확인.; PNG 픽셀 디코딩 확인.",878,,,出入り口用
道路 — SA-AsphaltRoad01.png,autotile,https://yms.main.jp/dotartworld/page3/autotiles01.html,https://yms.main.jp/dotartworld/sozai/autotile2/autotile-ex/SA-AsphaltRoad01.png,SA-AsphaltRoad01.png,/home/main/.local/share/oprn/pixel-art-world-downloads/SA-AsphaltRoad01.png,96,128,1defffef1fe5d051ce71e8b6814dbd3b64560c930e84a284ced4255df109395f,reused_verified,"개인 로컬 수집; 소재 재배포 금지; 공개 작품에 Pixel Art World/ドット絵世界 크레딧. 조건: https://yms.main.jp/dotartworld/page1/rule.html; 기존 인덱스 SHA-256 일치, 실제 이미지 전체 디코딩 확인.; PNG 픽셀 디코딩 확인.",523,,,道路
道路 — SA-Asphalt01.png,autotile,https://yms.main.jp/dotartworld/page3/autotiles01.html,https://yms.main.jp/dotartworld/sozai/autotile2/autotile-ex/SA-Asphalt01.png,SA-Asphalt01.png,/home/main/.local/share/oprn/pixel-art-world-downloads/SA-Asphalt01.png,96,128,ad12ed690dbdf8f8228c8dd62514463a71f091c4bab4d761abd244d5db4b4f99,reused_verified,"개인 로컬 수집; 소재 재배포 금지; 공개 작품에 Pixel Art World/ドット絵世界 크레딧. 조건: https://yms.main.jp/dotartworld/page1/rule.html; 기존 인덱스 SHA-256 일치, 실제 이미지 전체 디코딩 확인.; PNG 픽셀 디코딩 확인.",3068,,,道路 | 地面・草むら等
道路 — SA-Asphalt02.png,autotile,https://yms.main.jp/dotartworld/page3/autotiles01.html,https://yms.main.jp/dotartworld/sozai/autotile2/autotile-ex/SA-Asphalt02.png,SA-Asphalt02.png,/home/main/.local/share/oprn/pixel-art-world-downloads/SA-Asphalt02.png,96,128,b52a639ecc8278243d594c2ab9d0341f7687e4b3b8ade8816ce0bf19f82b81cb,reused_verified,"개인 로컬 수집; 소재 재배포 금지; 공개 작품에 Pixel Art World/ドット絵世界 크레딧. 조건: https://yms.main.jp/dotartworld/page1/rule.html; 기존 인덱스 SHA-256 일치, 실제 이미지 전체 디코딩 확인.; PNG 픽셀 디코딩 확인.",2634,,,道路 | 地面・草むら等
道路 — SA-AsphaltBase.png,autotile,https://yms.main.jp/dotartworld/page3/autotiles01.html,https://yms.main.jp/dotartworld/sozai/autotile2/autotile-ex/SA-AsphaltBase.png,SA-AsphaltBase.png,/home/main/.local/share/oprn/pixel-art-world-downloads/SA-AsphaltBase.png,96,128,3ac2ab1dbe273efe71c09e1a0a31c11a760c364249d0aab9deaaa29fd1c55905,reused_verified,"개인 로컬 수집; 소재 재배포 금지; 공개 작품에 Pixel Art World/ドット絵世界 크레딧. 조건: https://yms.main.jp/dotartworld/page1/rule.html; 기존 인덱스 SHA-256 일치, 실제 이미지 전체 디코딩 확인.; PNG 픽셀 디코딩 확인.",3558,,,道路 | 地面・草むら等
地面・草むら等 — SA-GroundG01.png,autotile,https://yms.main.jp/dotartworld/page3/autotiles01.html,https://yms.main.jp/dotartworld/sozai/autotile2/autotile-ex/SA-GroundG01.png,SA-GroundG01.png,/home/main/.local/share/oprn/pixel-art-world-downloads/SA-GroundG01.png,96,128,5fde882a88c0fa15237776b74e4ac03f5e0fb0014f5e3e3771377e22999cde7c,reused_verified,"개인 로컬 수집; 소재 재배포 금지; 공개 작품에 Pixel Art World/ドット絵世界 크레딧. 조건: https://yms.main.jp/dotartworld/page1/rule.html; 기존 인덱스 SHA-256 일치, 실제 이미지 전체 디코딩 확인.; PNG 픽셀 디코딩 확인.",966,,,地面・草むら等
地面・草むら等 — SA-GroundG02.png,autotile,https://yms.main.jp/dotartworld/page3/autotiles01.html,https://yms.main.jp/dotartworld/sozai/autotile2/autotile-ex/SA-GroundG02.png,SA-GroundG02.png,/home/main/.local/share/oprn/pixel-art-world-downloads/SA-GroundG02.png,96,128,f498e1e462768f7a033c846852f88bbe97947d045585dfeb8cd26fc7b9c911a2,reused_verified,"개인 로컬 수집; 소재 재배포 금지; 공개 작품에 Pixel Art World/ドット絵世界 크레딧. 조건: https://yms.main.jp/dotartworld/page1/rule.html; 기존 인덱스 SHA-256 일치, 실제 이미지 전체 디코딩 확인.; PNG 픽셀 디코딩 확인.",5382,,,地面・草むら等
地面・草むら等 — SA-GroundG03.png,autotile,https://yms.main.jp/dotartworld/page3/autotiles01.html,https://yms.main.jp/dotartworld/sozai/autotile2/autotile-ex/SA-GroundG03.png,SA-GroundG03.png,/home/main/.local/share/oprn/pixel-art-world-downloads/SA-GroundG03.png,96,128,a203f079c921096fcd32f11362bbd2e3655a4c5593c6c29fe473875d31017736,reused_verified,"개인 로컬 수집; 소재 재배포 금지; 공개 작품에 Pixel Art World/ドット絵世界 크레딧. 조건: https://yms.main.jp/dotartworld/page1/rule.html; 기존 인덱스 SHA-256 일치, 실제 이미지 전체 디코딩 확인.; PNG 픽셀 디코딩 확인.",3826,,,地面・草むら等
地面・草むら等 — SA-GroundG04.png,autotile,https://yms.main.jp/dotartworld/page3/autotiles01.html,https://yms.main.jp/dotartworld/sozai/autotile2/autotile-ex/SA-GroundG04.png,SA-GroundG04.png,/home/main/.local/share/oprn/pixel-art-world-downloads/SA-GroundG04.png,96,128,db3badaa302e62a9f149086674446d94868049ea1fd77c825ac65732c97883a5,reused_verified,"개인 로컬 수집; 소재 재배포 금지; 공개 작품에 Pixel Art World/ドット絵世界 크레딧. 조건: https://yms.main.jp/dotartworld/page1/rule.html; 기존 인덱스 SHA-256 일치, 실제 이미지 전체 디코딩 확인.; PNG 픽셀 디코딩 확인.",5224,,,地面・草むら等
地面・草むら等 — SA-GroundG05.png,autotile,https://yms.main.jp/dotartworld/page3/autotiles01.html,https://yms.main.jp/dotartworld/sozai/autotile2/autotile-ex/SA-GroundG05.png,SA-GroundG05.png,/home/main/.local/share/oprn/pixel-art-world-downloads/SA-GroundG05.png,96,128,a46f40cf4b95631903da122862e75483e0b178597f5531f9a874c7ed4bfe0820,reused_verified,"개인 로컬 수집; 소재 재배포 금지; 공개 작품에 Pixel Art World/ドット絵世界 크레딧. 조건: https://yms.main.jp/dotartworld/page1/rule.html; 기존 인덱스 SHA-256 일치, 실제 이미지 전체 디코딩 확인.; PNG 픽셀 디코딩 확인.",3618,,,地面・草むら等
地面・草むら等 — SA-GroundG06.png,autotile,https://yms.main.jp/dotartworld/page3/autotiles01.html,https://yms.main.jp/dotartworld/sozai/autotile2/autotile-ex/SA-GroundG06.png,SA-GroundG06.png,/home/main/.local/share/oprn/pixel-art-world-downloads/SA-GroundG06.png,96,128,de4b193908be878d3814f433918e070190089b36dcc768cce03e00679203f37c,reused_verified,"개인 로컬 수집; 소재 재배포 금지; 공개 작품에 Pixel Art World/ドット絵世界 크레딧. 조건: https://yms.main.jp/dotartworld/page1/rule.html; 기존 인덱스 SHA-256 일치, 실제 이미지 전체 디코딩 확인.; PNG 픽셀 디코딩 확인.",3372,,,地面・草むら等
地面・草むら等 — SA-GroundY01.png,autotile,https://yms.main.jp/dotartworld/page3/autotiles01.html,https://yms.main.jp/dotartworld/sozai/autotile2/autotile-ex/SA-GroundY01.png,SA-GroundY01.png,/home/main/.local/share/oprn/pixel-art-world-downloads/SA-GroundY01.png,96,128,e551c1b70fde23a4b7f776a0da43e7d20402fdcfe9de59c18de25af694f6b786,reused_verified,"개인 로컬 수집; 소재 재배포 금지; 공개 작품에 Pixel Art World/ドット絵世界 크레딧. 조건: https://yms.main.jp/dotartworld/page1/rule.html; 기존 인덱스 SHA-256 일치, 실제 이미지 전체 디코딩 확인.; PNG 픽셀 디코딩 확인.",5293,,,地面・草むら等
地面・草むら等 — SA-Ground01.png,autotile,https://yms.main.jp/dotartworld/page3/autotiles01.html,https://yms.main.jp/dotartworld/sozai/autotile2/autotile-ex/SA-Ground01.png,SA-Ground01.png,/home/main/.local/share/oprn/pixel-art-world-downloads/SA-Ground01.png,96,128,ec7f4f6d20889e27ae442ddb4fa9f6823b48f643abcaf31f30eb50cb6a7553ad,reused_verified,"개인 로컬 수집; 소재 재배포 금지; 공개 작품에 Pixel Art World/ドット絵世界 크레딧. 조건: https://yms.main.jp/dotartworld/page1/rule.html; 기존 인덱스 SHA-256 일치, 실제 이미지 전체 디코딩 확인.; PNG 픽셀 디코딩 확인.",10409,,,地面・草むら等
地面・草むら等 — SA-Ground02.png,autotile,https://yms.main.jp/dotartworld/page3/autotiles01.html,https://yms.main.jp/dotartworld/sozai/autotile2/autotile-ex/SA-Ground02.png,SA-Ground02.png,/home/main/.local/share/oprn/pixel-art-world-downloads/SA-Ground02.png,96,128,2b794d7816e7e45cd1f3ec7d8b03364aadcd7e1905bd17585b15b15235eab19e,reused_verified,"개인 로컬 수집; 소재 재배포 금지; 공개 작품에 Pixel Art World/ドット絵世界 크레딧. 조건: https://yms.main.jp/dotartworld/page1/rule.html; 기존 인덱스 SHA-256 일치, 실제 이미지 전체 디코딩 확인.; PNG 픽셀 디코딩 확인.",11491,,,地面・草むら等
地面・草むら等 — SA-Ground03.png,autotile,https://yms.main.jp/dotartworld/page3/autotiles01.html,https://yms.main.jp/dotartworld/sozai/autotile2/autotile-ex/SA-Ground03.png,SA-Ground03.png,/home/main/.local/share/oprn/pixel-art-world-downloads/SA-Ground03.png,96,128,d8bafd342b989100ee2b76cbf7a9528f4b345132b507a445147b8ad0227b5246,reused_verified,"개인 로컬 수집; 소재 재배포 금지; 공개 작품에 Pixel Art World/ドット絵世界 크레딧. 조건: https://yms.main.jp/dotartworld/page1/rule.html; 기존 인덱스 SHA-256 일치, 실제 이미지 전체 디코딩 확인.; PNG 픽셀 디코딩 확인.",11021,,,地面・草むら等
地面・草むら等 — SA-Moss01.png,autotile,https://yms.main.jp/dotartworld/page3/autotiles01.html,https://yms.main.jp/dotartworld/sozai/autotile2/autotile-ex/SA-Moss01.png,SA-Moss01.png,/home/main/.local/share/oprn/pixel-art-world-downloads/SA-Moss01.png,96,128,e51438a218c382b953767b5e0b7c295f6ec608cd0145a898e0388c4200ab1310,reused_verified,"개인 로컬 수집; 소재 재배포 금지; 공개 작품에 Pixel Art World/ドット絵世界 크레딧. 조건: https://yms.main.jp/dotartworld/page1/rule.html; 기존 인덱스 SHA-256 일치, 실제 이미지 전체 디코딩 확인.; PNG 픽셀 디코딩 확인.",2519,,,地面・草むら等
地面・草むら等 — SA-Moss02.png,autotile,https://yms.main.jp/dotartworld/page3/autotiles01.html,https://yms.main.jp/dotartworld/sozai/autotile2/autotile-ex/SA-Moss02.png,SA-Moss02.png,/home/main/.local/share/oprn/pixel-art-world-downloads/SA-Moss02.png,96,128,719bff1b200eb557a49bcfa4c96d36728b42ece5c3643b90c8e8ec8b5e13e1db,reused_verified,"개인 로컬 수집; 소재 재배포 금지; 공개 작품에 Pixel Art World/ドット絵世界 크레딧. 조건: https://yms.main.jp/dotartworld/page1/rule.html; 기존 인덱스 SHA-256 일치, 실제 이미지 전체 디코딩 확인.; PNG 픽셀 디코딩 확인.",3086,,,地面・草むら等
地面・草むら等 — SA-Undulation01.png,autotile,https://yms.main.jp/dotartworld/page3/autotiles01.html,https://yms.main.jp/dotartworld/sozai/autotile2/autotile-ex/SA-Undulation01.png,SA-Undulation01.png,/home/main/.local/share/oprn/pixel-art-world-downloads/SA-Undulation01.png,96,128,62a4ca19ebeeb1bdeabac07b17febd78534507cad722ac61ac9ee6b57e18d376,reused_verified,"개인 로컬 수집; 소재 재배포 금지; 공개 작품에 Pixel Art World/ドット絵世界 크레딧. 조건: https://yms.main.jp/dotartworld/page1/rule.html; 기존 인덱스 SHA-256 일치, 실제 이미지 전체 디코딩 확인.; PNG 픽셀 디코딩 확인.",12186,,,地面・草むら等
地面・草むら等 — SA-Undulation02.png,autotile,https://yms.main.jp/dotartworld/page3/autotiles01.html,https://yms.main.jp/dotartworld/sozai/autotile2/autotile-ex/SA-Undulation02.png,SA-Undulation02.png,/home/main/.local/share/oprn/pixel-art-world-downloads/SA-Undulation02.png,96,128,740f4bf70b52cd78d0214e2a1683c253fae3ab466a1a20faed9dd69cecbd5083,reused_verified,"개인 로컬 수집; 소재 재배포 금지; 공개 작품에 Pixel Art World/ドット絵世界 크레딧. 조건: https://yms.main.jp/dotartworld/page1/rule.html; 기존 인덱스 SHA-256 일치, 실제 이미지 전체 디코딩 확인.; PNG 픽셀 디코딩 확인.",12602,,,地面・草むら等
地面・草むら等 — SA-GRoad01.png,autotile,https://yms.main.jp/dotartworld/page3/autotiles01.html,https://yms.main.jp/dotartworld/sozai/autotile2/autotile-ex/SA-GRoad01.png,SA-GRoad01.png,/home/main/.local/share/oprn/pixel-art-world-downloads/SA-GRoad01.png,96,128,065b747bc0b0562b1d1780786adfaac8338635927ea0ce5f3c9e09675eb291ce,reused_verified,"개인 로컬 수집; 소재 재배포 금지; 공개 작품에 Pixel Art World/ドット絵世界 크레딧. 조건: https://yms.main.jp/dotartworld/page1/rule.html; 기존 인덱스 SHA-256 일치, 실제 이미지 전체 디코딩 확인.; PNG 픽셀 디코딩 확인.",3181,,,地面・草むら等
地面・草むら等 — SA-GRoad02.png,autotile,https://yms.main.jp/dotartworld/page3/autotiles01.html,https://yms.main.jp/dotartworld/sozai/autotile2/autotile-ex/SA-GRoad02.png,SA-GRoad02.png,/home/main/.local/share/oprn/pixel-art-world-downloads/SA-GRoad02.png,96,128,63b35b9bc8da8f814c9fc872c7c3dfa7def7ac0a8b6767448561b09f790b31c7,reused_verified,"개인 로컬 수집; 소재 재배포 금지; 공개 작품에 Pixel Art World/ドット絵世界 크레딧. 조건: https://yms.main.jp/dotartworld/page1/rule.html; 기존 인덱스 SHA-256 일치, 실제 이미지 전체 디코딩 확인.; PNG 픽셀 디코딩 확인.",3605,,,地面・草むら等
地面・草むら等 — SA-SRoad01.png,autotile,https://yms.main.jp/dotartworld/page3/autotiles01.html,https://yms.main.jp/dotartworld/sozai/autotile2/autotile-ex/SA-SRoad01.png,SA-SRoad01.png,/home/main/.local/share/oprn/pixel-art-world-downloads/SA-SRoad01.png,96,128,f984b3e50ff5b2ccf1b94eb441c41f343eabfe7dd5ee1f64e48dbd0a0e12340f,reused_verified,"개인 로컬 수집; 소재 재배포 금지; 공개 작품에 Pixel Art World/ドット絵世界 크레딧. 조건: https://yms.main.jp/dotartworld/page1/rule.html; 기존 인덱스 SHA-256 일치, 실제 이미지 전체 디코딩 확인.; PNG 픽셀 디코딩 확인.",4362,,,地面・草むら等
地面・草むら等 — SA-SRoad02.png,autotile,https://yms.main.jp/dotartworld/page3/autotiles01.html,https://yms.main.jp/dotartworld/sozai/autotile2/autotile-ex/SA-SRoad02.png,SA-SRoad02.png,/home/main/.local/share/oprn/pixel-art-world-downloads/SA-SRoad02.png,96,128,a072e8ec0bbf0d5df83d16e526154df493c4975bdf3e2d1028cbbaac56fd2d90,reused_verified,"개인 로컬 수집; 소재 재배포 금지; 공개 작품에 Pixel Art World/ドット絵世界 크레딧. 조건: https://yms.main.jp/dotartworld/page1/rule.html; 기존 인덱스 SHA-256 일치, 실제 이미지 전체 디코딩 확인.; PNG 픽셀 디코딩 확인.",4045,,,地面・草むら等
地面・草むら等 — SA-GrassC01.png,autotile,https://yms.main.jp/dotartworld/page3/autotiles01.html,https://yms.main.jp/dotartworld/sozai/autotile2/autotile-ex/SA-GrassC01.png,SA-GrassC01.png,/home/main/.local/share/oprn/pixel-art-world-downloads/SA-GrassC01.png,96,128,707722057efcc37367c73a98cc1e78d51fb704afc9a743d03f65f56118afc97a,reused_verified,"개인 로컬 수집; 소재 재배포 금지; 공개 작품에 Pixel Art World/ドット絵世界 크레딧. 조건: https://yms.main.jp/dotartworld/page1/rule.html; 기존 인덱스 SHA-256 일치, 실제 이미지 전체 디코딩 확인.; PNG 픽셀 디코딩 확인.",2036,,,地面・草むら等
地面・草むら等 — SA-GrassC02.png,autotile,https://yms.main.jp/dotartworld/page3/autotiles01.html,https://yms.main.jp/dotartworld/sozai/autotile2/autotile-ex/SA-GrassC02.png,SA-GrassC02.png,/home/main/.local/share/oprn/pixel-art-world-downloads/SA-GrassC02.png,96,128,a09d78e5cb1997f2e8edd711732793868dee0228a9c51fc6ae932ce379c5699a,reused_verified,"개인 로컬 수집; 소재 재배포 금지; 공개 작품에 Pixel Art World/ドット絵世界 크레딧. 조건: https://yms.main.jp/dotartworld/page1/rule.html; 기존 인덱스 SHA-256 일치, 실제 이미지 전체 디코딩 확인.; PNG 픽셀 디코딩 확인.",1923,,,地面・草むら等
地面・草むら等 — SA-GrassC03.png,autotile,https://yms.main.jp/dotartworld/page3/autotiles01.html,https://yms.main.jp/dotartworld/sozai/autotile2/autotile-ex/SA-GrassC03.png,SA-GrassC03.png,/home/main/.local/share/oprn/pixel-art-world-downloads/SA-GrassC03.png,96,128,036bb7b541cd28a793125503d9db7b098879e1d366fe3c69414bcddd29f31c26,reused_verified,"개인 로컬 수집; 소재 재배포 금지; 공개 작품에 Pixel Art World/ドット絵世界 크레딧. 조건: https://yms.main.jp/dotartworld/page1/rule.html; 기존 인덱스 SHA-256 일치, 실제 이미지 전체 디코딩 확인.; PNG 픽셀 디코딩 확인.",1331,,,地面・草むら等
地面・草むら等 — SA-GrassD01.png,autotile,https://yms.main.jp/dotartworld/page3/autotiles01.html,https://yms.main.jp/dotartworld/sozai/autotile2/autotile-ex/SA-GrassD01.png,SA-GrassD01.png,/home/main/.local/share/oprn/pixel-art-world-downloads/SA-GrassD01.png,96,128,f742ce5684f839f580f2fed551c2dd094455b7d03972568525fbc8fcf9080e69,reused_verified,"개인 로컬 수집; 소재 재배포 금지; 공개 작품에 Pixel Art World/ドット絵世界 크레딧. 조건: https://yms.main.jp/dotartworld/page1/rule.html; 기존 인덱스 SHA-256 일치, 실제 이미지 전체 디코딩 확인.; PNG 픽셀 디코딩 확인.",2036,,,地面・草むら等
地面・草むら等 — SA-GrassD02.png,autotile,https://yms.main.jp/dotartworld/page3/autotiles01.html,https://yms.main.jp/dotartworld/sozai/autotile2/autotile-ex/SA-GrassD02.png,SA-GrassD02.png,/home/main/.local/share/oprn/pixel-art-world-downloads/SA-GrassD02.png,96,128,381c7aff9cb4835f9e63d30e1d6aba2ce13441ff2983a38fc4bd6825235de38d,reused_verified,"개인 로컬 수집; 소재 재배포 금지; 공개 작품에 Pixel Art World/ドット絵世界 크레딧. 조건: https://yms.main.jp/dotartworld/page1/rule.html; 기존 인덱스 SHA-256 일치, 실제 이미지 전체 디코딩 확인.; PNG 픽셀 디코딩 확인.",1923,,,地面・草むら等
地面・草むら等 — SA-GrassD03.png,autotile,https://yms.main.jp/dotartworld/page3/autotiles01.html,https://yms.main.jp/dotartworld/sozai/autotile2/autotile-ex/SA-GrassD03.png,SA-GrassD03.png,/home/main/.local/share/oprn/pixel-art-world-downloads/SA-GrassD03.png,96,128,c7553f8a6e583a8d7ce1fe1becd05671ef34e3d89ec125416bf42560c167134c,reused_verified,"개인 로컬 수집; 소재 재배포 금지; 공개 작품에 Pixel Art World/ドット絵世界 크레딧. 조건: https://yms.main.jp/dotartworld/page1/rule.html; 기존 인덱스 SHA-256 일치, 실제 이미지 전체 디코딩 확인.; PNG 픽셀 디코딩 확인.",1334,,,地面・草むら等
地面・草むら等 — SA-GrassE01.png,autotile,https://yms.main.jp/dotartworld/page3/autotiles01.html,https://yms.main.jp/dotartworld/sozai/autotile2/autotile-ex/SA-GrassE01.png,SA-GrassE01.png,/home/main/.local/share/oprn/pixel-art-world-downloads/SA-GrassE01.png,96,128,e3ed42d5e81d07a25abec24511f8c6be4ad8856ecc7bbd62a1e6987bb9565bd2,reused_verified,"개인 로컬 수집; 소재 재배포 금지; 공개 작품에 Pixel Art World/ドット絵世界 크레딧. 조건: https://yms.main.jp/dotartworld/page1/rule.html; 기존 인덱스 SHA-256 일치, 실제 이미지 전체 디코딩 확인.; PNG 픽셀 디코딩 확인.",3129,,,地面・草むら等
地面・草むら等 — SA-GrassE02.png,autotile,https://yms.main.jp/dotartworld/page3/autotiles01.html,https://yms.main.jp/dotartworld/sozai/autotile2/autotile-ex/SA-GrassE02.png,SA-GrassE02.png,/home/main/.local/share/oprn/pixel-art-world-downloads/SA-GrassE02.png,96,128,07995fa77a79f1181f6c91d3bc0eba573f6c561f8cf6b79e9c0820d1d490c9dc,reused_verified,"개인 로컬 수집; 소재 재배포 금지; 공개 작품에 Pixel Art World/ドット絵世界 크레딧. 조건: https://yms.main.jp/dotartworld/page1/rule.html; 기존 인덱스 SHA-256 일치, 실제 이미지 전체 디코딩 확인.; PNG 픽셀 디코딩 확인.",3370,,,地面・草むら等
地面・草むら等 — SA-GrassE03.png,autotile,https://yms.main.jp/dotartworld/page3/autotiles01.html,https://yms.main.jp/dotartworld/sozai/autotile2/autotile-ex/SA-GrassE03.png,SA-GrassE03.png,/home/main/.local/share/oprn/pixel-art-world-downloads/SA-GrassE03.png,96,128,42d80aa5706c9e0731847cbcccfee1fa6fdd1cb1d922dc57af83dfe2de4d3671,reused_verified,"개인 로컬 수집; 소재 재배포 금지; 공개 작품에 Pixel Art World/ドット絵世界 크레딧. 조건: https://yms.main.jp/dotartworld/page1/rule.html; 기존 인덱스 SHA-256 일치, 실제 이미지 전체 디코딩 확인.; PNG 픽셀 디코딩 확인.",3069,,,地面・草むら等
地面・草むら等 — SA-GrassE04.png,autotile,https://yms.main.jp/dotartworld/page3/autotiles01.html,https://yms.main.jp/dotartworld/sozai/autotile2/autotile-ex/SA-GrassE04.png,SA-GrassE04.png,/home/main/.local/share/oprn/pixel-art-world-downloads/SA-GrassE04.png,96,128,a5f2ec7743d4f6b297d2160237d3bec311ca8ab7e3b8fb3fe3258b67efe55ee5,reused_verified,"개인 로컬 수집; 소재 재배포 금지; 공개 작품에 Pixel Art World/ドット絵世界 크레딧. 조건: https://yms.main.jp/dotartworld/page1/rule.html; 기존 인덱스 SHA-256 일치, 실제 이미지 전체 디코딩 확인.; PNG 픽셀 디코딩 확인.",5495,,,地面・草むら等
地面・草むら等 — SA-GrassE05.png,autotile,https://yms.main.jp/dotartworld/page3/autotiles01.html,https://yms.main.jp/dotartworld/sozai/autotile2/autotile-ex/SA-GrassE05.png,SA-GrassE05.png,/home/main/.local/share/oprn/pixel-art-world-downloads/SA-GrassE05.png,96,128,7e45bf8a331251fce53effc385a85d4580ddfcc076a147790979a25cd82c4f95,reused_verified,"개인 로컬 수집; 소재 재배포 금지; 공개 작품에 Pixel Art World/ドット絵世界 크레딧. 조건: https://yms.main.jp/dotartworld/page1/rule.html; 기존 인덱스 SHA-256 일치, 실제 이미지 전체 디코딩 확인.; PNG 픽셀 디코딩 확인.",4166,,,地面・草むら等
地面・草むら等 — SA-GrassE06.png,autotile,https://yms.main.jp/dotartworld/page3/autotiles01.html,https://yms.main.jp/dotartworld/sozai/autotile2/autotile-ex/SA-GrassE06.png,SA-GrassE06.png,/home/main/.local/share/oprn/pixel-art-world-downloads/SA-GrassE06.png,96,128,e3f47c770799b1c44b91eb31c3947622a0ce4382c800d642f5c908f664237d78,reused_verified,"개인 로컬 수집; 소재 재배포 금지; 공개 작품에 Pixel Art World/ドット絵世界 크레딧. 조건: https://yms.main.jp/dotartworld/page1/rule.html; 기존 인덱스 SHA-256 일치, 실제 이미지 전체 디코딩 확인.; PNG 픽셀 디코딩 확인.",4368,,,地面・草むら等
地面・草むら等 — SA-Seawds01.png,autotile,https://yms.main.jp/dotartworld/page3/autotiles01.html,https://yms.main.jp/dotartworld/sozai/autotile2/autotile-ex/SA-Seawds01.png,SA-Seawds01.png,/home/main/.local/share/oprn/pixel-art-world-downloads/SA-Seawds01.png,96,128,d4cbc1540c7894c1e9832d8a1d896099a764dc59f3f32721d6832a78b637c693,reused_verified,"개인 로컬 수집; 소재 재배포 금지; 공개 작품에 Pixel Art World/ドット絵世界 크레딧. 조건: https://yms.main.jp/dotartworld/page1/rule.html; 기존 인덱스 SHA-256 일치, 실제 이미지 전체 디코딩 확인.; PNG 픽셀 디코딩 확인.",1615,,,地面・草むら等
畑 — SA-Hatake01.png,autotile,https://yms.main.jp/dotartworld/page3/autotiles01.html,https://yms.main.jp/dotartworld/sozai/autotile2/autotile-ex/SA-Hatake01.png,SA-Hatake01.png,/home/main/.local/share/oprn/pixel-art-world-downloads/SA-Hatake01.png,96,128,cb33fb4239613479abb4f705faaabef10a9e940d60b349dd5a535a41f65d5da8,reused_verified,"개인 로컬 수집; 소재 재배포 금지; 공개 작품에 Pixel Art World/ドット絵世界 크레딧. 조건: https://yms.main.jp/dotartworld/page1/rule.html; 기존 인덱스 SHA-256 일치, 실제 이미지 전체 디코딩 확인.; PNG 픽셀 디코딩 확인.",3655,,,畑
畑 — SA-Hatake02.png,autotile,https://yms.main.jp/dotartworld/page3/autotiles01.html,https://yms.main.jp/dotartworld/sozai/autotile2/autotile-ex/SA-Hatake02.png,SA-Hatake02.png,/home/main/.local/share/oprn/pixel-art-world-downloads/SA-Hatake02.png,96,128,02042abd8b045fc5d784b0e98b21f5aff4000bedebc3b03c5a264a431447b144,reused_verified,"개인 로컬 수집; 소재 재배포 금지; 공개 작품에 Pixel Art World/ドット絵世界 크레딧. 조건: https://yms.main.jp/dotartworld/page1/rule.html; 기존 인덱스 SHA-256 일치, 실제 이미지 전체 디코딩 확인.; PNG 픽셀 디코딩 확인.",3906,,,畑
畑 — SA-Hatake03.png,autotile,https://yms.main.jp/dotartworld/page3/autotiles01.html,https://yms.main.jp/dotartworld/sozai/autotile2/autotile-ex/SA-Hatake03.png,SA-Hatake03.png,/home/main/.local/share/oprn/pixel-art-world-downloads/SA-Hatake03.png,96,128,f85f57fc22fb0b791b8528fb1329285750c3e85293ef9d11cdd61ddfb6fe7a69,reused_verified,"개인 로컬 수집; 소재 재배포 금지; 공개 작품에 Pixel Art World/ドット絵世界 크레딧. 조건: https://yms.main.jp/dotartworld/page1/rule.html; 기존 인덱스 SHA-256 일치, 실제 이미지 전체 디코딩 확인.; PNG 픽셀 디코딩 확인.",3658,,,畑
畑 — SA-Hatake04.png,autotile,https://yms.main.jp/dotartworld/page3/autotiles01.html,https://yms.main.jp/dotartworld/sozai/autotile2/autotile-ex/SA-Hatake04.png,SA-Hatake04.png,/home/main/.local/share/oprn/pixel-art-world-downloads/SA-Hatake04.png,96,128,7cbcb9991ffa4c3e576e5b149afe76c20b197b1766fc59ab19cf09ac882c1225,reused_verified,"개인 로컬 수집; 소재 재배포 금지; 공개 작품에 Pixel Art World/ドット絵世界 크레딧. 조건: https://yms.main.jp/dotartworld/page1/rule.html; 기존 인덱스 SHA-256 일치, 실제 이미지 전체 디코딩 확인.; PNG 픽셀 디코딩 확인.",3673,,,畑
畑 — SA-Hatake05.png,autotile,https://yms.main.jp/dotartworld/page3/autotiles01.html,https://yms.main.jp/dotartworld/sozai/autotile2/autotile-ex/SA-Hatake05.png,SA-Hatake05.png,/home/main/.local/share/oprn/pixel-art-world-downloads/SA-Hatake05.png,96,128,82aafb6427b178ad242dcd6415300b74361f314b55d303ccf695fbda58f7248e,reused_verified,"개인 로컬 수집; 소재 재배포 금지; 공개 작품에 Pixel Art World/ドット絵世界 크레딧. 조건: https://yms.main.jp/dotartworld/page1/rule.html; 기존 인덱스 SHA-256 일치, 실제 이미지 전체 디코딩 확인.; PNG 픽셀 디코딩 확인.",3949,,,畑
畑 — SA-Hatake06.png,autotile,https://yms.main.jp/dotartworld/page3/autotiles01.html,https://yms.main.jp/dotartworld/sozai/autotile2/autotile-ex/SA-Hatake06.png,SA-Hatake06.png,/home/main/.local/share/oprn/pixel-art-world-downloads/SA-Hatake06.png,96,128,99c3bcc6ccd4ead736b635c98c82a16ba6e24421550b0d431cff4144a8e53578,reused_verified,"개인 로컬 수집; 소재 재배포 금지; 공개 작품에 Pixel Art World/ドット絵世界 크레딧. 조건: https://yms.main.jp/dotartworld/page1/rule.html; 기존 인덱스 SHA-256 일치, 실제 이미지 전체 디코딩 확인.; PNG 픽셀 디코딩 확인.",3788,,,畑
畑 — SA-HatakeB01.png,autotile,https://yms.main.jp/dotartworld/page3/autotiles01.html,https://yms.main.jp/dotartworld/sozai/autotile2/autotile-ex/SA-HatakeB01.png,SA-HatakeB01.png,/home/main/.local/share/oprn/pixel-art-world-downloads/SA-HatakeB01.png,96,128,9b12d0270dbd431b76c565e95f33ee7f51f9606415edfe3ecfcef92eb1c3b099,reused_verified,"개인 로컬 수집; 소재 재배포 금지; 공개 작품에 Pixel Art World/ドット絵世界 크레딧. 조건: https://yms.main.jp/dotartworld/page1/rule.html; 기존 인덱스 SHA-256 일치, 실제 이미지 전체 디코딩 확인.; PNG 픽셀 디코딩 확인.",3867,,,畑
畑 — SA-HatakeB02.png,autotile,https://yms.main.jp/dotartworld/page3/autotiles01.html,https://yms.main.jp/dotartworld/sozai/autotile2/autotile-ex/SA-HatakeB02.png,SA-HatakeB02.png,/home/main/.local/share/oprn/pixel-art-world-downloads/SA-HatakeB02.png,96,128,da57b8718ee974a9482dcde762183a64e5925a07d3792f165c4e17a12bfcfff1,reused_verified,"개인 로컬 수집; 소재 재배포 금지; 공개 작품에 Pixel Art World/ドット絵世界 크레딧. 조건: https://yms.main.jp/dotartworld/page1/rule.html; 기존 인덱스 SHA-256 일치, 실제 이미지 전체 디코딩 확인.; PNG 픽셀 디코딩 확인.",3909,,,畑
畑 — SA-HatakeB03.png,autotile,https://yms.main.jp/dotartworld/page3/autotiles01.html,https://yms.main.jp/dotartworld/sozai/autotile2/autotile-ex/SA-HatakeB03.png,SA-HatakeB03.png,/home/main/.local/share/oprn/pixel-art-world-downloads/SA-HatakeB03.png,96,128,a9b9ce37b9280984c5e3426157aeb716d693c089cd1999313d80dde56489d5a0,reused_verified,"개인 로컬 수집; 소재 재배포 금지; 공개 작품에 Pixel Art World/ドット絵世界 크레딧. 조건: https://yms.main.jp/dotartworld/page1/rule.html; 기존 인덱스 SHA-256 일치, 실제 이미지 전체 디코딩 확인.; PNG 픽셀 디코딩 확인.",3921,,,畑
畑 — SA-HatakeB04.png,autotile,https://yms.main.jp/dotartworld/page3/autotiles01.html,https://yms.main.jp/dotartworld/sozai/autotile2/autotile-ex/SA-HatakeB04.png,SA-HatakeB04.png,/home/main/.local/share/oprn/pixel-art-world-downloads/SA-HatakeB04.png,96,128,01466cdfed00529581f8c14ba6b4f188212c07992cde88dddef7effb14ef0b78,reused_verified,"개인 로컬 수집; 소재 재배포 금지; 공개 작품에 Pixel Art World/ドット絵世界 크레딧. 조건: https://yms.main.jp/dotartworld/page1/rule.html; 기존 인덱스 SHA-256 일치, 실제 이미지 전체 디코딩 확인.; PNG 픽셀 디코딩 확인.",3853,,,畑
畑 — SA-HatakeB05.png,autotile,https://yms.main.jp/dotartworld/page3/autotiles01.html,https://yms.main.jp/dotartworld/sozai/autotile2/autotile-ex/SA-HatakeB05.png,SA-HatakeB05.png,/home/main/.local/share/oprn/pixel-art-world-downloads/SA-HatakeB05.png,96,128,3ade22091f7c5f1a04be6dd16ecb7708fe88efcfa952c0ed1972ba8eac2aca2e,reused_verified,"개인 로컬 수집; 소재 재배포 금지; 공개 작품에 Pixel Art World/ドット絵世界 크레딧. 조건: https://yms.main.jp/dotartworld/page1/rule.html; 기존 인덱스 SHA-256 일치, 실제 이미지 전체 디코딩 확인.; PNG 픽셀 디코딩 확인.",3969,,,畑
畑 — SA-HatakeB06.png,autotile,https://yms.main.jp/dotartworld/page3/autotiles01.html,https://yms.main.jp/dotartworld/sozai/autotile2/autotile-ex/SA-HatakeB06.png,SA-HatakeB06.png,/home/main/.local/share/oprn/pixel-art-world-downloads/SA-HatakeB06.png,96,128,04a7d0dd6bc45e674bd6d3ec684dbf412bad927e2741d22bfe3e3b5dcec2661c,reused_verified,"개인 로컬 수집; 소재 재배포 금지; 공개 작품에 Pixel Art World/ドット絵世界 크레딧. 조건: https://yms.main.jp/dotartworld/page1/rule.html; 기존 인덱스 SHA-256 일치, 실제 이미지 전체 디코딩 확인.; PNG 픽셀 디코딩 확인.",3750,,,畑
花壇・植え込み — SA-GBorderA01.png,autotile,https://yms.main.jp/dotartworld/page3/autotiles01.html,https://yms.main.jp/dotartworld/sozai/autotile2/autotile-ex/SA-GBorderA01.png,SA-GBorderA01.png,/home/main/.local/share/oprn/pixel-art-world-downloads/SA-GBorderA01.png,96,128,8b6daad6a51892ee50c3dd3eb595ced93e4428954483380f08481b6dc80ec0a2,reused_verified,"개인 로컬 수집; 소재 재배포 금지; 공개 작품에 Pixel Art World/ドット絵世界 크레딧. 조건: https://yms.main.jp/dotartworld/page1/rule.html; 기존 인덱스 SHA-256 일치, 실제 이미지 전체 디코딩 확인.; PNG 픽셀 디코딩 확인.",2294,,,花壇・植え込み
花壇・植え込み — SA-GBorderA02.png,autotile,https://yms.main.jp/dotartworld/page3/autotiles01.html,https://yms.main.jp/dotartworld/sozai/autotile2/autotile-ex/SA-GBorderA02.png,SA-GBorderA02.png,/home/main/.local/share/oprn/pixel-art-world-downloads/SA-GBorderA02.png,96,128,7a24cf7a6398ad1f6ccd6f57790d4487a684397c0ad969f0cabe83efd3f2f0bb,reused_verified,"개인 로컬 수집; 소재 재배포 금지; 공개 작품에 Pixel Art World/ドット絵世界 크레딧. 조건: https://yms.main.jp/dotartworld/page1/rule.html; 기존 인덱스 SHA-256 일치, 실제 이미지 전체 디코딩 확인.; PNG 픽셀 디코딩 확인.",2760,,,花壇・植え込み
花壇・植え込み — SA-GBorderC01.png,autotile,https://yms.main.jp/dotartworld/page3/autotiles01.html,https://yms.main.jp/dotartworld/sozai/autotile2/autotile-ex/SA-GBorderC01.png,SA-GBorderC01.png,/home/main/.local/share/oprn/pixel-art-world-downloads/SA-GBorderC01.png,96,128,f3755cd0c2b6b02a9c162222585b6b3bcceb44f6195a997122b755459fe3da59,reused_verified,"개인 로컬 수집; 소재 재배포 금지; 공개 작품에 Pixel Art World/ドット絵世界 크레딧. 조건: https://yms.main.jp/dotartworld/page1/rule.html; 기존 인덱스 SHA-256 일치, 실제 이미지 전체 디코딩 확인.; PNG 픽셀 디코딩 확인.",1383,,,花壇・植え込み
花壇・植え込み — SA-GBorderB01.png,autotile,https://yms.main.jp/dotartworld/page3/autotiles01.html,https://yms.main.jp/dotartworld/sozai/autotile2/autotile-ex/SA-GBorderB01.png,SA-GBorderB01.png,/home/main/.local/share/oprn/pixel-art-world-downloads/SA-GBorderB01.png,96,128,d8687ddc3e78b75e302f7ad907fce193d72294d72a51ca560048eb5debc77409,reused_verified,"개인 로컬 수집; 소재 재배포 금지; 공개 작품에 Pixel Art World/ドット絵世界 크레딧. 조건: https://yms.main.jp/dotartworld/page1/rule.html; 기존 인덱스 SHA-256 일치, 실제 이미지 전체 디코딩 확인.; PNG 픽셀 디코딩 확인.",2641,,,花壇・植え込み
花壇・植え込み — SA-GBorderB02.png,autotile,https://yms.main.jp/dotartworld/page3/autotiles01.html,https://yms.main.jp/dotartworld/sozai/autotile2/autotile-ex/SA-GBorderB02.png,SA-GBorderB02.png,/home/main/.local/share/oprn/pixel-art-world-downloads/SA-GBorderB02.png,96,128,64062ac74e79ab7fccb291afd4f26408142d78b510ebdefbdb24b41c650dba1d,reused_verified,"개인 로컬 수집; 소재 재배포 금지; 공개 작품에 Pixel Art World/ドット絵世界 크레딧. 조건: https://yms.main.jp/dotartworld/page1/rule.html; 기존 인덱스 SHA-256 일치, 실제 이미지 전체 디코딩 확인.; PNG 픽셀 디코딩 확인.",3750,,,花壇・植え込み
花壇・植え込み — SA-Stone01.png,autotile,https://yms.main.jp/dotartworld/page3/autotiles01.html,https://yms.main.jp/dotartworld/sozai/autotile2/autotile-ex/SA-Stone01.png,SA-Stone01.png,/home/main/.local/share/oprn/pixel-art-world-downloads/SA-Stone01.png,96,128,3a77115da410d18348181dd4ebc653cbe39a07d5ef3ea7451359765b53dec0f2,reused_verified,"개인 로컬 수집; 소재 재배포 금지; 공개 작품에 Pixel Art World/ドット絵世界 크레딧. 조건: https://yms.main.jp/dotartworld/page1/rule.html; 기존 인덱스 SHA-256 일치, 실제 이미지 전체 디코딩 확인.; PNG 픽셀 디코딩 확인.",17463,,,花壇・植え込み
花壇・植え込み — SA-Kadan01.png,autotile,https://yms.main.jp/dotartworld/page3/autotiles01.html,https://yms.main.jp/dotartworld/sozai/autotile2/autotile-ex/SA-Kadan01.png,SA-Kadan01.png,/home/main/.local/share/oprn/pixel-art-world-downloads/SA-Kadan01.png,96,128,bc7093707fe1b85ad1755b236531fe26b46f83f21cae463773f2668481ecfdc4,reused_verified,"개인 로컬 수집; 소재 재배포 금지; 공개 작품에 Pixel Art World/ドット絵世界 크레딧. 조건: https://yms.main.jp/dotartworld/page1/rule.html; 기존 인덱스 SHA-256 일치, 실제 이미지 전체 디코딩 확인.; PNG 픽셀 디코딩 확인.",2077,,,花壇・植え込み
花壇・植え込み — SA-Kadan02.png,autotile,https://yms.main.jp/dotartworld/page3/autotiles01.html,https://yms.main.jp/dotartworld/sozai/autotile2/autotile-ex/SA-Kadan02.png,SA-Kadan02.png,/home/main/.local/share/oprn/pixel-art-world-downloads/SA-Kadan02.png,96,128,22dd9be0d28919cbdd8569be3e12d37bde4e2f7c28b2c751d5452de37a928c57,reused_verified,"개인 로컬 수집; 소재 재배포 금지; 공개 작품에 Pixel Art World/ドット絵世界 크레딧. 조건: https://yms.main.jp/dotartworld/page1/rule.html; 기존 인덱스 SHA-256 일치, 실제 이미지 전체 디코딩 확인.; PNG 픽셀 디코딩 확인.",2705,,,花壇・植え込み
花壇・植え込み — SA-Kadan03.png,autotile,https://yms.main.jp/dotartworld/page3/autotiles01.html,https://yms.main.jp/dotartworld/sozai/autotile2/autotile-ex/SA-Kadan03.png,SA-Kadan03.png,/home/main/.local/share/oprn/pixel-art-world-downloads/SA-Kadan03.png,96,128,01a01f5f03a6d63be300fd787519b230334253c1d3f21621ef5060a91a501c89,reused_verified,"개인 로컬 수집; 소재 재배포 금지; 공개 작품에 Pixel Art World/ドット絵世界 크레딧. 조건: https://yms.main.jp/dotartworld/page1/rule.html; 기존 인덱스 SHA-256 일치, 실제 이미지 전체 디코딩 확인.; PNG 픽셀 디코딩 확인.",2280,,,花壇・植え込み
花壇・植え込み — SA-GBorderC03.png,autotile,https://yms.main.jp/dotartworld/page3/autotiles01.html,https://yms.main.jp/dotartworld/sozai/autotile2/autotile-ex/SA-GBorderC03.png,SA-GBorderC03.png,/home/main/.local/share/oprn/pixel-art-world-downloads/SA-GBorderC03.png,96,128,526b8eaa252ecead2417d9799340805bb67044248da385407b33396d401991e4,reused_verified,"개인 로컬 수집; 소재 재배포 금지; 공개 작품에 Pixel Art World/ドット絵世界 크레딧. 조건: https://yms.main.jp/dotartworld/page1/rule.html; 기존 인덱스 SHA-256 일치, 실제 이미지 전체 디코딩 확인.; PNG 픽셀 디코딩 확인.",3447,,,花壇・植え込み
花壇・植え込み — SA-Flower01.png,autotile,https://yms.main.jp/dotartworld/page3/autotiles01.html,https://yms.main.jp/dotartworld/sozai/autotile2/autotile-ex/SA-Flower01.png,SA-Flower01.png,/home/main/.local/share/oprn/pixel-art-world-downloads/SA-Flower01.png,96,128,bad6589aa0a5b577e87e5e1e335b33210bb50f9586978a016d162cb2a5eceb8f,reused_verified,"개인 로컬 수집; 소재 재배포 금지; 공개 작품에 Pixel Art World/ドット絵世界 크레딧. 조건: https://yms.main.jp/dotartworld/page1/rule.html; 기존 인덱스 SHA-256 일치, 실제 이미지 전체 디코딩 확인.; PNG 픽셀 디코딩 확인.",4894,,,花壇・植え込み
花壇・植え込み — SA-GBorderC02.png,autotile,https://yms.main.jp/dotartworld/page3/autotiles01.html,https://yms.main.jp/dotartworld/sozai/autotile2/autotile-ex/SA-GBorderC02.png,SA-GBorderC02.png,/home/main/.local/share/oprn/pixel-art-world-downloads/SA-GBorderC02.png,96,128,5099645c9ca3362cc1a692886eb354489b45d74bd5ceb3b6353aa0bc16564f2c,reused_verified,"개인 로컬 수집; 소재 재배포 금지; 공개 작품에 Pixel Art World/ドット絵世界 크레딧. 조건: https://yms.main.jp/dotartworld/page1/rule.html; 기존 인덱스 SHA-256 일치, 실제 이미지 전체 디코딩 확인.; PNG 픽셀 디코딩 확인.",1571,,,花壇・植え込み
花壇・植え込み — SA-StFence01.png,autotile,https://yms.main.jp/dotartworld/page3/autotiles01.html,https://yms.main.jp/dotartworld/sozai/autotile2/autotile-ex/SA-StFence01.png,SA-StFence01.png,/home/main/.local/share/oprn/pixel-art-world-downloads/SA-StFence01.png,96,128,33c40faba03031fdca7b7bb5ebf2d9d93126b35da8b75f6d534c1a58bc03fbc4,reused_verified,"개인 로컬 수집; 소재 재배포 금지; 공개 작품에 Pixel Art World/ドット絵世界 크레딧. 조건: https://yms.main.jp/dotartworld/page1/rule.html; 기존 인덱스 SHA-256 일치, 실제 이미지 전체 디코딩 확인.; PNG 픽셀 디코딩 확인.",4070,,,花壇・植え込み
花壇・植え込み — SA-StFence02.png,autotile,https://yms.main.jp/dotartworld/page3/autotiles01.html,https://yms.main.jp/dotartworld/sozai/autotile2/autotile-ex/SA-StFence02.png,SA-StFence02.png,/home/main/.local/share/oprn/pixel-art-world-downloads/SA-StFence02.png,96,128,af0108cc4a48bb9c073a9d68d2d2dbef4049b7fb5c6ae7f975106fb62fc11c5f,reused_verified,"개인 로컬 수집; 소재 재배포 금지; 공개 작품에 Pixel Art World/ドット絵世界 크레딧. 조건: https://yms.main.jp/dotartworld/page1/rule.html; 기존 인덱스 SHA-256 일치, 실제 이미지 전체 디코딩 확인.; PNG 픽셀 디코딩 확인.",3561,,,花壇・植え込み
花壇・植え込み — SA-StFence03.png,autotile,https://yms.main.jp/dotartworld/page3/autotiles01.html,https://yms.main.jp/dotartworld/sozai/autotile2/autotile-ex/SA-StFence03.png,SA-StFence03.png,/home/main/.local/share/oprn/pixel-art-world-downloads/SA-StFence03.png,96,128,7840db31e83bde5e12c26a67392a2de4b061a24f9cd455a14422e6703593f61f,reused_verified,"개인 로컬 수집; 소재 재배포 금지; 공개 작품에 Pixel Art World/ドット絵世界 크레딧. 조건: https://yms.main.jp/dotartworld/page1/rule.html; 기존 인덱스 SHA-256 일치, 실제 이미지 전체 디코딩 확인.; PNG 픽셀 디코딩 확인.",9093,,,花壇・植え込み
編集用 — SA-GroundBase01.png,autotile,https://yms.main.jp/dotartworld/page3/autotiles01.html,https://yms.main.jp/dotartworld/sozai/autotile2/autotile-ex/SA-GroundBase01.png,SA-GroundBase01.png,/home/main/.local/share/oprn/pixel-art-world-downloads/SA-GroundBase01.png,96,128,df2f0cfbbbe3fac3a80c4cdedce08b57d7aa8373b457d1090f5773ac28b98b3d,reused_verified,"개인 로컬 수집; 소재 재배포 금지; 공개 작품에 Pixel Art World/ドット絵世界 크레딧. 조건: https://yms.main.jp/dotartworld/page1/rule.html; 기존 인덱스 SHA-256 일치, 실제 이미지 전체 디코딩 확인.; PNG 픽셀 디코딩 확인.",2097,,,編集用
編集用 — SA-StFenceBase.png,autotile,https://yms.main.jp/dotartworld/page3/autotiles01.html,https://yms.main.jp/dotartworld/sozai/autotile2/autotile-ex/SA-StFenceBase.png,SA-StFenceBase.png,/home/main/.local/share/oprn/pixel-art-world-downloads/SA-StFenceBase.png,96,128,1e1a5f5a1150d2fe918a9c16df2a0874df3dddd58ca6aede56910b353f26196c,reused_verified,"개인 로컬 수집; 소재 재배포 금지; 공개 작품에 Pixel Art World/ドット絵世界 크레딧. 조건: https://yms.main.jp/dotartworld/page1/rule.html; 기존 인덱스 SHA-256 일치, 실제 이미지 전체 디코딩 확인.; PNG 픽셀 디코딩 확인.",4078,,,編集用
建物用 — SA-Concrete01.png,autotile,https://yms.main.jp/dotartworld/page3/autotiles01.html,https://yms.main.jp/dotartworld/sozai/autotile2/autotile-ex/SA-Concrete01.png,SA-Concrete01.png,/home/main/.local/share/oprn/pixel-art-world-downloads/SA-Concrete01.png,96,128,016edc7b7572e20684cfa259e383312619d7ed4d52b55db3d4bb44b67c6aa1c0,reused_verified,"개인 로컬 수집; 소재 재배포 금지; 공개 작품에 Pixel Art World/ドット絵世界 크레딧. 조건: https://yms.main.jp/dotartworld/page1/rule.html; 기존 인덱스 SHA-256 일치, 실제 이미지 전체 디코딩 확인.; PNG 픽셀 디코딩 확인.",970,,,建物用
建物用 — SA-Concrete02.png,autotile,https://yms.main.jp/dotartworld/page3/autotiles01.html,https://yms.main.jp/dotartworld/sozai/autotile2/autotile-ex/SA-Concrete02.png,SA-Concrete02.png,/home/main/.local/share/oprn/pixel-art-world-downloads/SA-Concrete02.png,96,128,d3d589e1215cdcca23b17c4a2654d907cd5171e03eb5ec4d23d9ec602a726cad,reused_verified,"개인 로컬 수집; 소재 재배포 금지; 공개 작품에 Pixel Art World/ドット絵世界 크레딧. 조건: https://yms.main.jp/dotartworld/page1/rule.html; 기존 인덱스 SHA-256 일치, 실제 이미지 전체 디코딩 확인.; PNG 픽셀 디코딩 확인.",741,,,建物用
建物用 — SA-Concrete03.png,autotile,https://yms.main.jp/dotartworld/page3/autotiles01.html,https://yms.main.jp/dotartworld/sozai/autotile2/autotile-ex/SA-Concrete03.png,SA-Concrete03.png,/home/main/.local/share/oprn/pixel-art-world-downloads/SA-Concrete03.png,96,128,016edc7b7572e20684cfa259e383312619d7ed4d52b55db3d4bb44b67c6aa1c0,reused_verified,"개인 로컬 수집; 소재 재배포 금지; 공개 작품에 Pixel Art World/ドット絵世界 크레딧. 조건: https://yms.main.jp/dotartworld/page1/rule.html; 기존 인덱스 SHA-256 일치, 실제 이미지 전체 디코딩 확인.; PNG 픽셀 디코딩 확인.",970,,,建物用
建物用 — SA-Road01.png,autotile,https://yms.main.jp/dotartworld/page3/autotiles01.html,https://yms.main.jp/dotartworld/sozai/autotile2/autotile-ex/SA-Road01.png,SA-Road01.png,/home/main/.local/share/oprn/pixel-art-world-downloads/SA-Road01.png,96,128,39eb3e4642f97c44d849f81815594b223b1dfb9f2edf0a6a51b50b862d0d8b1d,reused_verified,"개인 로컬 수집; 소재 재배포 금지; 공개 작품에 Pixel Art World/ドット絵世界 크레딧. 조건: https://yms.main.jp/dotartworld/page1/rule.html; 기존 인덱스 SHA-256 일치, 실제 이미지 전체 디코딩 확인.; PNG 픽셀 디코딩 확인.",1397,,,建物用
建物用 — SA-Road02.png,autotile,https://yms.main.jp/dotartworld/page3/autotiles01.html,https://yms.main.jp/dotartworld/sozai/autotile2/autotile-ex/SA-Road02.png,SA-Road02.png,/home/main/.local/share/oprn/pixel-art-world-downloads/SA-Road02.png,96,128,75143c8774d6bf9ede0850784c8878116f70ca08db2f8151b9a889095793c77a,reused_verified,"개인 로컬 수집; 소재 재배포 금지; 공개 작품에 Pixel Art World/ドット絵世界 크레딧. 조건: https://yms.main.jp/dotartworld/page1/rule.html; 기존 인덱스 SHA-256 일치, 실제 이미지 전체 디코딩 확인.; PNG 픽셀 디코딩 확인.",1357,,,建物用
建物用 — SA-Ivy01.png,autotile,https://yms.main.jp/dotartworld/page3/autotiles01.html,https://yms.main.jp/dotartworld/sozai/autotile2/autotile-ex/SA-Ivy01.png,SA-Ivy01.png,/home/main/.local/share/oprn/pixel-art-world-downloads/SA-Ivy01.png,96,128,3b16a7750e783b4ad20bf73f7830ccb3096c130af967f668e03324d45ba12948,reused_verified,"개인 로컬 수집; 소재 재배포 금지; 공개 작품에 Pixel Art World/ドット絵世界 크레딧. 조건: https://yms.main.jp/dotartworld/page1/rule.html; 기존 인덱스 SHA-256 일치, 실제 이미지 전체 디코딩 확인.; PNG 픽셀 디코딩 확인.",1691,,,建物用
建物用 — SA-Roof01.png,autotile,https://yms.main.jp/dotartworld/page3/autotiles01.html,https://yms.main.jp/dotartworld/sozai/autotile2/autotile-ex/SA-Roof01.png,SA-Roof01.png,/home/main/.local/share/oprn/pixel-art-world-downloads/SA-Roof01.png,96,128,15d7faf904362bb07108b2e407fb750fd242f1c7db9c4ca2f5f27f2e0aec74bb,reused_verified,"개인 로컬 수집; 소재 재배포 금지; 공개 작품에 Pixel Art World/ドット絵世界 크레딧. 조건: https://yms.main.jp/dotartworld/page1/rule.html; 기존 인덱스 SHA-256 일치, 실제 이미지 전체 디코딩 확인.; PNG 픽셀 디코딩 확인.",965,,,建物用
建物用 — SA-Roof02.png,autotile,https://yms.main.jp/dotartworld/page3/autotiles01.html,https://yms.main.jp/dotartworld/sozai/autotile2/autotile-ex/SA-Roof02.png,SA-Roof02.png,/home/main/.local/share/oprn/pixel-art-world-downloads/SA-Roof02.png,96,128,aeda7393c7487ad44f56349d57005c5b58419c5ac0864b566b2497850339a870,reused_verified,"개인 로컬 수집; 소재 재배포 금지; 공개 작품에 Pixel Art World/ドット絵世界 크레딧. 조건: https://yms.main.jp/dotartworld/page1/rule.html; 기존 인덱스 SHA-256 일치, 실제 이미지 전체 디코딩 확인.; PNG 픽셀 디코딩 확인.",840,,,建物用
建物用 — SA-Roof03.png,autotile,https://yms.main.jp/dotartworld/page3/autotiles01.html,https://yms.main.jp/dotartworld/sozai/autotile2/autotile-ex/SA-Roof03.png,SA-Roof03.png,/home/main/.local/share/oprn/pixel-art-world-downloads/SA-Roof03.png,96,128,55d8e553744cff68e527f755b600ce978472f62c61684e127bb1da3c578d47ee,reused_verified,"개인 로컬 수집; 소재 재배포 금지; 공개 작품에 Pixel Art World/ドット絵世界 크레딧. 조건: https://yms.main.jp/dotartworld/page1/rule.html; 기존 인덱스 SHA-256 일치, 실제 이미지 전체 디코딩 확인.; PNG 픽셀 디코딩 확인.",2057,,,建物用
建物用 — SA-Roof04.png,autotile,https://yms.main.jp/dotartworld/page3/autotiles01.html,https://yms.main.jp/dotartworld/sozai/autotile2/autotile-ex/SA-Roof04.png,SA-Roof04.png,/home/main/.local/share/oprn/pixel-art-world-downloads/SA-Roof04.png,96,128,66339559aa492af2d0cc973c7fce0e99ff73ab031a95abcb864c3a71bc9c3a3b,reused_verified,"개인 로컬 수집; 소재 재배포 금지; 공개 작품에 Pixel Art World/ドット絵世界 크레딧. 조건: https://yms.main.jp/dotartworld/page1/rule.html; 기존 인덱스 SHA-256 일치, 실제 이미지 전체 디코딩 확인.; PNG 픽셀 디코딩 확인.",1944,,,建物用
建物用 — SA-Saku01.png,autotile,https://yms.main.jp/dotartworld/page3/autotiles01.html,https://yms.main.jp/dotartworld/sozai/autotile2/autotile-ex/SA-Saku01.png,SA-Saku01.png,/home/main/.local/share/oprn/pixel-art-world-downloads/SA-Saku01.png,96,128,14025ba78f24984ae8e497fcda90c860795ac993999a48fcd1fe1eca48810dfb,reused_verified,"개인 로컬 수집; 소재 재배포 금지; 공개 작품에 Pixel Art World/ドット絵世界 크레딧. 조건: https://yms.main.jp/dotartworld/page1/rule.html; 기존 인덱스 SHA-256 일치, 실제 이미지 전체 디코딩 확인.; PNG 픽셀 디코딩 확인.",509,,,建物用
建物用 — SA-Window01.png,autotile,https://yms.main.jp/dotartworld/page3/autotiles01.html,https://yms.main.jp/dotartworld/sozai/autotile2/autotile-ex/SA-Window01.png,SA-Window01.png,/home/main/.local/share/oprn/pixel-art-world-downloads/SA-Window01.png,96,128,1bf360bf97d9b0079c15c61ac71b6e3ac0e84397d6d5f2e5676d312a755dca48,reused_verified,"개인 로컬 수집; 소재 재배포 금지; 공개 작품에 Pixel Art World/ドット絵世界 크레딧. 조건: https://yms.main.jp/dotartworld/page1/rule.html; 기존 인덱스 SHA-256 일치, 실제 이미지 전체 디코딩 확인.; PNG 픽셀 디코딩 확인.",545,,,建物用
アニメーションタイル — SA-Ditch01.png,autotile,https://yms.main.jp/dotartworld/page3/autotiles01.html,https://yms.main.jp/dotartworld/sozai/autotile2/autotile-ex/SA-Ditch01.png,SA-Ditch01.png,/home/main/.local/share/oprn/pixel-art-world-downloads/SA-Ditch01.png,384,128,ce6b06ca456e3bae08680d1fb6dad2eada83c9ab78bfdd1fd5895be7a9b9b7dc,reused_verified,"개인 로컬 수집; 소재 재배포 금지; 공개 작품에 Pixel Art World/ドット絵世界 크레딧. 조건: https://yms.main.jp/dotartworld/page1/rule.html; 기존 인덱스 SHA-256 일치, 실제 이미지 전체 디코딩 확인.; PNG 픽셀 디코딩 확인.",4112,,,アニメーションタイル
アニメーションタイル — SA-Ditch02.png,autotile,https://yms.main.jp/dotartworld/page3/autotiles01.html,https://yms.main.jp/dotartworld/sozai/autotile2/autotile-ex/SA-Ditch02.png,SA-Ditch02.png,/home/main/.local/share/oprn/pixel-art-world-downloads/SA-Ditch02.png,384,128,1807918dbe8edb5cc53cf4415d6a01939343992dde376733d59671256ed4a9cc,reused_verified,"개인 로컬 수집; 소재 재배포 금지; 공개 작품에 Pixel Art World/ドット絵世界 크레딧. 조건: https://yms.main.jp/dotartworld/page1/rule.html; 기존 인덱스 SHA-256 일치, 실제 이미지 전체 디코딩 확인.; PNG 픽셀 디코딩 확인.",7081,,,アニメーションタイル
アニメーションタイル — SA-Ditch03.png,autotile,https://yms.main.jp/dotartworld/page3/autotiles01.html,https://yms.main.jp/dotartworld/sozai/autotile2/autotile-ex/SA-Ditch03.png,SA-Ditch03.png,/home/main/.local/share/oprn/pixel-art-world-downloads/SA-Ditch03.png,384,128,96e87341f368f714ae6f425e707bebec851a09a7bd409ab76736a8705fcb3efc,reused_verified,"개인 로컬 수집; 소재 재배포 금지; 공개 작품에 Pixel Art World/ドット絵世界 크레딧. 조건: https://yms.main.jp/dotartworld/page1/rule.html; 기존 인덱스 SHA-256 일치, 실제 이미지 전체 디코딩 확인.; PNG 픽셀 디코딩 확인.",7061,,,アニメーションタイル
アニメーションタイル — SA-Ditch04.png,autotile,https://yms.main.jp/dotartworld/page3/autotiles01.html,https://yms.main.jp/dotartworld/sozai/autotile2/autotile-ex/SA-Ditch04.png,SA-Ditch04.png,/home/main/.local/share/oprn/pixel-art-world-downloads/SA-Ditch04.png,384,128,3dc2947162346fee2479d107ddc071c8c0c025526271d3461c5ffc2b3c5ca809,reused_verified,"개인 로컬 수집; 소재 재배포 금지; 공개 작품에 Pixel Art World/ドット絵世界 크레딧. 조건: https://yms.main.jp/dotartworld/page1/rule.html; 기존 인덱스 SHA-256 일치, 실제 이미지 전체 디코딩 확인.; PNG 픽셀 디코딩 확인.",6960,,,アニメーションタイル
オートタイル2 — autotile-in.zip,autotile_archive,https://yms.main.jp/dotartworld/page3/autotiles02.html,https://yms.main.jp/dotartworld/sozai/autotile2/autotile-in.zip,autotile-in.zip,/home/main/.local/share/oprn/pixel-art-world-downloads/by-source/sozai/autotile2/autotile-in.zip,,,f5503240e5bff5105042ff9ca1b9a1a0fb4179bd33baf7a27627dba9c3807097,downloaded_verified,개인 로컬 수집; 소재 재배포 금지; 공개 작품에 Pixel Art World/ドット絵世界 크레딧. 조건: https://yms.main.jp/dotartworld/page1/rule.html; ZIP 중앙목록 및 전체 CRC 확인.,82602,200,,オートタイル2
壁 — SA-WallA01.png,autotile,https://yms.main.jp/dotartworld/page3/autotiles02.html,https://yms.main.jp/dotartworld/sozai/autotile2/autotile-in/SA-WallA01.png,SA-WallA01.png,/home/main/.local/share/oprn/pixel-art-world-downloads/SA-WallA01.png,96,128,7732b153bd79758151858409e92b74e49176047e41d5a09f100283dc1e42d861,reused_verified,"개인 로컬 수집; 소재 재배포 금지; 공개 작품에 Pixel Art World/ドット絵世界 크레딧. 조건: https://yms.main.jp/dotartworld/page1/rule.html; 기존 인덱스 SHA-256 일치, 실제 이미지 전체 디코딩 확인.; PNG 픽셀 디코딩 확인.",444,,,壁
壁 — SA-WallA02.png,autotile,https://yms.main.jp/dotartworld/page3/autotiles02.html,https://yms.main.jp/dotartworld/sozai/autotile2/autotile-in/SA-WallA02.png,SA-WallA02.png,/home/main/.local/share/oprn/pixel-art-world-downloads/SA-WallA02.png,96,128,3123f01148956fa8c3cbf7d19ad9b8268fd859887d1f3230031fdfdd88b8af29,reused_verified,"개인 로컬 수집; 소재 재배포 금지; 공개 작품에 Pixel Art World/ドット絵世界 크레딧. 조건: https://yms.main.jp/dotartworld/page1/rule.html; 기존 인덱스 SHA-256 일치, 실제 이미지 전체 디코딩 확인.; PNG 픽셀 디코딩 확인.",1489,,,壁
壁 — SA-WallD01.png,autotile,https://yms.main.jp/dotartworld/page3/autotiles02.html,https://yms.main.jp/dotartworld/sozai/autotile2/autotile-in/SA-WallD01.png,SA-WallD01.png,/home/main/.local/share/oprn/pixel-art-world-downloads/SA-WallD01.png,96,128,682d7a80bb67179422af40e063c4d4acf474e3f7e81e78c9512f5d1c93a8016a,reused_verified,"개인 로컬 수집; 소재 재배포 금지; 공개 작품에 Pixel Art World/ドット絵世界 크레딧. 조건: https://yms.main.jp/dotartworld/page1/rule.html; 기존 인덱스 SHA-256 일치, 실제 이미지 전체 디코딩 확인.; PNG 픽셀 디코딩 확인.",286,,,壁
フロア用 — SA-Carpet01.png,autotile,https://yms.main.jp/dotartworld/page3/autotiles02.html,https://yms.main.jp/dotartworld/sozai/autotile2/autotile-in/SA-Carpet01.png,SA-Carpet01.png,/home/main/.local/share/oprn/pixel-art-world-downloads/SA-Carpet01.png,96,128,b8991a5b9efbf4bd806cd2bf282d6bd0452496dfecea722f103b964233ab21c3,reused_verified,"개인 로컬 수집; 소재 재배포 금지; 공개 작품에 Pixel Art World/ドット絵世界 크레딧. 조건: https://yms.main.jp/dotartworld/page1/rule.html; 기존 인덱스 SHA-256 일치, 실제 이미지 전체 디코딩 확인.; PNG 픽셀 디코딩 확인.",434,,,フロア用
フロア用 — SA-Carpet02.png,autotile,https://yms.main.jp/dotartworld/page3/autotiles02.html,https://yms.main.jp/dotartworld/sozai/autotile2/autotile-in/SA-Carpet02.png,SA-Carpet02.png,/home/main/.local/share/oprn/pixel-art-world-downloads/SA-Carpet02.png,96,128,f8828aeb938da60504f94c515e05aa0115c64d6f5eed01a443d9ec9e0a21935a,reused_verified,"개인 로컬 수집; 소재 재배포 금지; 공개 작품에 Pixel Art World/ドット絵世界 크레딧. 조건: https://yms.main.jp/dotartworld/page1/rule.html; 기존 인덱스 SHA-256 일치, 실제 이미지 전체 디코딩 확인.; PNG 픽셀 디코딩 확인.",423,,,フロア用
フロア用 — SA-Carpet03.png,autotile,https://yms.main.jp/dotartworld/page3/autotiles02.html,https://yms.main.jp/dotartworld/sozai/autotile2/autotile-in/SA-Carpet03.png,SA-Carpet03.png,/home/main/.local/share/oprn/pixel-art-world-downloads/SA-Carpet03.png,96,128,6b194460c767ab0d97d5987623ece3fed9fe41ea0dee249e0ad0e2406def83a6,reused_verified,"개인 로컬 수집; 소재 재배포 금지; 공개 작품에 Pixel Art World/ドット絵世界 크레딧. 조건: https://yms.main.jp/dotartworld/page1/rule.html; 기존 인덱스 SHA-256 일치, 실제 이미지 전체 디코딩 확인.; PNG 픽셀 디코딩 확인.",434,,,フロア用
フロア用 — SA-Carpet04.png,autotile,https://yms.main.jp/dotartworld/page3/autotiles02.html,https://yms.main.jp/dotartworld/sozai/autotile2/autotile-in/SA-Carpet04.png,SA-Carpet04.png,/home/main/.local/share/oprn/pixel-art-world-downloads/SA-Carpet04.png,96,128,77910ff16d3f72ad5b39924b7a7e98076f758e13ab2878c7730442ce248b88fa,reused_verified,"개인 로컬 수집; 소재 재배포 금지; 공개 작품에 Pixel Art World/ドット絵世界 크레딧. 조건: https://yms.main.jp/dotartworld/page1/rule.html; 기존 인덱스 SHA-256 일치, 실제 이미지 전체 디코딩 확인.; PNG 픽셀 디코딩 확인.",485,,,フロア用
フロア用 — SA-Carpet05.png,autotile,https://yms.main.jp/dotartworld/page3/autotiles02.html,https://yms.main.jp/dotartworld/sozai/autotile2/autotile-in/SA-Carpet05.png,SA-Carpet05.png,/home/main/.local/share/oprn/pixel-art-world-downloads/SA-Carpet05.png,96,128,2ac74ea68a1f00c80521242421df2f4342780884d3266540c0ad50c871666b5f,reused_verified,"개인 로컬 수집; 소재 재배포 금지; 공개 작품에 Pixel Art World/ドット絵世界 크레딧. 조건: https://yms.main.jp/dotartworld/page1/rule.html; 기존 인덱스 SHA-256 일치, 실제 이미지 전체 디코딩 확인.; PNG 픽셀 디코딩 확인.",434,,,フロア用
フロア用 — SA-Carpet06.png,autotile,https://yms.main.jp/dotartworld/page3/autotiles02.html,https://yms.main.jp/dotartworld/sozai/autotile2/autotile-in/SA-Carpet06.png,SA-Carpet06.png,/home/main/.local/share/oprn/pixel-art-world-downloads/SA-Carpet06.png,96,128,46e86f0e79c075978356eebb941ac3605a6e0df5372444ec09e8661778328854,reused_verified,"개인 로컬 수집; 소재 재배포 금지; 공개 작품에 Pixel Art World/ドット絵世界 크레딧. 조건: https://yms.main.jp/dotartworld/page1/rule.html; 기존 인덱스 SHA-256 일치, 실제 이미지 전체 디코딩 확인.; PNG 픽셀 디코딩 확인.",827,,,フロア用
フロア用 — SA-Carpet07.png,autotile,https://yms.main.jp/dotartworld/page3/autotiles02.html,https://yms.main.jp/dotartworld/sozai/autotile2/autotile-in/SA-Carpet07.png,SA-Carpet07.png,/home/main/.local/share/oprn/pixel-art-world-downloads/SA-Carpet07.png,96,128,9ecbc2432d31a804be46bf0580f9d37807ca5560cc9a9994b858d2463eb42d4b,reused_verified,"개인 로컬 수집; 소재 재배포 금지; 공개 작품에 Pixel Art World/ドット絵世界 크레딧. 조건: https://yms.main.jp/dotartworld/page1/rule.html; 기존 인덱스 SHA-256 일치, 실제 이미지 전체 디코딩 확인.; PNG 픽셀 디코딩 확인.",812,,,フロア用
フロア用 — SA-Carpet08.png,autotile,https://yms.main.jp/dotartworld/page3/autotiles02.html,https://yms.main.jp/dotartworld/sozai/autotile2/autotile-in/SA-Carpet08.png,SA-Carpet08.png,/home/main/.local/share/oprn/pixel-art-world-downloads/SA-Carpet08.png,96,128,0d9e2c378202c719d290dbdc5697956b45bd8c1daab443500ac2dde3b5645368,reused_verified,"개인 로컬 수집; 소재 재배포 금지; 공개 작품에 Pixel Art World/ドット絵世界 크레딧. 조건: https://yms.main.jp/dotartworld/page1/rule.html; 기존 인덱스 SHA-256 일치, 실제 이미지 전체 디코딩 확인.; PNG 픽셀 디코딩 확인.",827,,,フロア用
フロア用 — SA-Carpet08ST.png,autotile,https://yms.main.jp/dotartworld/page3/autotiles02.html,https://yms.main.jp/dotartworld/sozai/autotile2/autotile-in/SA-Carpet08ST.png,SA-Carpet08ST.png,/home/main/.local/share/oprn/pixel-art-world-downloads/SA-Carpet08ST.png,96,128,9f0dd0fae6383d793491b676b84914b4e27908faed3ea0e775a1c7ccb792dd88,reused_verified,"개인 로컬 수집; 소재 재배포 금지; 공개 작품에 Pixel Art World/ドット絵世界 크레딧. 조건: https://yms.main.jp/dotartworld/page1/rule.html; 기존 인덱스 SHA-256 일치, 실제 이미지 전체 디코딩 확인.; PNG 픽셀 디코딩 확인.",666,,,フロア用
フロア用 — SA-Carpet09.png,autotile,https://yms.main.jp/dotartworld/page3/autotiles02.html,https://yms.main.jp/dotartworld/sozai/autotile2/autotile-in/SA-Carpet09.png,SA-Carpet09.png,/home/main/.local/share/oprn/pixel-art-world-downloads/SA-Carpet09.png,96,128,ff5ae80c4eb7c901ecc2d0326aac9b0af1baae372c652ace218b428bf6df9a6f,reused_verified,"개인 로컬 수집; 소재 재배포 금지; 공개 작품에 Pixel Art World/ドット絵世界 크레딧. 조건: https://yms.main.jp/dotartworld/page1/rule.html; 기존 인덱스 SHA-256 일치, 실제 이미지 전체 디코딩 확인.; PNG 픽셀 디코딩 확인.",827,,,フロア用
フロア用 — SA-Carpet09ST.png,autotile,https://yms.main.jp/dotartworld/page3/autotiles02.html,https://yms.main.jp/dotartworld/sozai/autotile2/autotile-in/SA-Carpet09ST.png,SA-Carpet09ST.png,/home/main/.local/share/oprn/pixel-art-world-downloads/SA-Carpet09ST.png,96,128,11c2b9245f0b6e29c38a341d0fde6e8bbb09becd33bd96f79e2f155135759c65,reused_verified,"개인 로컬 수집; 소재 재배포 금지; 공개 작품에 Pixel Art World/ドット絵世界 크레딧. 조건: https://yms.main.jp/dotartworld/page1/rule.html; 기존 인덱스 SHA-256 일치, 실제 이미지 전체 디코딩 확인.; PNG 픽셀 디코딩 확인.",666,,,フロア用
フロア用 — SA-Cartain01.png,autotile,https://yms.main.jp/dotartworld/page3/autotiles02.html,https://yms.main.jp/dotartworld/sozai/autotile2/autotile-in/SA-Cartain01.png,SA-Cartain01.png,/home/main/.local/share/oprn/pixel-art-world-downloads/SA-Cartain01.png,96,128,eee762c26f2564455fe7ef8083cb3c86b8302f5e7a513decf785063e8ea7f50e,reused_verified,"개인 로컬 수집; 소재 재배포 금지; 공개 작품에 Pixel Art World/ドット絵世界 크레딧. 조건: https://yms.main.jp/dotartworld/page1/rule.html; 기존 인덱스 SHA-256 일치, 실제 이미지 전체 디코딩 확인.; PNG 픽셀 디코딩 확인.",965,,,フロア用
フロア用 — SA-Cartain02.png,autotile,https://yms.main.jp/dotartworld/page3/autotiles02.html,https://yms.main.jp/dotartworld/sozai/autotile2/autotile-in/SA-Cartain02.png,SA-Cartain02.png,/home/main/.local/share/oprn/pixel-art-world-downloads/SA-Cartain02.png,96,128,f690a42402c4343d505ea4693a26274f3642a34c2fe34cdc0698c158295d7354,reused_verified,"개인 로컬 수집; 소재 재배포 금지; 공개 작품에 Pixel Art World/ドット絵世界 크레딧. 조건: https://yms.main.jp/dotartworld/page1/rule.html; 기존 인덱스 SHA-256 일치, 실제 이미지 전체 디코딩 확인.; PNG 픽셀 디코딩 확인.",965,,,フロア用
フロア用 — SA-Carpet-Rose01.png,autotile,https://yms.main.jp/dotartworld/page3/autotiles02.html,https://yms.main.jp/dotartworld/sozai/autotile2/autotile-in/SA-Carpet-Rose01.png,SA-Carpet-Rose01.png,/home/main/.local/share/oprn/pixel-art-world-downloads/SA-Carpet-Rose01.png,96,128,33c6563645f89e189f6967506c4403fcc5151b91e6b786bdff0d2cf864c856c1,reused_verified,"개인 로컬 수집; 소재 재배포 금지; 공개 작품에 Pixel Art World/ドット絵世界 크레딧. 조건: https://yms.main.jp/dotartworld/page1/rule.html; 기존 인덱스 SHA-256 일치, 실제 이미지 전체 디코딩 확인.; PNG 픽셀 디코딩 확인.",6582,,,フロア用
フロア用 — SA-Carpet13.png,autotile,https://yms.main.jp/dotartworld/page3/autotiles02.html,https://yms.main.jp/dotartworld/sozai/autotile2/autotile-in/SA-Carpet13.png,SA-Carpet13.png,/home/main/.local/share/oprn/pixel-art-world-downloads/SA-Carpet13.png,96,128,e40583d021d2a89ee3b787f1112b40d62e0e62e1f31701f1a7fe4dc54b313454,reused_verified,"개인 로컬 수집; 소재 재배포 금지; 공개 작품에 Pixel Art World/ドット絵世界 크레딧. 조건: https://yms.main.jp/dotartworld/page1/rule.html; 기존 인덱스 SHA-256 일치, 실제 이미지 전체 디코딩 확인.; PNG 픽셀 디코딩 확인.",7664,,,フロア用
フロア用 — SA-Carpet17.png,autotile,https://yms.main.jp/dotartworld/page3/autotiles02.html,https://yms.main.jp/dotartworld/sozai/autotile2/autotile-in/SA-Carpet17.png,SA-Carpet17.png,/home/main/.local/share/oprn/pixel-art-world-downloads/SA-Carpet17.png,96,128,f3e3570ab782f91f5b6f654b98d41dc244d33a394d37987444647320089f1119,reused_verified,"개인 로컬 수집; 소재 재배포 금지; 공개 작품에 Pixel Art World/ドット絵世界 크레딧. 조건: https://yms.main.jp/dotartworld/page1/rule.html; 기존 인덱스 SHA-256 일치, 실제 이미지 전체 디코딩 확인.; PNG 픽셀 디코딩 확인.",7917,,,フロア用
フロア用 — SA-Carpet10.png,autotile,https://yms.main.jp/dotartworld/page3/autotiles02.html,https://yms.main.jp/dotartworld/sozai/autotile2/autotile-in/SA-Carpet10.png,SA-Carpet10.png,/home/main/.local/share/oprn/pixel-art-world-downloads/SA-Carpet10.png,96,128,9ee0dbb6c712bd5f6189e33c1dc56e4b3542946286679b5500e1c1bac07a9f11,reused_verified,"개인 로컬 수집; 소재 재배포 금지; 공개 작품에 Pixel Art World/ドット絵世界 크레딧. 조건: https://yms.main.jp/dotartworld/page1/rule.html; 기존 인덱스 SHA-256 일치, 실제 이미지 전체 디코딩 확인.; PNG 픽셀 디코딩 확인.",629,,,フロア用
フロア用 — SA-Carpet11.png,autotile,https://yms.main.jp/dotartworld/page3/autotiles02.html,https://yms.main.jp/dotartworld/sozai/autotile2/autotile-in/SA-Carpet11.png,SA-Carpet11.png,/home/main/.local/share/oprn/pixel-art-world-downloads/SA-Carpet11.png,96,128,7a0710a2b93af6189a1b8e0b75c126c6baa1452bb25a8547c4374ead5d7b35dc,reused_verified,"개인 로컬 수집; 소재 재배포 금지; 공개 작품에 Pixel Art World/ドット絵世界 크레딧. 조건: https://yms.main.jp/dotartworld/page1/rule.html; 기존 인덱스 SHA-256 일치, 실제 이미지 전체 디코딩 확인.; PNG 픽셀 디코딩 확인.",614,,,フロア用
フロア用 — SA-Carpet12.png,autotile,https://yms.main.jp/dotartworld/page3/autotiles02.html,https://yms.main.jp/dotartworld/sozai/autotile2/autotile-in/SA-Carpet12.png,SA-Carpet12.png,/home/main/.local/share/oprn/pixel-art-world-downloads/SA-Carpet12.png,96,128,c477c757d2185c9eb685f06614a8a8475f3cb9df74fc1114663cecfa0f4c508b,reused_verified,"개인 로컬 수집; 소재 재배포 금지; 공개 작품에 Pixel Art World/ドット絵世界 크레딧. 조건: https://yms.main.jp/dotartworld/page1/rule.html; 기존 인덱스 SHA-256 일치, 실제 이미지 전체 디코딩 확인.; PNG 픽셀 디코딩 확인.",614,,,フロア用
フロア用 — SA-Carpet14.png,autotile,https://yms.main.jp/dotartworld/page3/autotiles02.html,https://yms.main.jp/dotartworld/sozai/autotile2/autotile-in/SA-Carpet14.png,SA-Carpet14.png,/home/main/.local/share/oprn/pixel-art-world-downloads/SA-Carpet14.png,96,128,6e595a60892230211157ff7c6765bd9683cf0d800fe83dfcf7339cfcf20d633f,reused_verified,"개인 로컬 수집; 소재 재배포 금지; 공개 작품에 Pixel Art World/ドット絵世界 크레딧. 조건: https://yms.main.jp/dotartworld/page1/rule.html; 기존 인덱스 SHA-256 일치, 실제 이미지 전체 디코딩 확인.; PNG 픽셀 디코딩 확인.",8078,,,フロア用
フロア用 — SA-Carpet15.png,autotile,https://yms.main.jp/dotartworld/page3/autotiles02.html,https://yms.main.jp/dotartworld/sozai/autotile2/autotile-in/SA-Carpet15.png,SA-Carpet15.png,/home/main/.local/share/oprn/pixel-art-world-downloads/SA-Carpet15.png,96,128,3da58af2eed2fa4eaf1e303788c6525f0bbe7259a13b01cf2012e2e86275c0af,reused_verified,"개인 로컬 수집; 소재 재배포 금지; 공개 작품에 Pixel Art World/ドット絵世界 크레딧. 조건: https://yms.main.jp/dotartworld/page1/rule.html; 기존 인덱스 SHA-256 일치, 실제 이미지 전체 디코딩 확인.; PNG 픽셀 디코딩 확인.",8170,,,フロア用
フロア用 — SA-Carpet16.png,autotile,https://yms.main.jp/dotartworld/page3/autotiles02.html,https://yms.main.jp/dotartworld/sozai/autotile2/autotile-in/SA-Carpet16.png,SA-Carpet16.png,/home/main/.local/share/oprn/pixel-art-world-downloads/SA-Carpet16.png,96,128,72a8061f2bb755a5a40a3df98121500507870b6b75afc2ff09e0e1048b0da05c,reused_verified,"개인 로컬 수집; 소재 재배포 금지; 공개 작품에 Pixel Art World/ドット絵世界 크레딧. 조건: https://yms.main.jp/dotartworld/page1/rule.html; 기존 인덱스 SHA-256 일치, 실제 이미지 전체 디코딩 확인.; PNG 픽셀 디코딩 확인.",7680,,,フロア用
フロア用 — SA-Floor-T06.png,autotile,https://yms.main.jp/dotartworld/page3/autotiles02.html,https://yms.main.jp/dotartworld/sozai/autotile2/autotile-in/SA-Floor-T06.png,SA-Floor-T06.png,/home/main/.local/share/oprn/pixel-art-world-downloads/SA-Floor-T06.png,96,128,e822fd398149740720105a70f63becd3071674f1b5e3048a4ae8243455e038c4,reused_verified,"개인 로컬 수집; 소재 재배포 금지; 공개 작품에 Pixel Art World/ドット絵世界 크레딧. 조건: https://yms.main.jp/dotartworld/page1/rule.html; 기존 인덱스 SHA-256 일치, 실제 이미지 전체 디코딩 확인.; PNG 픽셀 디코딩 확인.",1765,,,フロア用
フロア用 — SA-Floor-T07.png,autotile,https://yms.main.jp/dotartworld/page3/autotiles02.html,https://yms.main.jp/dotartworld/sozai/autotile2/autotile-in/SA-Floor-T07.png,SA-Floor-T07.png,/home/main/.local/share/oprn/pixel-art-world-downloads/SA-Floor-T07.png,96,128,0575c2838cf81065b9f4ef3490891bc64dd2eb10d493717a53a9ddfce28137e0,reused_verified,"개인 로컬 수집; 소재 재배포 금지; 공개 작품에 Pixel Art World/ドット絵世界 크레딧. 조건: https://yms.main.jp/dotartworld/page1/rule.html; 기존 인덱스 SHA-256 일치, 실제 이미지 전체 디코딩 확인.; PNG 픽셀 디코딩 확인.",693,,,フロア用
フロア用 — SA-Floor-T08.png,autotile,https://yms.main.jp/dotartworld/page3/autotiles02.html,https://yms.main.jp/dotartworld/sozai/autotile2/autotile-in/SA-Floor-T08.png,SA-Floor-T08.png,/home/main/.local/share/oprn/pixel-art-world-downloads/SA-Floor-T08.png,96,128,32a31deea040395612455d75a9a78d0d0963d1a1c405226a860832dbf0e12acb,reused_verified,"개인 로컬 수집; 소재 재배포 금지; 공개 작품에 Pixel Art World/ドット絵世界 크레딧. 조건: https://yms.main.jp/dotartworld/page1/rule.html; 기존 인덱스 SHA-256 일치, 실제 이미지 전체 디코딩 확인.; PNG 픽셀 디코딩 확인.",434,,,フロア用
フロア用 — SA-FloorM01.png,autotile,https://yms.main.jp/dotartworld/page3/autotiles02.html,https://yms.main.jp/dotartworld/sozai/autotile2/autotile-in/SA-FloorM01.png,SA-FloorM01.png,/home/main/.local/share/oprn/pixel-art-world-downloads/SA-FloorM01.png,96,128,3d482c3330296739272187b861c3b31075b3cb28604c645bd82d5bfa242bba5d,reused_verified,"개인 로컬 수집; 소재 재배포 금지; 공개 작품에 Pixel Art World/ドット絵世界 크레딧. 조건: https://yms.main.jp/dotartworld/page1/rule.html; 기존 인덱스 SHA-256 일치, 실제 이미지 전체 디코딩 확인.; PNG 픽셀 디코딩 확인.",609,,,フロア用
フロア用 — SA-FloorM03.png,autotile,https://yms.main.jp/dotartworld/page3/autotiles02.html,https://yms.main.jp/dotartworld/sozai/autotile2/autotile-in/SA-FloorM03.png,SA-FloorM03.png,/home/main/.local/share/oprn/pixel-art-world-downloads/SA-FloorM03.png,96,128,0f45d19fe360255ebac51e6a0b927b2c3213aaec1b6a1d83f8fda64ea01e5415,reused_verified,"개인 로컬 수집; 소재 재배포 금지; 공개 작품에 Pixel Art World/ドット絵世界 크레딧. 조건: https://yms.main.jp/dotartworld/page1/rule.html; 기존 인덱스 SHA-256 일치, 실제 이미지 전체 디코딩 확인.; PNG 픽셀 디코딩 확인.",581,,,フロア用
フロア用 — SA-Floor-T12.png,autotile,https://yms.main.jp/dotartworld/page3/autotiles02.html,https://yms.main.jp/dotartworld/sozai/autotile2/autotile-in/SA-Floor-T12.png,SA-Floor-T12.png,/home/main/.local/share/oprn/pixel-art-world-downloads/SA-Floor-T12.png,96,128,25ec118cbf09cb64d86ec6afdb5c724ee34db8f41c8e88b6623f046b5543bf01,reused_verified,"개인 로컬 수집; 소재 재배포 금지; 공개 작품에 Pixel Art World/ドット絵世界 크레딧. 조건: https://yms.main.jp/dotartworld/page1/rule.html; 기존 인덱스 SHA-256 일치, 실제 이미지 전체 디코딩 확인.; PNG 픽셀 디코딩 확인.",1224,,,フロア用
フロア用 — SA-FloorS01.png,autotile,https://yms.main.jp/dotartworld/page3/autotiles02.html,https://yms.main.jp/dotartworld/sozai/autotile2/autotile-in/SA-FloorS01.png,SA-FloorS01.png,/home/main/.local/share/oprn/pixel-art-world-downloads/SA-FloorS01.png,96,128,d1cb6c161386034addad3abd9669fee43269bf2326b58ef25600bc76f17e5e12,reused_verified,"개인 로컬 수집; 소재 재배포 금지; 공개 작품에 Pixel Art World/ドット絵世界 크레딧. 조건: https://yms.main.jp/dotartworld/page1/rule.html; 기존 인덱스 SHA-256 일치, 실제 이미지 전체 디코딩 확인.; PNG 픽셀 디코딩 확인.",413,,,フロア用
フロア用 — SA-FloorS03.png,autotile,https://yms.main.jp/dotartworld/page3/autotiles02.html,https://yms.main.jp/dotartworld/sozai/autotile2/autotile-in/SA-FloorS03.png,SA-FloorS03.png,/home/main/.local/share/oprn/pixel-art-world-downloads/SA-FloorS03.png,96,128,eee3d654d4f1978c99ab291b9cef9c8e54de3f43e413d8465b33aa9152d626f4,reused_verified,"개인 로컬 수집; 소재 재배포 금지; 공개 작품에 Pixel Art World/ドット絵世界 크레딧. 조건: https://yms.main.jp/dotartworld/page1/rule.html; 기존 인덱스 SHA-256 일치, 실제 이미지 전체 디코딩 확인.; PNG 픽셀 디코딩 확인.",416,,,フロア用
フロア用 — SA-FloorS05.png,autotile,https://yms.main.jp/dotartworld/page3/autotiles02.html,https://yms.main.jp/dotartworld/sozai/autotile2/autotile-in/SA-FloorS05.png,SA-FloorS05.png,/home/main/.local/share/oprn/pixel-art-world-downloads/SA-FloorS05.png,96,128,71649fa46885b07a21c03fb2f08bdd011652ab9185275c90e48f22a8c523b406,reused_verified,"개인 로컬 수집; 소재 재배포 금지; 공개 작품에 Pixel Art World/ドット絵世界 크레딧. 조건: https://yms.main.jp/dotartworld/page1/rule.html; 기존 인덱스 SHA-256 일치, 실제 이미지 전체 디코딩 확인.; PNG 픽셀 디코딩 확인.",1365,,,フロア用
フロア用 — SA-FloorT01.png,autotile,https://yms.main.jp/dotartworld/page3/autotiles02.html,https://yms.main.jp/dotartworld/sozai/autotile2/autotile-in/SA-FloorT01.png,SA-FloorT01.png,/home/main/.local/share/oprn/pixel-art-world-downloads/SA-FloorT01.png,96,128,07ffb846c7f174a9265fb2ac0b348a47fc93e24a12415419664ea77f2d341f4a,reused_verified,"개인 로컬 수집; 소재 재배포 금지; 공개 작품에 Pixel Art World/ドット絵世界 크레딧. 조건: https://yms.main.jp/dotartworld/page1/rule.html; 기존 인덱스 SHA-256 일치, 실제 이미지 전체 디코딩 확인.; PNG 픽셀 디코딩 확인.",482,,,フロア用
フロア用 — SA-FloorT02.png,autotile,https://yms.main.jp/dotartworld/page3/autotiles02.html,https://yms.main.jp/dotartworld/sozai/autotile2/autotile-in/SA-FloorT02.png,SA-FloorT02.png,/home/main/.local/share/oprn/pixel-art-world-downloads/SA-FloorT02.png,96,128,da2ede2a823451e9fa3965e2701810fc2b2ed7742004157eb5209bf38d19362c,reused_verified,"개인 로컬 수집; 소재 재배포 금지; 공개 작품에 Pixel Art World/ドット絵世界 크레딧. 조건: https://yms.main.jp/dotartworld/page1/rule.html; 기존 인덱스 SHA-256 일치, 실제 이미지 전체 디코딩 확인.; PNG 픽셀 디코딩 확인.",482,,,フロア用
フロア用 — SA-Floor-T10.png,autotile,https://yms.main.jp/dotartworld/page3/autotiles02.html,https://yms.main.jp/dotartworld/sozai/autotile2/autotile-in/SA-Floor-T10.png,SA-Floor-T10.png,/home/main/.local/share/oprn/pixel-art-world-downloads/SA-Floor-T10.png,96,128,58878cc2a33584a9886b5eb701c977ba64477e65460253d85b5a428754ecf704,reused_verified,"개인 로컬 수집; 소재 재배포 금지; 공개 작품에 Pixel Art World/ドット絵世界 크레딧. 조건: https://yms.main.jp/dotartworld/page1/rule.html; 기존 인덱스 SHA-256 일치, 실제 이미지 전체 디코딩 확인.; PNG 픽셀 디코딩 확인.",3764,,,フロア用
フロア用 — SA-FloorT03.png,autotile,https://yms.main.jp/dotartworld/page3/autotiles02.html,https://yms.main.jp/dotartworld/sozai/autotile2/autotile-in/SA-FloorT03.png,SA-FloorT03.png,/home/main/.local/share/oprn/pixel-art-world-downloads/SA-FloorT03.png,96,128,36e7379aac03b503961f8f20147f9d782429e371121a0f09b1b0bac084d9a07c,reused_verified,"개인 로컬 수집; 소재 재배포 금지; 공개 작품에 Pixel Art World/ドット絵世界 크레딧. 조건: https://yms.main.jp/dotartworld/page1/rule.html; 기존 인덱스 SHA-256 일치, 실제 이미지 전체 디코딩 확인.; PNG 픽셀 디코딩 확인.",790,,,フロア用
フロア用 — SA-FloorT04.png,autotile,https://yms.main.jp/dotartworld/page3/autotiles02.html,https://yms.main.jp/dotartworld/sozai/autotile2/autotile-in/SA-FloorT04.png,SA-FloorT04.png,/home/main/.local/share/oprn/pixel-art-world-downloads/SA-FloorT04.png,96,128,733c83ec3c6df090ee678105b070d8f3c8ac8625abbffc8dccdfef5c94c0f610,reused_verified,"개인 로컬 수집; 소재 재배포 금지; 공개 작품에 Pixel Art World/ドット絵世界 크레딧. 조건: https://yms.main.jp/dotartworld/page1/rule.html; 기존 인덱스 SHA-256 일치, 실제 이미지 전체 디코딩 확인.; PNG 픽셀 디코딩 확인.",794,,,フロア用
フロア用 — SA-Floor-T11.png,autotile,https://yms.main.jp/dotartworld/page3/autotiles02.html,https://yms.main.jp/dotartworld/sozai/autotile2/autotile-in/SA-Floor-T11.png,SA-Floor-T11.png,/home/main/.local/share/oprn/pixel-art-world-downloads/SA-Floor-T11.png,96,128,cb41acb5762814f9f844980343b3af6e059914e321571929efb68fbf1f08d9a3,reused_verified,"개인 로컬 수집; 소재 재배포 금지; 공개 작품에 Pixel Art World/ドット絵世界 크레딧. 조건: https://yms.main.jp/dotartworld/page1/rule.html; 기존 인덱스 SHA-256 일치, 실제 이미지 전체 디코딩 확인.; PNG 픽셀 디코딩 확인.",3920,,,フロア用
フロア用 — SA-Fur01.png,autotile,https://yms.main.jp/dotartworld/page3/autotiles02.html,https://yms.main.jp/dotartworld/sozai/autotile2/autotile-in/SA-Fur01.png,SA-Fur01.png,/home/main/.local/share/oprn/pixel-art-world-downloads/SA-Fur01.png,96,128,d64cf199977c60817a78c4699640f182fa631ce4c519067bb4188c96a0a229d2,reused_verified,"개인 로컬 수집; 소재 재배포 금지; 공개 작품에 Pixel Art World/ドット絵世界 크레딧. 조건: https://yms.main.jp/dotartworld/page1/rule.html; 기존 인덱스 SHA-256 일치, 실제 이미지 전체 디코딩 확인.; PNG 픽셀 디코딩 확인.",2054,,,フロア用
フロア用 — SA-Fur02.png,autotile,https://yms.main.jp/dotartworld/page3/autotiles02.html,https://yms.main.jp/dotartworld/sozai/autotile2/autotile-in/SA-Fur02.png,SA-Fur02.png,/home/main/.local/share/oprn/pixel-art-world-downloads/SA-Fur02.png,96,128,c6293c7437d5c561f455e5826d459cc2ceea2700366f847162c864b19b0b87bf,reused_verified,"개인 로컬 수집; 소재 재배포 금지; 공개 작품에 Pixel Art World/ドット絵世界 크레딧. 조건: https://yms.main.jp/dotartworld/page1/rule.html; 기존 인덱스 SHA-256 일치, 실제 이미지 전체 디코딩 확인.; PNG 픽셀 디코딩 확인.",2037,,,フロア用
フロア用 — SA-Fur03.png,autotile,https://yms.main.jp/dotartworld/page3/autotiles02.html,https://yms.main.jp/dotartworld/sozai/autotile2/autotile-in/SA-Fur03.png,SA-Fur03.png,/home/main/.local/share/oprn/pixel-art-world-downloads/SA-Fur03.png,96,128,d64cf199977c60817a78c4699640f182fa631ce4c519067bb4188c96a0a229d2,reused_verified,"개인 로컬 수집; 소재 재배포 금지; 공개 작품에 Pixel Art World/ドット絵世界 크레딧. 조건: https://yms.main.jp/dotartworld/page1/rule.html; 기존 인덱스 SHA-256 일치, 실제 이미지 전체 디코딩 확인.; PNG 픽셀 디코딩 확인.",2054,,,フロア用
フロア用 — SA-Goza01.png,autotile,https://yms.main.jp/dotartworld/page3/autotiles02.html,https://yms.main.jp/dotartworld/sozai/autotile2/autotile-in/SA-Goza01.png,SA-Goza01.png,/home/main/.local/share/oprn/pixel-art-world-downloads/SA-Goza01.png,96,128,1294843d13ba76a7ae4aac4949e93a2c1fb887a42c19019c07d49560bcebd692,reused_verified,"개인 로컬 수집; 소재 재배포 금지; 공개 작품에 Pixel Art World/ドット絵世界 크레딧. 조건: https://yms.main.jp/dotartworld/page1/rule.html; 기존 인덱스 SHA-256 일치, 실제 이미지 전체 디코딩 확인.; PNG 픽셀 디코딩 확인.",7959,,,フロア用
フロア用 — SA-Goza02.png,autotile,https://yms.main.jp/dotartworld/page3/autotiles02.html,https://yms.main.jp/dotartworld/sozai/autotile2/autotile-in/SA-Goza02.png,SA-Goza02.png,/home/main/.local/share/oprn/pixel-art-world-downloads/SA-Goza02.png,96,128,2ce6f69b5822b0b090034a6a9bd892fd86d29420fc21e808596c45c51e68441a,reused_verified,"개인 로컬 수집; 소재 재배포 금지; 공개 작품에 Pixel Art World/ドット絵世界 크레딧. 조건: https://yms.main.jp/dotartworld/page1/rule.html; 기존 인덱스 SHA-256 일치, 실제 이미지 전체 디코딩 확인.; PNG 픽셀 디코딩 확인.",1721,,,フロア用
フロア用 — SA-Goza03.png,autotile,https://yms.main.jp/dotartworld/page3/autotiles02.html,https://yms.main.jp/dotartworld/sozai/autotile2/autotile-in/SA-Goza03.png,SA-Goza03.png,/home/main/.local/share/oprn/pixel-art-world-downloads/SA-Goza03.png,96,128,be0a2aafb566253c4b63af44421850f1ecd5b3553bf19bf6cc450d389d711e95,reused_verified,"개인 로컬 수집; 소재 재배포 금지; 공개 작품에 Pixel Art World/ドット絵世界 크레딧. 조건: https://yms.main.jp/dotartworld/page1/rule.html; 기존 인덱스 SHA-256 일치, 실제 이미지 전체 디코딩 확인.; PNG 픽셀 디코딩 확인.",4518,,,フロア用
フロア用 — SA-Kotatsu01.png,autotile,https://yms.main.jp/dotartworld/page3/autotiles02.html,https://yms.main.jp/dotartworld/sozai/autotile2/autotile-in/SA-Kotatsu01.png,SA-Kotatsu01.png,/home/main/.local/share/oprn/pixel-art-world-downloads/SA-Kotatsu01.png,96,128,16376c2e6dff8aa51f74d43d9bc3db24c300f13586482cce9f5b866828e9dd35,reused_verified,"개인 로컬 수집; 소재 재배포 금지; 공개 작품에 Pixel Art World/ドット絵世界 크레딧. 조건: https://yms.main.jp/dotartworld/page1/rule.html; 기존 인덱스 SHA-256 일치, 실제 이미지 전체 디코딩 확인.; PNG 픽셀 디코딩 확인.",711,,,フロア用
フロア用 — SA-Kotatsu02.png,autotile,https://yms.main.jp/dotartworld/page3/autotiles02.html,https://yms.main.jp/dotartworld/sozai/autotile2/autotile-in/SA-Kotatsu02.png,SA-Kotatsu02.png,/home/main/.local/share/oprn/pixel-art-world-downloads/SA-Kotatsu02.png,96,128,64d84e0abe9969f4db1e78fd4f5f1150ad9e1a0660352186ff01b33f73a355c6,reused_verified,"개인 로컬 수집; 소재 재배포 금지; 공개 작품에 Pixel Art World/ドット絵世界 크레딧. 조건: https://yms.main.jp/dotartworld/page1/rule.html; 기존 인덱스 SHA-256 일치, 실제 이미지 전체 디코딩 확인.; PNG 픽셀 디코딩 확인.",718,,,フロア用
学校用 — SA-Sunoko02.png,autotile,https://yms.main.jp/dotartworld/page3/autotiles02.html,https://yms.main.jp/dotartworld/sozai/autotile2/autotile-in/SA-Sunoko02.png,SA-Sunoko02.png,/home/main/.local/share/oprn/pixel-art-world-downloads/SA-Sunoko02.png,96,128,0eb57527f3f5bc059145399cab23f66a80e10e5690fa70cb03a3262b97d4d638,reused_verified,"개인 로컬 수집; 소재 재배포 금지; 공개 작품에 Pixel Art World/ドット絵世界 크레딧. 조건: https://yms.main.jp/dotartworld/page1/rule.html; 기존 인덱스 SHA-256 일치, 실제 이미지 전체 디코딩 확인.; PNG 픽셀 디코딩 확인.",1122,,,学校用
学校用 — SA-Sunoko03.png,autotile,https://yms.main.jp/dotartworld/page3/autotiles02.html,https://yms.main.jp/dotartworld/sozai/autotile2/autotile-in/SA-Sunoko03.png,SA-Sunoko03.png,/home/main/.local/share/oprn/pixel-art-world-downloads/SA-Sunoko03.png,96,128,3c32c8cd88efabea454916981d4aac6df62244ef386f760eac892d81a058b03d,reused_verified,"개인 로컬 수집; 소재 재배포 금지; 공개 작품에 Pixel Art World/ドット絵世界 크레딧. 조건: https://yms.main.jp/dotartworld/page1/rule.html; 기존 인덱스 SHA-256 일치, 실제 이미지 전체 디코딩 확인.; PNG 픽셀 디코딩 확인.",1176,,,学校用
学校用 — SA-Sunoko01.png,autotile,https://yms.main.jp/dotartworld/page3/autotiles02.html,https://yms.main.jp/dotartworld/sozai/autotile2/autotile-in/SA-Sunoko01.png,SA-Sunoko01.png,/home/main/.local/share/oprn/pixel-art-world-downloads/SA-Sunoko01.png,96,128,5d4a786302e66d963ba7e2f4b64ad75334abefce4dc5604fb134e128cc9c8eea,reused_verified,"개인 로컬 수집; 소재 재배포 금지; 공개 작품에 Pixel Art World/ドット絵世界 크레딧. 조건: https://yms.main.jp/dotartworld/page1/rule.html; 기존 인덱스 SHA-256 일치, 실제 이미지 전체 디코딩 확인.; PNG 픽셀 디코딩 확인.",939,,,学校用
学校用 — SA-Kyodan01.png,autotile,https://yms.main.jp/dotartworld/page3/autotiles02.html,https://yms.main.jp/dotartworld/sozai/autotile2/autotile-in/SA-Kyodan01.png,SA-Kyodan01.png,/home/main/.local/share/oprn/pixel-art-world-downloads/SA-Kyodan01.png,96,128,9f2cadd502a10b79d30a2b42665f778c3c85d5e02f9633d46b1bb6348169777f,reused_verified,"개인 로컬 수집; 소재 재배포 금지; 공개 작품에 Pixel Art World/ドット絵世界 크레딧. 조건: https://yms.main.jp/dotartworld/page1/rule.html; 기존 인덱스 SHA-256 일치, 실제 이미지 전체 디코딩 확인.; PNG 픽셀 디코딩 확인.",1104,,,学校用
学校用 — SA-Mat01.png,autotile,https://yms.main.jp/dotartworld/page3/autotiles02.html,https://yms.main.jp/dotartworld/sozai/autotile2/autotile-in/SA-Mat01.png,SA-Mat01.png,/home/main/.local/share/oprn/pixel-art-world-downloads/SA-Mat01.png,96,128,a322f549ff6b35b11532a1da51a13a51dd79ebd110a3f6af116e00e7e6893683,reused_verified,"개인 로컬 수집; 소재 재배포 금지; 공개 작품에 Pixel Art World/ドット絵世界 크레딧. 조건: https://yms.main.jp/dotartworld/page1/rule.html; 기존 인덱스 SHA-256 일치, 실제 이미지 전체 디코딩 확인.; PNG 픽셀 디코딩 확인.",375,,,学校用
扉1 — SA-Dway01.png,autotile,https://yms.main.jp/dotartworld/page3/door01.html,https://yms.main.jp/dotartworld/sozai/autotile/SA-Dway01.png,SA-Dway01.png,/home/main/.local/share/oprn/pixel-art-world-downloads/SA-Dway01.png,96,128,80110c41f17f349bd762dc5c5e9a3bf55f5eb60e7ee8daa11947c95999cf5d74,reused_verified,"개인 로컬 수집; 소재 재배포 금지; 공개 작품에 Pixel Art World/ドット絵世界 크레딧. 조건: https://yms.main.jp/dotartworld/page1/rule.html; 기존 인덱스 SHA-256 일치, 실제 이미지 전체 디코딩 확인.; PNG 픽셀 디코딩 확인.",299,,,扉1
扉1 — SA-Dway04.png,autotile,https://yms.main.jp/dotartworld/page3/door01.html,https://yms.main.jp/dotartworld/sozai/autotile/SA-Dway04.png,SA-Dway04.png,/home/main/.local/share/oprn/pixel-art-world-downloads/SA-Dway04.png,96,128,c556bf8db2a7c0c89168c18d657747c2a9303b591a909662d6fdb4a1705d93a4,reused_verified,"개인 로컬 수집; 소재 재배포 금지; 공개 작품에 Pixel Art World/ドット絵世界 크레딧. 조건: https://yms.main.jp/dotartworld/page1/rule.html; 기존 인덱스 SHA-256 일치, 실제 이미지 전체 디코딩 확인.; PNG 픽셀 디코딩 확인.",300,,,扉1
学校 — SC-Door-SchlG01.png,door_sprite,https://yms.main.jp/dotartworld/page3/door01.html,https://yms.main.jp/dotartworld/sozai/door/SC-Door-SchlG01.png,SC-Door-SchlG01.png,/home/main/.local/share/oprn/pixel-art-world-downloads/by-source/sozai/door/SC-Door-SchlG01.png,384,256,4d4b4207e34e3f928649f1f8e09600f297b96d0f53001e1ecd32c0d65d0c031d,downloaded_verified,개인 로컬 수집; 소재 재배포 금지; 공개 작품에 Pixel Art World/ドット絵世界 크레딧. 조건: https://yms.main.jp/dotartworld/page1/rule.html; PNG 픽셀 디코딩 확인.,3475,200,,学校
普通のドア — SC-Door02.png,door_sprite,https://yms.main.jp/dotartworld/page3/door01.html,https://yms.main.jp/dotartworld/sozai/door/SC-Door02.png,SC-Door02.png,/home/main/.local/share/oprn/pixel-art-world-downloads/by-source/sozai/door/SC-Door02.png,128,256,9e67d39c82443776075c500de63dbd387d56048bd8b73e9480761423315bec79,downloaded_verified,개인 로컬 수집; 소재 재배포 금지; 공개 작품에 Pixel Art World/ドット絵世界 크레딧. 조건: https://yms.main.jp/dotartworld/page1/rule.html; PNG 픽셀 디코딩 확인.,3182,200,,普通のドア
普通のドア — SC-Door03.png,door_sprite,https://yms.main.jp/dotartworld/page3/door01.html,https://yms.main.jp/dotartworld/sozai/door/SC-Door03.png,SC-Door03.png,/home/main/.local/share/oprn/pixel-art-world-downloads/by-source/sozai/door/SC-Door03.png,128,256,50114c160ecb4a8b07d83ff56c5ab33ab264a74e4822602f614cc9ae98a8a952,downloaded_verified,개인 로컬 수집; 소재 재배포 금지; 공개 작품에 Pixel Art World/ドット絵世界 크레딧. 조건: https://yms.main.jp/dotartworld/page1/rule.html; PNG 픽셀 디코딩 확인.,1967,200,,普通のドア
普通のドア — SC-Door04.png,door_sprite,https://yms.main.jp/dotartworld/page3/door01.html,https://yms.main.jp/dotartworld/sozai/door/SC-Door04.png,SC-Door04.png,/home/main/.local/share/oprn/pixel-art-world-downloads/by-source/sozai/door/SC-Door04.png,128,256,1c83fad2385cce268cb1cfdf4d5cced8ee2e01467c60ae3103e0aa10e2ae5a3b,downloaded_verified,개인 로컬 수집; 소재 재배포 금지; 공개 작품에 Pixel Art World/ドット絵世界 크레딧. 조건: https://yms.main.jp/dotartworld/page1/rule.html; PNG 픽셀 디코딩 확인.,5002,200,,普通のドア
普通のドア — SC-Door05.png,door_sprite,https://yms.main.jp/dotartworld/page3/door01.html,https://yms.main.jp/dotartworld/sozai/door/SC-Door05.png,SC-Door05.png,/home/main/.local/share/oprn/pixel-art-world-downloads/by-source/sozai/door/SC-Door05.png,128,256,345be418f185f323f2a00a960c8b8bac63ebe99dee3d02ca787f05c04973e11f,downloaded_verified,개인 로컬 수집; 소재 재배포 금지; 공개 작품에 Pixel Art World/ドット絵世界 크레딧. 조건: https://yms.main.jp/dotartworld/page1/rule.html; PNG 픽셀 디코딩 확인.,5031,200,,普通のドア
普通のドア — SC-Door06.png,door_sprite,https://yms.main.jp/dotartworld/page3/door01.html,https://yms.main.jp/dotartworld/sozai/door/SC-Door06.png,SC-Door06.png,/home/main/.local/share/oprn/pixel-art-world-downloads/by-source/sozai/door/SC-Door06.png,128,256,ed9f91ce6d114ad5956d41b8dbcdc2c17af6dc7b88ed6caf0b2669d987a62be0,downloaded_verified,개인 로컬 수집; 소재 재배포 금지; 공개 작품에 Pixel Art World/ドット絵世界 크레딧. 조건: https://yms.main.jp/dotartworld/page1/rule.html; PNG 픽셀 디코딩 확인.,3361,200,,普通のドア
普通のドア — SC-Door07.png,door_sprite,https://yms.main.jp/dotartworld/page3/door01.html,https://yms.main.jp/dotartworld/sozai/door/SC-Door07.png,SC-Door07.png,/home/main/.local/share/oprn/pixel-art-world-downloads/by-source/sozai/door/SC-Door07.png,128,256,592522e661b57282c29707077ef05f7b9660c3e1cd8ec89fb5f51b076f600abc,downloaded_verified,개인 로컬 수집; 소재 재배포 금지; 공개 작품에 Pixel Art World/ドット絵世界 크레딧. 조건: https://yms.main.jp/dotartworld/page1/rule.html; PNG 픽셀 디코딩 확인.,4236,200,,普通のドア
普通のドア — SC-Door08.png,door_sprite,https://yms.main.jp/dotartworld/page3/door01.html,https://yms.main.jp/dotartworld/sozai/door/SC-Door08.png,SC-Door08.png,/home/main/.local/share/oprn/pixel-art-world-downloads/by-source/sozai/door/SC-Door08.png,128,256,a01254677bba8892816005a5fafe2d8edccfd4bbbf9fe6c0345aa60a8865caba,downloaded_verified,개인 로컬 수집; 소재 재배포 금지; 공개 작품에 Pixel Art World/ドット絵世界 크레딧. 조건: https://yms.main.jp/dotartworld/page1/rule.html; PNG 픽셀 디코딩 확인.,4222,200,,普通のドア
普通のドア — SC-Door09.png,door_sprite,https://yms.main.jp/dotartworld/page3/door01.html,https://yms.main.jp/dotartworld/sozai/door/SC-Door09.png,SC-Door09.png,/home/main/.local/share/oprn/pixel-art-world-downloads/by-source/sozai/door/SC-Door09.png,128,256,ef55ae2c1c47e7d65f51c425c537d22b1d8a70846cef3ad522d2e1f8c110af15,downloaded_verified,개인 로컬 수집; 소재 재배포 금지; 공개 작품에 Pixel Art World/ドット絵世界 크레딧. 조건: https://yms.main.jp/dotartworld/page1/rule.html; PNG 픽셀 디코딩 확인.,2843,200,,普通のドア
普通のドア — SC-Door-Cl01.png,door_sprite,https://yms.main.jp/dotartworld/page3/door01.html,https://yms.main.jp/dotartworld/sozai/door/SC-Door-Cl01.png,SC-Door-Cl01.png,/home/main/.local/share/oprn/pixel-art-world-downloads/by-source/sozai/door/SC-Door-Cl01.png,384,256,bd3000061513232411d8e6dc4b46b80ee21d9bd5f407315df40af5002ecc211f,downloaded_verified,개인 로컬 수집; 소재 재배포 금지; 공개 작품에 Pixel Art World/ドット絵世界 크레딧. 조건: https://yms.main.jp/dotartworld/page1/rule.html; PNG 픽셀 디코딩 확인.,2781,200,,普通のドア
下水道用のドア — SC-Door-Metal03.png,door_sprite,https://yms.main.jp/dotartworld/page3/door01.html,https://yms.main.jp/dotartworld/sozai/door/SC-Door-Metal03.png,SC-Door-Metal03.png,/home/main/.local/share/oprn/pixel-art-world-downloads/by-source/sozai/door/SC-Door-Metal03.png,128,256,e56c92cf3f340c0e4336312b6242185734e48ca8fceb59b3fc0ff0d1b7cb92b0,downloaded_verified,개인 로컬 수집; 소재 재배포 금지; 공개 작품에 Pixel Art World/ドット絵世界 크레딧. 조건: https://yms.main.jp/dotartworld/page1/rule.html; PNG 픽셀 디코딩 확인.,5240,200,,下水道用のドア
エントランスドア — SC-Door-Entce02.png,door_sprite,https://yms.main.jp/dotartworld/page3/door01.html,https://yms.main.jp/dotartworld/sozai/door/SC-Door-Entce02.png,SC-Door-Entce02.png,/home/main/.local/share/oprn/pixel-art-world-downloads/by-source/sozai/door/SC-Door-Entce02.png,384,256,f225c9b45df4fb310c5107a040b8461bb25d0fed2ad87c14bd6ec94e874d08cf,downloaded_verified,개인 로컬 수집; 소재 재배포 금지; 공개 작품에 Pixel Art World/ドット絵世界 크레딧. 조건: https://yms.main.jp/dotartworld/page1/rule.html; PNG 픽셀 디코딩 확인.,3424,200,,エントランスドア
エントランスドア — SC-Door-Entce03.png,door_sprite,https://yms.main.jp/dotartworld/page3/door01.html,https://yms.main.jp/dotartworld/sozai/door/SC-Door-Entce03.png,SC-Door-Entce03.png,/home/main/.local/share/oprn/pixel-art-world-downloads/by-source/sozai/door/SC-Door-Entce03.png,384,256,eb1644c232192587847cfdcbc832dc38d7c38c9acf54e1cc0bbc78790496e959,downloaded_verified,개인 로컬 수집; 소재 재배포 금지; 공개 작품에 Pixel Art World/ドット絵世界 크레딧. 조건: https://yms.main.jp/dotartworld/page1/rule.html; PNG 픽셀 디코딩 확인.,14472,200,,エントランスドア
自動ドア — SC-Door-AutoAM.png,door_sprite,https://yms.main.jp/dotartworld/page3/door01.html,https://yms.main.jp/dotartworld/sozai/door/SC-Door-AutoAM.png,SC-Door-AutoAM.png,/home/main/.local/share/oprn/pixel-art-world-downloads/by-source/sozai/door/SC-Door-AutoAM.png,384,256,8b8e3432eaa24590d81f901743764c37ac7f853bd100dbbe9489e46e1946de2c,downloaded_verified,개인 로컬 수집; 소재 재배포 금지; 공개 작품에 Pixel Art World/ドット絵世界 크레딧. 조건: https://yms.main.jp/dotartworld/page1/rule.html; PNG 픽셀 디코딩 확인.,3948,200,,自動ドア
自動ドア — SC-Door-AutoAS.png,door_sprite,https://yms.main.jp/dotartworld/page3/door01.html,https://yms.main.jp/dotartworld/sozai/door/SC-Door-AutoAS.png,SC-Door-AutoAS.png,/home/main/.local/share/oprn/pixel-art-world-downloads/by-source/sozai/door/SC-Door-AutoAS.png,128,256,307f197ecefcd9fbc9316403f72d15665fe223730916f70aa7c1ba103d6cc885,downloaded_verified,개인 로컬 수집; 소재 재배포 금지; 공개 작품에 Pixel Art World/ドット絵世界 크레딧. 조건: https://yms.main.jp/dotartworld/page1/rule.html; PNG 픽셀 디코딩 확인.,1302,200,,自動ドア
自動ドア — SC-Door-AutoBM.png,door_sprite,https://yms.main.jp/dotartworld/page3/door01.html,https://yms.main.jp/dotartworld/sozai/door/SC-Door-AutoBM.png,SC-Door-AutoBM.png,/home/main/.local/share/oprn/pixel-art-world-downloads/by-source/sozai/door/SC-Door-AutoBM.png,384,384,9e09d0606a3c35db53d6e9b68a68edd64a8372587fe71635e4771e6deb7479e1,downloaded_verified,개인 로컬 수집; 소재 재배포 금지; 공개 작품에 Pixel Art World/ドット絵世界 크레딧. 조건: https://yms.main.jp/dotartworld/page1/rule.html; PNG 픽셀 디코딩 확인.,4814,200,,自動ドア
自動ドア — SC-Door-AutoBS.png,door_sprite,https://yms.main.jp/dotartworld/page3/door01.html,https://yms.main.jp/dotartworld/sozai/door/SC-Door-AutoBS.png,SC-Door-AutoBS.png,/home/main/.local/share/oprn/pixel-art-world-downloads/by-source/sozai/door/SC-Door-AutoBS.png,128,384,cb9c0a9a0aa7226d0b43ecd956373aa21b86e4954d3c5b27baa9c09cf2182466,downloaded_verified,개인 로컬 수집; 소재 재배포 금지; 공개 작품에 Pixel Art World/ドット絵世界 크레딧. 조건: https://yms.main.jp/dotartworld/page1/rule.html; PNG 픽셀 디코딩 확인.,1467,200,,自動ドア
自動ドア — SC-Door-AutoBW.png,door_sprite,https://yms.main.jp/dotartworld/page3/door01.html,https://yms.main.jp/dotartworld/sozai/door/SC-Door-AutoBW.png,SC-Door-AutoBW.png,/home/main/.local/share/oprn/pixel-art-world-downloads/by-source/sozai/door/SC-Door-AutoBW.png,512,384,84e94cc83779be04a39334120394482fbaa0880b7556d03ce0a585c9c75bc24d,downloaded_verified,개인 로컬 수집; 소재 재배포 금지; 공개 작품에 Pixel Art World/ドット絵世界 크레딧. 조건: https://yms.main.jp/dotartworld/page1/rule.html; PNG 픽셀 디코딩 확인.,6629,200,,自動ドア
和室 — SC-Door-WF01.png,door_sprite,https://yms.main.jp/dotartworld/page3/door02.html,https://yms.main.jp/dotartworld/sozai/door/SC-Door-WF01.png,SC-Door-WF01.png,/home/main/.local/share/oprn/pixel-art-world-downloads/by-source/sozai/door/SC-Door-WF01.png,384,256,f29a103e6be162591b2b1f975806ed20e51eebf065f98b5fb24b76805c0e09a1,downloaded_verified,개인 로컬 수집; 소재 재배포 금지; 공개 작품에 Pixel Art World/ドット絵世界 크레딧. 조건: https://yms.main.jp/dotartworld/page1/rule.html; 和室 쇼지/후스마: アトリエ・ヤオヨロヅ 제공. 해당 제공자 별도 조건 확인 필요.; PNG 픽셀 디코딩 확인.,2810,200,,和室
和室 — SC-Door-WF02.png,door_sprite,https://yms.main.jp/dotartworld/page3/door02.html,https://yms.main.jp/dotartworld/sozai/door/SC-Door-WF02.png,SC-Door-WF02.png,/home/main/.local/share/oprn/pixel-art-world-downloads/by-source/sozai/door/SC-Door-WF02.png,512,256,8f300504faab62dd32df2a393f29c7b9b0a8068d18e200c0275f7cb0f0aeec36,downloaded_verified,개인 로컬 수집; 소재 재배포 금지; 공개 작품에 Pixel Art World/ドット絵世界 크레딧. 조건: https://yms.main.jp/dotartworld/page1/rule.html; 和室 쇼지/후스마: アトリエ・ヤオヨロヅ 제공. 해당 제공자 별도 조건 확인 필요.; PNG 픽셀 디코딩 확인.,4035,200,,和室
和室 — SC-Door-WS01.png,door_sprite,https://yms.main.jp/dotartworld/page3/door02.html,https://yms.main.jp/dotartworld/sozai/door/SC-Door-WS01.png,SC-Door-WS01.png,/home/main/.local/share/oprn/pixel-art-world-downloads/by-source/sozai/door/SC-Door-WS01.png,384,256,58cb34e864f38d4aa06deee1e1c65fb132380f78ebdb9b482a46abfe8590739f,downloaded_verified,개인 로컬 수집; 소재 재배포 금지; 공개 작품에 Pixel Art World/ドット絵世界 크레딧. 조건: https://yms.main.jp/dotartworld/page1/rule.html; 和室 쇼지/후스마: アトリエ・ヤオヨロヅ 제공. 해당 제공자 별도 조건 확인 필요.; PNG 픽셀 디코딩 확인.,2907,200,,和室
和室 — SC-Door-WS02.png,door_sprite,https://yms.main.jp/dotartworld/page3/door02.html,https://yms.main.jp/dotartworld/sozai/door/SC-Door-WS02.png,SC-Door-WS02.png,/home/main/.local/share/oprn/pixel-art-world-downloads/by-source/sozai/door/SC-Door-WS02.png,384,256,96fe58d6eac8058c0cee281f93b3792bd3f59d2056768ef0276c1158d65f1ecc,downloaded_verified,개인 로컬 수집; 소재 재배포 금지; 공개 작품에 Pixel Art World/ドット絵世界 크레딧. 조건: https://yms.main.jp/dotartworld/page1/rule.html; 和室 쇼지/후스마: アトリエ・ヤオヨロヅ 제공. 해당 제공자 별도 조건 확인 필요.; PNG 픽셀 디코딩 확인.,2782,200,,和室
和室 — SC-Door-WS03.png,door_sprite,https://yms.main.jp/dotartworld/page3/door02.html,https://yms.main.jp/dotartworld/sozai/door/SC-Door-WS03.png,SC-Door-WS03.png,/home/main/.local/share/oprn/pixel-art-world-downloads/by-source/sozai/door/SC-Door-WS03.png,512,256,7bd430823b9fbd2bfc7575f23e4d2a0aa734b745693574804f641b99e4817ab5,downloaded_verified,개인 로컬 수집; 소재 재배포 금지; 공개 작품에 Pixel Art World/ドット絵世界 크레딧. 조건: https://yms.main.jp/dotartworld/page1/rule.html; 和室 쇼지/후스마: アトリエ・ヤオヨロヅ 제공. 해당 제공자 별도 조건 확인 필요.; PNG 픽셀 디코딩 확인.,5021,200,,和室
遺跡用 — SC-Door-Ruins01.png,door_sprite,https://yms.main.jp/dotartworld/page3/door02.html,https://yms.main.jp/dotartworld/sozai/door/SC-Door-Ruins01.png,SC-Door-Ruins01.png,/home/main/.local/share/oprn/pixel-art-world-downloads/by-source/sozai/door/SC-Door-Ruins01.png,384,384,01a889186d91ebdc30da74486cd27439bd74c5012c5b0b5d820f1160f9741c8f,downloaded_verified,개인 로컬 수집; 소재 재배포 금지; 공개 작품에 Pixel Art World/ドット絵世界 크레딧. 조건: https://yms.main.jp/dotartworld/page1/rule.html; PNG 픽셀 디코딩 확인.,18383,200,,遺跡用
アニメーション素材 — SC-Owl02.png,event_or_character_sprite,https://yms.main.jp/dotartworld/page3/chara01.html,https://yms.main.jp/dotartworld/sozai/chara/SC-Owl02.png,SC-Owl02.png,/home/main/.local/share/oprn/pixel-art-world-downloads/by-source/sozai/chara/SC-Owl02.png,256,256,2bc8da939553f08fbdf58f0095a8793d4e1e1188a6f891de359d0dc5871b65f4,downloaded_verified,개인 로컬 수집; 소재 재배포 금지; 공개 작품에 Pixel Art World/ドット絵世界 크레딧. 조건: https://yms.main.jp/dotartworld/page1/rule.html; PNG 픽셀 디코딩 확인.,2557,200,,アニメーション素材
アニメーション素材 — SC-Owl03.png,event_or_character_sprite,https://yms.main.jp/dotartworld/page3/chara01.html,https://yms.main.jp/dotartworld/sozai/chara/SC-Owl03.png,SC-Owl03.png,/home/main/.local/share/oprn/pixel-art-world-downloads/by-source/sozai/chara/SC-Owl03.png,128,128,896eeeb75445f8776d27e5fb55a1153046990f22a9b806a0f29d9c2b11c59bf3,downloaded_verified,개인 로컬 수집; 소재 재배포 금지; 공개 작품에 Pixel Art World/ドット絵世界 크레딧. 조건: https://yms.main.jp/dotartworld/page1/rule.html; PNG 픽셀 디코딩 확인.,3441,200,,アニメーション素材
アニメーション素材 — SC-Owl01.png,event_or_character_sprite,https://yms.main.jp/dotartworld/page3/chara01.html,https://yms.main.jp/dotartworld/sozai/chara/SC-Owl01.png,SC-Owl01.png,/home/main/.local/share/oprn/pixel-art-world-downloads/by-source/sozai/chara/SC-Owl01.png,256,192,4b6cf27fc8bbca49c5b4aaeadca3dc6e5ac57a05ccecb4dee84264203fe68f50,downloaded_verified,개인 로컬 수집; 소재 재배포 금지; 공개 작품에 Pixel Art World/ドット絵世界 크레딧. 조건: https://yms.main.jp/dotartworld/page1/rule.html; PNG 픽셀 디코딩 확인.,3778,200,,アニメーション素材
アニメーション素材 — SC-Owl-Mail.png,event_or_character_sprite,https://yms.main.jp/dotartworld/page3/chara01.html,https://yms.main.jp/dotartworld/sozai/chara/SC-Owl-Mail.png,SC-Owl-Mail.png,/home/main/.local/share/oprn/pixel-art-world-downloads/by-source/sozai/chara/SC-Owl-Mail.png,256,192,dd657f57929ec912a61602c9eb5067bb51e7b365ad9efdc1f9d1c6cbc27a3031,downloaded_verified,개인 로컬 수집; 소재 재배포 금지; 공개 작품에 Pixel Art World/ドット絵世界 크레딧. 조건: https://yms.main.jp/dotartworld/page1/rule.html; PNG 픽셀 디코딩 확인.,3884,200,,アニメーション素材
鯉と亀 — SC-Carp01.png,event_or_character_sprite,https://yms.main.jp/dotartworld/page3/chara01.html,https://yms.main.jp/dotartworld/sozai/chara/SC-Carp01.png,SC-Carp01.png,/home/main/.local/share/oprn/pixel-art-world-downloads/by-source/sozai/chara/SC-Carp01.png,128,128,01f364c4815ec468849a9e96121166c9d475ba8ed78b0b5a5568a54261783de9,downloaded_verified,개인 로컬 수집; 소재 재배포 금지; 공개 작품에 Pixel Art World/ドット絵世界 크레딧. 조건: https://yms.main.jp/dotartworld/page1/rule.html; PNG 픽셀 디코딩 확인.,3255,200,,鯉と亀
鯉と亀 — SC-Turtle01.png,event_or_character_sprite,https://yms.main.jp/dotartworld/page3/chara01.html,https://yms.main.jp/dotartworld/sozai/chara/SC-Turtle01.png,SC-Turtle01.png,/home/main/.local/share/oprn/pixel-art-world-downloads/by-source/sozai/chara/SC-Turtle01.png,208,128,a0262d2f0943d37e1046b19cd3a5f86d485a896871ed6cb45348e58051f562ae,downloaded_verified,개인 로컬 수집; 소재 재배포 금지; 공개 작품에 Pixel Art World/ドット絵世界 크레딧. 조건: https://yms.main.jp/dotartworld/page1/rule.html; PNG 픽셀 디코딩 확인.,2765,200,,鯉と亀
リャマ — SC-Lama01.png,event_or_character_sprite,https://yms.main.jp/dotartworld/page3/chara01.html,https://yms.main.jp/dotartworld/sozai/chara/SC-Lama01.png,SC-Lama01.png,/home/main/.local/share/oprn/pixel-art-world-downloads/by-source/sozai/chara/SC-Lama01.png,192,256,a93351419561ddec5599a47826156d14c998e7de07d874c57b0eb948dff70552,downloaded_verified,개인 로컬 수집; 소재 재배포 금지; 공개 작품에 Pixel Art World/ドット絵世界 크레딧. 조건: https://yms.main.jp/dotartworld/page1/rule.html; PNG 픽셀 디코딩 확인.,6995,200,,リャマ
リャマ — SC-Funassi01.png,event_or_character_sprite,https://yms.main.jp/dotartworld/page3/chara01.html,https://yms.main.jp/dotartworld/sozai/chara/SC-Funassi01.png,SC-Funassi01.png,,,,,excluded_catalog_character,개인 로컬 수집; 소재 재배포 금지; 공개 작품에 Pixel Art World/ドット絵世界 크레딧. 조건: https://yms.main.jp/dotartworld/page1/rule.html; 카탈로그의 후낫시 제외 권고를 따름; 제작자도 자기 책임 사용 명시. HTTP 200,0,200,,リャマ
光る石と矢印 — SC-Stone01.png,event_or_character_sprite,https://yms.main.jp/dotartworld/page3/chara01.html,https://yms.main.jp/dotartworld/sozai/chara/SC-Stone01.png,SC-Stone01.png,/home/main/.local/share/oprn/pixel-art-world-downloads/by-source/sozai/chara/SC-Stone01.png,128,128,194d27c80f8256cd627c13770c6bf2d4184f7d2ade5629e341b4bc3509b2635a,downloaded_verified,개인 로컬 수집; 소재 재배포 금지; 공개 작품에 Pixel Art World/ドット絵世界 크레딧. 조건: https://yms.main.jp/dotartworld/page1/rule.html; PNG 픽셀 디코딩 확인.,1225,200,,光る石と矢印
光る石と矢印 — SC-Pointer01.png,event_or_character_sprite,https://yms.main.jp/dotartworld/page3/chara01.html,https://yms.main.jp/dotartworld/sozai/chara/SC-Pointer01.png,SC-Pointer01.png,/home/main/.local/share/oprn/pixel-art-world-downloads/by-source/sozai/chara/SC-Pointer01.png,128,128,bcd64a752852a06a7b4f55cccd61c017ec9ac10748bae0e87a6c1b3c1dffdd57,downloaded_verified,개인 로컬 수집; 소재 재배포 금지; 공개 작품에 Pixel Art World/ドット絵世界 크레딧. 조건: https://yms.main.jp/dotartworld/page1/rule.html; PNG 픽셀 디코딩 확인.,764,200,,光る石と矢印
ライト — SC-Candle01.png,event_or_character_sprite,https://yms.main.jp/dotartworld/page3/chara01.html,https://yms.main.jp/dotartworld/sozai/chara/SC-Candle01.png,SC-Candle01.png,/home/main/.local/share/oprn/pixel-art-world-downloads/by-source/sozai/chara/SC-Candle01.png,128,256,5fe8c05e46116d2556497ef8eee71714a03b2fb139559e6247094ea6b7c0b41a,downloaded_verified,개인 로컬 수집; 소재 재배포 금지; 공개 작품에 Pixel Art World/ドット絵世界 크레딧. 조건: https://yms.main.jp/dotartworld/page1/rule.html; PNG 픽셀 디코딩 확인.,11499,200,,ライト
ライト — SC-Lamp01.png,event_or_character_sprite,https://yms.main.jp/dotartworld/page3/chara01.html,https://yms.main.jp/dotartworld/sozai/chara/SC-Lamp01.png,SC-Lamp01.png,/home/main/.local/share/oprn/pixel-art-world-downloads/by-source/sozai/chara/SC-Lamp01.png,128,128,3de8974290eaa8464220337652e540b5cf414a4604306275464256450d840063,downloaded_verified,개인 로컬 수집; 소재 재배포 금지; 공개 작품에 Pixel Art World/ドット絵世界 크레딧. 조건: https://yms.main.jp/dotartworld/page1/rule.html; PNG 픽셀 디코딩 확인.,6771,200,,ライト
エレベーター — SC-Door-Ev01.png,door_sprite,https://yms.main.jp/dotartworld/page3/chara01.html,https://yms.main.jp/dotartworld/sozai/door/SC-Door-Ev01.png,SC-Door-Ev01.png,/home/main/.local/share/oprn/pixel-art-world-downloads/by-source/sozai/door/SC-Door-Ev01.png,384,256,81af06191bca3ca95591779ee86a1e78774ecc240f424de89b6620075356b1e4,downloaded_verified,개인 로컬 수집; 소재 재배포 금지; 공개 작품에 Pixel Art World/ドット絵世界 크레딧. 조건: https://yms.main.jp/dotartworld/page1/rule.html; PNG 픽셀 디코딩 확인.,2250,200,,エレベーター
エレベーター — SC-Door-Ev02.png,door_sprite,https://yms.main.jp/dotartworld/page3/chara01.html,https://yms.main.jp/dotartworld/sozai/door/SC-Door-Ev02.png,SC-Door-Ev02.png,/home/main/.local/share/oprn/pixel-art-world-downloads/by-source/sozai/door/SC-Door-Ev02.png,384,256,c96a8953e99fbb44b6762dfcae9e44e56a151a9caa1b945b96d2515b8dca757c,downloaded_verified,개인 로컬 수집; 소재 재배포 금지; 공개 작품에 Pixel Art World/ドット絵世界 크레딧. 조건: https://yms.main.jp/dotartworld/page1/rule.html; PNG 픽셀 디코딩 확인.,2789,200,,エレベーター
エレベーター — SC-Door-Evs01.png,door_sprite,https://yms.main.jp/dotartworld/page3/chara01.html,https://yms.main.jp/dotartworld/sozai/door/SC-Door-Evs01.png,SC-Door-Evs01.png,/home/main/.local/share/oprn/pixel-art-world-downloads/by-source/sozai/door/SC-Door-Evs01.png,256,128,05e16cb4cfe3f98eb23e84afe5d826de2d39e8167465c64f6dcc602085dcbd18,downloaded_verified,개인 로컬 수집; 소재 재배포 금지; 공개 작품에 Pixel Art World/ドット絵世界 크레딧. 조건: https://yms.main.jp/dotartworld/page1/rule.html; PNG 픽셀 디코딩 확인.,369,200,,エレベーター
クリスマスツリーとサンタ — SC-Santa01.png,event_or_character_sprite,https://yms.main.jp/dotartworld/page3/chara01.html,https://yms.main.jp/dotartworld/sozai/chara/SC-Santa01.png,SC-Santa01.png,/home/main/.local/share/oprn/pixel-art-world-downloads/by-source/sozai/chara/SC-Santa01.png,128,192,2a119c03d85cbd546b79c6f826dc5f4387dc88f8f3621ea9ea7f14109245f932,downloaded_verified,개인 로컬 수집; 소재 재배포 금지; 공개 작품에 Pixel Art World/ドット絵世界 크레딧. 조건: https://yms.main.jp/dotartworld/page1/rule.html; PNG 픽셀 디코딩 확인.,3325,200,,クリスマスツリーとサンタ
クリスマスツリーとサンタ — SC-Santa02.png,event_or_character_sprite,https://yms.main.jp/dotartworld/page3/chara01.html,https://yms.main.jp/dotartworld/sozai/chara/SC-Santa02.png,SC-Santa02.png,/home/main/.local/share/oprn/pixel-art-world-downloads/by-source/sozai/chara/SC-Santa02.png,128,192,9c552d5f0025de544cdc6b73dfdf8bbbd2d33810beb62a3d94106aad614adde9,downloaded_verified,개인 로컬 수집; 소재 재배포 금지; 공개 작품에 Pixel Art World/ドット絵世界 크레딧. 조건: https://yms.main.jp/dotartworld/page1/rule.html; PNG 픽셀 디코딩 확인.,3282,200,,クリスマスツリーとサンタ
クリスマスツリーとサンタ — SC-ChristmasTree01.png,event_or_character_sprite,https://yms.main.jp/dotartworld/page3/chara01.html,https://yms.main.jp/dotartworld/sozai/chara/SC-ChristmasTree01.png,SC-ChristmasTree01.png,/home/main/.local/share/oprn/pixel-art-world-downloads/by-source/sozai/chara/SC-ChristmasTree01.png,384,512,775c8940689f331c9da9bcc6168c2396d593c934068c87b7740a9c2e85ff4ab2,downloaded_verified,개인 로컬 수집; 소재 재배포 금지; 공개 작품에 Pixel Art World/ドット絵世界 크레딧. 조건: https://yms.main.jp/dotartworld/page1/rule.html; PNG 픽셀 디코딩 확인.,77614,200,,クリスマスツリーとサンタ
ライオンの口から水が出るアレ — SC-WallLion02.png,event_or_character_sprite,https://yms.main.jp/dotartworld/page3/chara01.html,https://yms.main.jp/dotartworld/sozai/chara/SC-WallLion02.png,SC-WallLion02.png,/home/main/.local/share/oprn/pixel-art-world-downloads/by-source/sozai/chara/SC-WallLion02.png,128,128,b0abffadbf98f632170e7ae05403840c08c0bd03b383e410176c72af97b462f4,downloaded_verified,개인 로컬 수집; 소재 재배포 금지; 공개 작품에 Pixel Art World/ドット絵世界 크레딧. 조건: https://yms.main.jp/dotartworld/page1/rule.html; PNG 픽셀 디코딩 확인.,3034,200,,ライオンの口から水が出るアレ
ライオンの口から水が出るアレ — SC-WallLion01.png,event_or_character_sprite,https://yms.main.jp/dotartworld/page3/chara01.html,https://yms.main.jp/dotartworld/sozai/chara/SC-WallLion01.png,SC-WallLion01.png,/home/main/.local/share/oprn/pixel-art-world-downloads/by-source/sozai/chara/SC-WallLion01.png,128,128,9b53357c0d0b7a34073952ad188b777a07aa73451ee4c5dfb4496ce51757a504,downloaded_verified,개인 로컬 수집; 소재 재배포 금지; 공개 작품에 Pixel Art World/ドット絵世界 크레딧. 조건: https://yms.main.jp/dotartworld/page1/rule.html; PNG 픽셀 디코딩 확인.,2111,200,,ライオンの口から水が出るアレ
骸骨 — SC-Skeleton01.png,event_or_character_sprite,https://yms.main.jp/dotartworld/page3/chara01.html,https://yms.main.jp/dotartworld/sozai/chara/SC-Skeleton01.png,SC-Skeleton01.png,/home/main/.local/share/oprn/pixel-art-world-downloads/by-source/sozai/chara/SC-Skeleton01.png,256,384,1b397de841d82af43e42f31db6143e5935888a7099bb9047f89896ee9ec9a10b,downloaded_verified,개인 로컬 수집; 소재 재배포 금지; 공개 작품에 Pixel Art World/ドット絵世界 크레딧. 조건: https://yms.main.jp/dotartworld/page1/rule.html; PNG 픽셀 디코딩 확인.,3898,200,,骸骨
骸骨 — SC-SantaF01.png,event_or_character_sprite,https://yms.main.jp/dotartworld/page3/chara01.html,https://yms.main.jp/dotartworld/sozai/chara/SC-SantaF01.png,SC-SantaF01.png,/home/main/.local/share/oprn/pixel-art-world-downloads/by-source/sozai/chara/SC-SantaF01.png,128,224,1b1bea41c599c58bd53dc37b98ac88a9e8bf66bb470826ad33cac68425ca24d4,downloaded_verified,개인 로컬 수집; 소재 재배포 금지; 공개 작품에 Pixel Art World/ドット絵世界 크레딧. 조건: https://yms.main.jp/dotartworld/page1/rule.html; 캐라 소재1의 XP RTP 개변 구역: RPG Maker XP 소유자 한정; OPRN 범용 게임 사용 허가 아님.; PNG 픽셀 디코딩 확인.,3667,200,,骸骨
骸骨 — SC-SantaF02.png,event_or_character_sprite,https://yms.main.jp/dotartworld/page3/chara01.html,https://yms.main.jp/dotartworld/sozai/chara/SC-SantaF02.png,SC-SantaF02.png,/home/main/.local/share/oprn/pixel-art-world-downloads/by-source/sozai/chara/SC-SantaF02.png,128,224,2109d0ae82a9e2de4da240fcc869eeb7251cd766e74508ecb17ec87b06b79901,downloaded_verified,개인 로컬 수집; 소재 재배포 금지; 공개 작품에 Pixel Art World/ドット絵世界 크레딧. 조건: https://yms.main.jp/dotartworld/page1/rule.html; 캐라 소재1의 XP RTP 개변 구역: RPG Maker XP 소유자 한정; OPRN 범용 게임 사용 허가 아님.; PNG 픽셀 디코딩 확인.,3305,200,,骸骨
骸骨 — SC-CTsunagi01.png,event_or_character_sprite,https://yms.main.jp/dotartworld/page3/chara01.html,https://yms.main.jp/dotartworld/sozai/chara/SC-CTsunagi01.png,SC-CTsunagi01.png,/home/main/.local/share/oprn/pixel-art-world-downloads/by-source/sozai/chara/SC-CTsunagi01.png,128,192,fddb20d462c3c663d94ba98d6041489c5f159d76719be4a0d2c006789ad8351d,downloaded_verified,개인 로컬 수집; 소재 재배포 금지; 공개 작품에 Pixel Art World/ドット絵世界 크레딧. 조건: https://yms.main.jp/dotartworld/page1/rule.html; 캐라 소재1의 XP RTP 개변 구역: RPG Maker XP 소유자 한정; OPRN 범용 게임 사용 허가 아님.; PNG 픽셀 디코딩 확인.,3565,200,,骸骨
骸骨 — yaranaika.png,loose_chip_or_prop,https://yms.main.jp/dotartworld/page3/chara01.html,https://yms.main.jp/dotartworld/sozai/chips/yaranaika.png,yaranaika.png,/home/main/.local/share/oprn/pixel-art-world-downloads/by-source/sozai/chips/yaranaika.png,96,128,95ab6a18e4a18920c26ce2f2816a8ede3212b06bc6a17b082d08c97511290b0a,downloaded_verified,개인 로컬 수집; 소재 재배포 금지; 공개 작품에 Pixel Art World/ドット絵世界 크레딧. 조건: https://yms.main.jp/dotartworld/page1/rule.html; 캐라 소재1의 XP RTP 개변 구역: RPG Maker XP 소유자 한정; OPRN 범용 게임 사용 허가 아님.; PNG 픽셀 디코딩 확인.,5656,200,,骸骨
骸骨 — SC-SantaC01.png,event_or_character_sprite,https://yms.main.jp/dotartworld/page3/chara01.html,https://yms.main.jp/dotartworld/sozai/chara/SC-SantaC01.png,SC-SantaC01.png,/home/main/.local/share/oprn/pixel-art-world-downloads/by-source/sozai/chara/SC-SantaC01.png,128,224,9cab200d16e549c5d205402ee4407d3e17de7bd3092782118719dc6fa35d1b10,downloaded_verified,개인 로컬 수집; 소재 재배포 금지; 공개 작품에 Pixel Art World/ドット絵世界 크레딧. 조건: https://yms.main.jp/dotartworld/page1/rule.html; 캐라 소재1의 XP RTP 개변 구역: RPG Maker XP 소유자 한정; OPRN 범용 게임 사용 허가 아님.; PNG 픽셀 디코딩 확인.,3076,200,,骸骨
骸骨 — SC-SantaC02.png,event_or_character_sprite,https://yms.main.jp/dotartworld/page3/chara01.html,https://yms.main.jp/dotartworld/sozai/chara/SC-SantaC02.png,SC-SantaC02.png,/home/main/.local/share/oprn/pixel-art-world-downloads/by-source/sozai/chara/SC-SantaC02.png,128,224,9bbc41e23a84637e82df1883c4d3f1b47c17bc0a9e1a376986377012c04900c2,downloaded_verified,개인 로컬 수집; 소재 재배포 금지; 공개 작품에 Pixel Art World/ドット絵世界 크레딧. 조건: https://yms.main.jp/dotartworld/page1/rule.html; 캐라 소재1의 XP RTP 개변 구역: RPG Maker XP 소유자 한정; OPRN 범용 게임 사용 허가 아님.; PNG 픽셀 디코딩 확인.,1067,200,,骸骨
骸骨 — SC-CFundosi01.png,event_or_character_sprite,https://yms.main.jp/dotartworld/page3/chara01.html,https://yms.main.jp/dotartworld/sozai/chara/SC-CFundosi01.png,SC-CFundosi01.png,/home/main/.local/share/oprn/pixel-art-world-downloads/by-source/sozai/chara/SC-CFundosi01.png,128,192,7b463f09c7af94cb171c2fb898d027aa969856b08a55e73d7793456cf284658f,downloaded_verified,개인 로컬 수집; 소재 재배포 금지; 공개 작품에 Pixel Art World/ドット絵世界 크레딧. 조건: https://yms.main.jp/dotartworld/page1/rule.html; 캐라 소재1의 XP RTP 개변 구역: RPG Maker XP 소유자 한정; OPRN 범용 게임 사용 허가 아님.; PNG 픽셀 디코딩 확인.,3002,200,,骸骨
骸骨 — PikoC-Girl01.png,event_or_character_sprite,https://yms.main.jp/dotartworld/page3/chara01.html,https://yms.main.jp/dotartworld/sozai/chara/RTP/PikoC-Girl01.png,PikoC-Girl01.png,/home/main/.local/share/oprn/pixel-art-world-downloads/by-source/sozai/chara/RTP/PikoC-Girl01.png,128,192,13894e5a6004345241a6057dda316f933ca79d49fe66d3e36d98b2d32fe76d7f,downloaded_verified,개인 로컬 수집; 소재 재배포 금지; 공개 작품에 Pixel Art World/ドット絵世界 크레딧. 조건: https://yms.main.jp/dotartworld/page1/rule.html; 캐라 소재1의 XP RTP 개변 구역: RPG Maker XP 소유자 한정; OPRN 범용 게임 사용 허가 아님.; PNG 픽셀 디코딩 확인.,7062,200,,骸骨
骸骨 — PikoC-Teddy005.png,event_or_character_sprite,https://yms.main.jp/dotartworld/page3/chara01.html,https://yms.main.jp/dotartworld/sozai/chara/RTP/PikoC-Teddy005.png,PikoC-Teddy005.png,/home/main/.local/share/oprn/pixel-art-world-downloads/by-source/sozai/chara/RTP/PikoC-Teddy005.png,128,192,cdf8068dbfda9913582175b9b00367b3dee4a620d46da7a299a0e77e2a1cd907,downloaded_verified,개인 로컬 수집; 소재 재배포 금지; 공개 작품에 Pixel Art World/ドット絵世界 크레딧. 조건: https://yms.main.jp/dotartworld/page1/rule.html; 캐라 소재1의 XP RTP 개변 구역: RPG Maker XP 소유자 한정; OPRN 범용 게임 사용 허가 아님.; PNG 픽셀 디코딩 확인.,8784,200,,骸骨
キャラクター素材 — SC-Book02.png,event_or_character_sprite,https://yms.main.jp/dotartworld/page3/chara02.html,https://yms.main.jp/dotartworld/sozai/chara/SC-Book02.png,SC-Book02.png,/home/main/.local/share/oprn/pixel-art-world-downloads/by-source/sozai/chara/SC-Book02.png,128,128,4f057aba7cbd7d29bb91a501ad3bb14d5ae59a41550e4c954f8c2970f0f4538c,downloaded_verified,개인 로컬 수집; 소재 재배포 금지; 공개 작품에 Pixel Art World/ドット絵世界 크레딧. 조건: https://yms.main.jp/dotartworld/page1/rule.html; PNG 픽셀 디코딩 확인.,718,200,,キャラクター素材
キャラクター素材 — SC-Mushroom01.png,event_or_character_sprite,https://yms.main.jp/dotartworld/page3/chara02.html,https://yms.main.jp/dotartworld/sozai/chara/SC-Mushroom01.png,SC-Mushroom01.png,/home/main/.local/share/oprn/pixel-art-world-downloads/by-source/sozai/chara/SC-Mushroom01.png,128,128,5fae6ebb6a1a758d35e896c9b4cc1c20cc5fda5f494c339005f76668dc3f074d,downloaded_verified,개인 로컬 수집; 소재 재배포 금지; 공개 작품에 Pixel Art World/ドット絵世界 크레딧. 조건: https://yms.main.jp/dotartworld/page1/rule.html; PNG 픽셀 디코딩 확인.,2015,200,,キャラクター素材
キャラクター素材 — SC-Pictures01.png,event_or_character_sprite,https://yms.main.jp/dotartworld/page3/chara02.html,https://yms.main.jp/dotartworld/sozai/chara/SC-Pictures01.png,SC-Pictures01.png,/home/main/.local/share/oprn/pixel-art-world-downloads/by-source/sozai/chara/SC-Pictures01.png,128,128,562e807d4b946a059f484c2e385a114b00009d1d3402f6b85a70404b1124d79f,downloaded_verified,개인 로컬 수집; 소재 재배포 금지; 공개 작품에 Pixel Art World/ドット絵世界 크레딧. 조건: https://yms.main.jp/dotartworld/page1/rule.html; PNG 픽셀 디코딩 확인.,4179,200,,キャラクター素材
のれん — SC-Noren01.png,event_or_character_sprite,https://yms.main.jp/dotartworld/page3/chara02.html,https://yms.main.jp/dotartworld/sozai/chara/SC-Noren01.png,SC-Noren01.png,/home/main/.local/share/oprn/pixel-art-world-downloads/by-source/sozai/chara/SC-Noren01.png,384,128,e63a66452f2256c8f01a4208548cb5d0df34258f895140a1dada5c34c6924e68,downloaded_verified,개인 로컬 수집; 소재 재배포 금지; 공개 작품에 Pixel Art World/ドット絵世界 크레딧. 조건: https://yms.main.jp/dotartworld/page1/rule.html; PNG 픽셀 디코딩 확인.,1894,200,,のれん
のれん — SC-Noren02.png,event_or_character_sprite,https://yms.main.jp/dotartworld/page3/chara02.html,https://yms.main.jp/dotartworld/sozai/chara/SC-Noren02.png,SC-Noren02.png,/home/main/.local/share/oprn/pixel-art-world-downloads/by-source/sozai/chara/SC-Noren02.png,384,128,164119832581c9d79941c154edde232e079dc2fdc6f48122c4c3c4340c7e7d81,downloaded_verified,개인 로컬 수집; 소재 재배포 금지; 공개 작품에 Pixel Art World/ドット絵世界 크레딧. 조건: https://yms.main.jp/dotartworld/page1/rule.html; PNG 픽셀 디코딩 확인.,1247,200,,のれん
レトロ看板 — SC-Bd03.png,event_or_character_sprite,https://yms.main.jp/dotartworld/page3/chara02.html,https://yms.main.jp/dotartworld/sozai/chara/SC-Bd03.png,SC-Bd03.png,/home/main/.local/share/oprn/pixel-art-world-downloads/by-source/sozai/chara/SC-Bd03.png,128,256,e809e85575423699d965505b82adf794b2b2d68b90cba76b5ff13aa9bfe6c756,downloaded_verified,개인 로컬 수집; 소재 재배포 금지; 공개 작품에 Pixel Art World/ドット絵世界 크레딧. 조건: https://yms.main.jp/dotartworld/page1/rule.html; PNG 픽셀 디코딩 확인.,1262,200,,レトロ看板
レトロ看板 — SC-Bd02.png,event_or_character_sprite,https://yms.main.jp/dotartworld/page3/chara02.html,https://yms.main.jp/dotartworld/sozai/chara/SC-Bd02.png,SC-Bd02.png,/home/main/.local/share/oprn/pixel-art-world-downloads/by-source/sozai/chara/SC-Bd02.png,128,128,ab118c29b8f17bd0268b08bf9f466a4aaf7393c36cbdc1632889d8b1525e20e6,downloaded_verified,개인 로컬 수집; 소재 재배포 금지; 공개 작품에 Pixel Art World/ドット絵世界 크레딧. 조건: https://yms.main.jp/dotartworld/page1/rule.html; PNG 픽셀 디코딩 확인.,2130,200,,レトロ看板
校庭用オブジェクト — SC-Set-Schl02.png,event_or_character_sprite,https://yms.main.jp/dotartworld/page3/chara02.html,https://yms.main.jp/dotartworld/sozai/chara/SC-Set-Schl02.png,SC-Set-Schl02.png,/home/main/.local/share/oprn/pixel-art-world-downloads/by-source/sozai/chara/SC-Set-Schl02.png,128,256,66d7edb104a07bdc6df62a5e46872e267b06dd3ba79998604d5131882782c793,downloaded_verified,개인 로컬 수집; 소재 재배포 금지; 공개 작품에 Pixel Art World/ドット絵世界 크레딧. 조건: https://yms.main.jp/dotartworld/page1/rule.html; PNG 픽셀 디코딩 확인.,1909,200,,校庭用オブジェクト
校庭用オブジェクト — SC-Set-Schl01.png,event_or_character_sprite,https://yms.main.jp/dotartworld/page3/chara02.html,https://yms.main.jp/dotartworld/sozai/chara/SC-Set-Schl01.png,SC-Set-Schl01.png,/home/main/.local/share/oprn/pixel-art-world-downloads/by-source/sozai/chara/SC-Set-Schl01.png,128,128,112efeb30e988210950dca1dca477d17130a0925c424353be9acf0d3a9aa2f59,downloaded_verified,개인 로컬 수집; 소재 재배포 금지; 공개 작품에 Pixel Art World/ドット絵世界 크레딧. 조건: https://yms.main.jp/dotartworld/page1/rule.html; PNG 픽셀 디코딩 확인.,2054,200,,校庭用オブジェクト
理科室小物 — SC-Labo01.png,event_or_character_sprite,https://yms.main.jp/dotartworld/page3/chara02.html,https://yms.main.jp/dotartworld/sozai/chara/SC-Labo01.png,SC-Labo01.png,/home/main/.local/share/oprn/pixel-art-world-downloads/by-source/sozai/chara/SC-Labo01.png,128,128,a02694aff74179620a733ec09d6f3f70dda6bfad353a59ecdb52e29358669551,downloaded_verified,개인 로컬 수집; 소재 재배포 금지; 공개 작품에 Pixel Art World/ドット絵世界 크레딧. 조건: https://yms.main.jp/dotartworld/page1/rule.html; PNG 픽셀 디코딩 확인.,2221,200,,理科室小物
理科室小物 — SC-Labo02.png,event_or_character_sprite,https://yms.main.jp/dotartworld/page3/chara02.html,https://yms.main.jp/dotartworld/sozai/chara/SC-Labo02.png,SC-Labo02.png,/home/main/.local/share/oprn/pixel-art-world-downloads/by-source/sozai/chara/SC-Labo02.png,128,128,d469608fed2860444e220e15c6298d0a5d5cff74b44005a0f3b07a3e29fe4759,downloaded_verified,개인 로컬 수집; 소재 재배포 금지; 공개 작품에 Pixel Art World/ドット絵世界 크레딧. 조건: https://yms.main.jp/dotartworld/page1/rule.html; PNG 픽셀 디코딩 확인.,1194,200,,理科室小物
理科室小物 — SC-Labo03.png,event_or_character_sprite,https://yms.main.jp/dotartworld/page3/chara02.html,https://yms.main.jp/dotartworld/sozai/chara/SC-Labo03.png,SC-Labo03.png,/home/main/.local/share/oprn/pixel-art-world-downloads/by-source/sozai/chara/SC-Labo03.png,128,128,492a038275c15f43955c03fdca7872a90699e887d46a7b5428aaf6568705a7b2,downloaded_verified,개인 로컬 수집; 소재 재배포 금지; 공개 작품에 Pixel Art World/ドット絵世界 크레딧. 조건: https://yms.main.jp/dotartworld/page1/rule.html; PNG 픽셀 디코딩 확인.,1687,200,,理科室小物
自動販売機 — SC-Polesign.png,event_or_character_sprite,https://yms.main.jp/dotartworld/page3/chara02.html,https://yms.main.jp/dotartworld/sozai/chara/SC-Polesign.png,SC-Polesign.png,/home/main/.local/share/oprn/pixel-art-world-downloads/by-source/sozai/chara/SC-Polesign.png,128,256,e6a3bf696457d9a92c05d395d94380a1644ba982cb488257401537b49dcde805,downloaded_verified,개인 로컬 수집; 소재 재배포 금지; 공개 작품에 Pixel Art World/ドット絵世界 크레딧. 조건: https://yms.main.jp/dotartworld/page1/rule.html; PNG 픽셀 디코딩 확인.,4822,200,,自動販売機
和風 — byobu.png,loose_chip_or_prop,https://yms.main.jp/dotartworld/page3/chips01.html,https://yms.main.jp/dotartworld/sozai/chips/byobu.png,byobu.png,/home/main/.local/share/oprn/pixel-art-world-downloads/by-source/sozai/chips/byobu.png,96,192,c20ce184558f4821385ec7cad879c11ced3e9fae8e584addc47ec60a716d166d,downloaded_verified,개인 로컬 수집; 소재 재배포 금지; 공개 작품에 Pixel Art World/ドット絵世界 크레딧. 조건: https://yms.main.jp/dotartworld/page1/rule.html; PNG 픽셀 디코딩 확인.,2451,200,,和風
和風 — kakigooriya.png,loose_chip_or_prop,https://yms.main.jp/dotartworld/page3/chips01.html,https://yms.main.jp/dotartworld/sozai/chips/kakigooriya.png,kakigooriya.png,/home/main/.local/share/oprn/pixel-art-world-downloads/by-source/sozai/chips/kakigooriya.png,96,160,f5c66013514c3358eb21049917c98e557b4efc3e522aef592244353a797d09c3,downloaded_verified,개인 로컬 수집; 소재 재배포 금지; 공개 작품에 Pixel Art World/ドット絵世界 크레딧. 조건: https://yms.main.jp/dotartworld/page1/rule.html; PNG 픽셀 디코딩 확인.,6566,200,,和風
和風 — nastu1.png,loose_chip_or_prop,https://yms.main.jp/dotartworld/page3/chips01.html,https://yms.main.jp/dotartworld/sozai/chips/nastu1.png,nastu1.png,/home/main/.local/share/oprn/pixel-art-world-downloads/by-source/sozai/chips/nastu1.png,128,96,ba07b2a2fac566683624efd8aaf598a6d90937ef18a7343b067964f91afeb513,downloaded_verified,개인 로컬 수집; 소재 재배포 금지; 공개 작품에 Pixel Art World/ドット絵世界 크레딧. 조건: https://yms.main.jp/dotartworld/page1/rule.html; PNG 픽셀 디코딩 확인.,6660,200,,和風
和風 — nomen.png,loose_chip_or_prop,https://yms.main.jp/dotartworld/page3/chips01.html,https://yms.main.jp/dotartworld/sozai/chips/nomen.png,nomen.png,/home/main/.local/share/oprn/pixel-art-world-downloads/by-source/sozai/chips/nomen.png,160,192,f69f71f1d355b80318964547ce4f5b80da72691f6d3cd05a91995a7303b269c8,downloaded_verified,개인 로컬 수집; 소재 재배포 금지; 공개 작품에 Pixel Art World/ドット絵世界 크레딧. 조건: https://yms.main.jp/dotartworld/page1/rule.html; PNG 픽셀 디코딩 확인.,11407,200,,和風
和風 — okame.png,loose_chip_or_prop,https://yms.main.jp/dotartworld/page3/chips01.html,https://yms.main.jp/dotartworld/sozai/chips/okame.png,okame.png,/home/main/.local/share/oprn/pixel-art-world-downloads/by-source/sozai/chips/okame.png,96,96,e234ca44725ce855130db17fd88e48134b7c522d07f42a921f2f560fabae0472,downloaded_verified,개인 로컬 수집; 소재 재배포 금지; 공개 작품에 Pixel Art World/ドット絵世界 크레딧. 조건: https://yms.main.jp/dotartworld/page1/rule.html; PNG 픽셀 디코딩 확인.,5810,200,,和風
和風 — otukimi.png,loose_chip_or_prop,https://yms.main.jp/dotartworld/page3/chips01.html,https://yms.main.jp/dotartworld/sozai/chips/otukimi.png,otukimi.png,/home/main/.local/share/oprn/pixel-art-world-downloads/by-source/sozai/chips/otukimi.png,64,96,d778ada93e7c9bb377b64b896df9d530fc76b5f3979a003845e6c2c3f5fa5d84,downloaded_verified,개인 로컬 수집; 소재 재배포 금지; 공개 작품에 Pixel Art World/ドット絵世界 크레딧. 조건: https://yms.main.jp/dotartworld/page1/rule.html; PNG 픽셀 디코딩 확인.,890,200,,和風
和風 — kuri.png,loose_chip_or_prop,https://yms.main.jp/dotartworld/page3/chips01.html,https://yms.main.jp/dotartworld/sozai/chips/kuri.png,kuri.png,/home/main/.local/share/oprn/pixel-art-world-downloads/by-source/sozai/chips/kuri.png,64,64,0ad864590df6fb2bcb6316ef3cc9d43686c1d767a6d5a97bc82de94e7013aaf0,downloaded_verified,개인 로컬 수집; 소재 재배포 금지; 공개 작품에 Pixel Art World/ドット絵世界 크레딧. 조건: https://yms.main.jp/dotartworld/page1/rule.html; PNG 픽셀 디코딩 확인.,777,200,,和風
和風 — kane.png,loose_chip_or_prop,https://yms.main.jp/dotartworld/page3/chips01.html,https://yms.main.jp/dotartworld/sozai/chips/kane.png,kane.png,/home/main/.local/share/oprn/pixel-art-world-downloads/by-source/sozai/chips/kane.png,64,64,d0019f03edce5425c4a49f618dc07754ee51ad38b2e810cd3f4700172fd237a3,downloaded_verified,개인 로컬 수집; 소재 재배포 금지; 공개 작품에 Pixel Art World/ドット絵世界 크레딧. 조건: https://yms.main.jp/dotartworld/page1/rule.html; PNG 픽셀 디코딩 확인.,810,200,,和風
和風 — kimono.png,loose_chip_or_prop,https://yms.main.jp/dotartworld/page3/chips01.html,https://yms.main.jp/dotartworld/sozai/chips/kimono.png,kimono.png,/home/main/.local/share/oprn/pixel-art-world-downloads/by-source/sozai/chips/kimono.png,64,64,20516cb6f8270101b3c63c1b4529567b634c97dc82d0211146e8702d6b5eaf22,downloaded_verified,개인 로컬 수집; 소재 재배포 금지; 공개 작품에 Pixel Art World/ドット絵世界 크레딧. 조건: https://yms.main.jp/dotartworld/page1/rule.html; PNG 픽셀 디코딩 확인.,992,200,,和風
和風 — tubo.png,loose_chip_or_prop,https://yms.main.jp/dotartworld/page3/chips01.html,https://yms.main.jp/dotartworld/sozai/chips/tubo.png,tubo.png,/home/main/.local/share/oprn/pixel-art-world-downloads/by-source/sozai/chips/tubo.png,64,64,4af1f819a5809e258d739d88ec9bb104acc34fe570a711d1de28c87288c987ce,downloaded_verified,개인 로컬 수집; 소재 재배포 금지; 공개 작품에 Pixel Art World/ドット絵世界 크레딧. 조건: https://yms.main.jp/dotartworld/page1/rule.html; PNG 픽셀 디코딩 확인.,982,200,,和風
和風 — kodomonohi.png,loose_chip_or_prop,https://yms.main.jp/dotartworld/page3/chips01.html,https://yms.main.jp/dotartworld/sozai/chips/kodomonohi.png,kodomonohi.png,/home/main/.local/share/oprn/pixel-art-world-downloads/by-source/sozai/chips/kodomonohi.png,64,64,84ec27c40518f09554ff646b7fcd80afe5dbb352ad828465bfad7924349d1e14,downloaded_verified,개인 로컬 수집; 소재 재배포 금지; 공개 작품에 Pixel Art World/ドット絵世界 크레딧. 조건: https://yms.main.jp/dotartworld/page1/rule.html; PNG 픽셀 디코딩 확인.,2634,200,,和風
和風 — jizo.png,loose_chip_or_prop,https://yms.main.jp/dotartworld/page3/chips01.html,https://yms.main.jp/dotartworld/sozai/chips/jizo.png,jizo.png,/home/main/.local/share/oprn/pixel-art-world-downloads/by-source/sozai/chips/jizo.png,96,128,c8eabe69f93536bd20e6fccbe96ba8c582a6a9f647c6ebe5a97a7ac8568cfd61,downloaded_verified,개인 로컬 수집; 소재 재배포 금지; 공개 작품에 Pixel Art World/ドット絵世界 크레딧. 조건: https://yms.main.jp/dotartworld/page1/rule.html; PNG 픽셀 디코딩 확인.,4469,200,,和風
和風 — manekineko2.png,loose_chip_or_prop,https://yms.main.jp/dotartworld/page3/chips01.html,https://yms.main.jp/dotartworld/sozai/chips/manekineko2.png,manekineko2.png,/home/main/.local/share/oprn/pixel-art-world-downloads/by-source/sozai/chips/manekineko2.png,96,96,c507eceaa881c003f86d0f73c3d71967539900d312ecf28c24259f2f3f2d0729,downloaded_verified,개인 로컬 수집; 소재 재배포 금지; 공개 작품에 Pixel Art World/ドット絵世界 크레딧. 조건: https://yms.main.jp/dotartworld/page1/rule.html; PNG 픽셀 디코딩 확인.,1913,200,,和風
和風 — botan.png,loose_chip_or_prop,https://yms.main.jp/dotartworld/page3/chips01.html,https://yms.main.jp/dotartworld/sozai/chips/botan.png,botan.png,/home/main/.local/share/oprn/pixel-art-world-downloads/by-source/sozai/chips/botan.png,96,128,84add732f5b65af0f761973888030ce903c950841dfb9ec4a11123b212d67ea4,downloaded_verified,개인 로컬 수집; 소재 재배포 금지; 공개 작품에 Pixel Art World/ドット絵世界 크레딧. 조건: https://yms.main.jp/dotartworld/page1/rule.html; PNG 픽셀 디코딩 확인.,1527,200,,和風
和風 — kingyocho.png,loose_chip_or_prop,https://yms.main.jp/dotartworld/page3/chips01.html,https://yms.main.jp/dotartworld/sozai/chips/kingyocho.png,kingyocho.png,/home/main/.local/share/oprn/pixel-art-world-downloads/by-source/sozai/chips/kingyocho.png,32,32,7d1fd02be11acef8a3e5180549372ce7607146f2e48b5ef4e7dfae953158ffc3,downloaded_verified,개인 로컬 수집; 소재 재배포 금지; 공개 작품에 Pixel Art World/ドット絵世界 크레딧. 조건: https://yms.main.jp/dotartworld/page1/rule.html; PNG 픽셀 디코딩 확인.,591,200,,和風
和風 — demise02.png,loose_chip_or_prop,https://yms.main.jp/dotartworld/page3/chips01.html,https://yms.main.jp/dotartworld/sozai/chips/demise02.png,demise02.png,/home/main/.local/share/oprn/pixel-art-world-downloads/by-source/sozai/chips/demise02.png,192,96,7511aad9aec3f6853cef038400377de6ef8a7a15db3eccd290b7e02644fab419,downloaded_verified,개인 로컬 수집; 소재 재배포 금지; 공개 작품에 Pixel Art World/ドット絵世界 크레딧. 조건: https://yms.main.jp/dotartworld/page1/rule.html; PNG 픽셀 디코딩 확인.,6461,200,,和風
和風 — tigermat2.png,loose_chip_or_prop,https://yms.main.jp/dotartworld/page3/chips01.html,https://yms.main.jp/dotartworld/sozai/chips/tigermat2.png,tigermat2.png,/home/main/.local/share/oprn/pixel-art-world-downloads/by-source/sozai/chips/tigermat2.png,96,96,b9525d8951f5eaae44ab0b745a666b11fa583d658503edce13591292325363c5,downloaded_verified,개인 로컬 수집; 소재 재배포 금지; 공개 작품에 Pixel Art World/ドット絵世界 크레딧. 조건: https://yms.main.jp/dotartworld/page1/rule.html; PNG 픽셀 디코딩 확인.,4316,200,,和風
和風 — hanami.png,loose_chip_or_prop,https://yms.main.jp/dotartworld/page3/chips01.html,https://yms.main.jp/dotartworld/sozai/chips/hanami.png,hanami.png,/home/main/.local/share/oprn/pixel-art-world-downloads/by-source/sozai/chips/hanami.png,192,224,0ee979d779659728004547427fb84663cd847db6b9b6644dcf40e238cc5fbd20,downloaded_verified,개인 로컬 수집; 소재 재배포 금지; 공개 작품에 Pixel Art World/ドット絵世界 크레딧. 조건: https://yms.main.jp/dotartworld/page1/rule.html; PNG 픽셀 디코딩 확인.,10929,200,,和風
和風 — demise01.png,loose_chip_or_prop,https://yms.main.jp/dotartworld/page3/chips01.html,https://yms.main.jp/dotartworld/sozai/chips/demise01.png,demise01.png,/home/main/.local/share/oprn/pixel-art-world-downloads/by-source/sozai/chips/demise01.png,192,96,47743384b19c5337b63bb57ff7fc92d5013a441edfa854dcc6e2174e868c6591,downloaded_verified,개인 로컬 수집; 소재 재배포 금지; 공개 작품에 Pixel Art World/ドット絵世界 크레딧. 조건: https://yms.main.jp/dotartworld/page1/rule.html; PNG 픽셀 디코딩 확인.,4920,200,,和風
和風 — syakanyorai.png,loose_chip_or_prop,https://yms.main.jp/dotartworld/page3/chips01.html,https://yms.main.jp/dotartworld/sozai/chips/syakanyorai.png,syakanyorai.png,/home/main/.local/share/oprn/pixel-art-world-downloads/by-source/sozai/chips/syakanyorai.png,192,128,688750ee90ab161c33127e53165cb507277b2ad95fcccb00ae5b490dda27e8b4,downloaded_verified,개인 로컬 수집; 소재 재배포 금지; 공개 작품에 Pixel Art World/ドット絵世界 크레딧. 조건: https://yms.main.jp/dotartworld/page1/rule.html; PNG 픽셀 디코딩 확인.,6400,200,,和風
和風 — syakanyorai2.png,loose_chip_or_prop,https://yms.main.jp/dotartworld/page3/chips01.html,https://yms.main.jp/dotartworld/sozai/chips/syakanyorai2.png,syakanyorai2.png,/home/main/.local/share/oprn/pixel-art-world-downloads/by-source/sozai/chips/syakanyorai2.png,192,128,41f9da7c2f23f7a7c71ce511a9ad77b787b3585d4e59dd135d932bb2d97f4a65,downloaded_verified,개인 로컬 수집; 소재 재배포 금지; 공개 작품에 Pixel Art World/ドット絵世界 크레딧. 조건: https://yms.main.jp/dotartworld/page1/rule.html; PNG 픽셀 디코딩 확인.,6649,200,,和風
和風 — hina01.png,loose_chip_or_prop,https://yms.main.jp/dotartworld/page3/chips01.html,https://yms.main.jp/dotartworld/sozai/chips/hina01.png,hina01.png,/home/main/.local/share/oprn/pixel-art-world-downloads/by-source/sozai/chips/hina01.png,192,256,e99da8283ec3b95bc23c7bbb75db82490cbb63f503a7a19e66d4ecf0148a34a0,downloaded_verified,개인 로컬 수집; 소재 재배포 금지; 공개 작품에 Pixel Art World/ドット絵世界 크레딧. 조건: https://yms.main.jp/dotartworld/page1/rule.html; PNG 픽셀 디코딩 확인.,18748,200,,和風
和風 — hina02.png,loose_chip_or_prop,https://yms.main.jp/dotartworld/page3/chips01.html,https://yms.main.jp/dotartworld/sozai/chips/hina02.png,hina02.png,/home/main/.local/share/oprn/pixel-art-world-downloads/by-source/sozai/chips/hina02.png,192,192,5abfd28b72f0ea62892fccb31fd8821df705552a9c425d83c94a583b8a38aecb,downloaded_verified,개인 로컬 수집; 소재 재배포 금지; 공개 작품에 Pixel Art World/ドット絵世界 크레딧. 조건: https://yms.main.jp/dotartworld/page1/rule.html; PNG 픽셀 디코딩 확인.,10371,200,,和風
お稲荷様と鳥居 — oinarisama.png,loose_chip_or_prop,https://yms.main.jp/dotartworld/page3/chips01.html,https://yms.main.jp/dotartworld/sozai/chips/oinarisama.png,oinarisama.png,/home/main/.local/share/oprn/pixel-art-world-downloads/by-source/sozai/chips/oinarisama.png,320,320,003d29e6ad611ee314099b7de026c039951a4e63e5e7c09ff22302c90bfb5b0e,downloaded_verified,개인 로컬 수집; 소재 재배포 금지; 공개 작품에 Pixel Art World/ドット絵世界 크레딧. 조건: https://yms.main.jp/dotartworld/page1/rule.html; PNG 픽셀 디코딩 확인.,30149,200,,お稲荷様と鳥居
お稲荷様と鳥居 — torii01.png,loose_chip_or_prop,https://yms.main.jp/dotartworld/page3/chips01.html,https://yms.main.jp/dotartworld/sozai/chips/torii01.png,torii01.png,/home/main/.local/share/oprn/pixel-art-world-downloads/by-source/sozai/chips/torii01.png,192,224,a9dccd8b4046f3fe4f0898b854c49c1b5d5ebf3cf6d473ed2a2aa8e77fcba6b3,downloaded_verified,개인 로컬 수집; 소재 재배포 금지; 공개 작품에 Pixel Art World/ドット絵世界 크레딧. 조건: https://yms.main.jp/dotartworld/page1/rule.html; PNG 픽셀 디코딩 확인.,2757,200,,お稲荷様と鳥居
お稲荷様と鳥居 — torii02.png,loose_chip_or_prop,https://yms.main.jp/dotartworld/page3/chips01.html,https://yms.main.jp/dotartworld/sozai/chips/torii02.png,torii02.png,/home/main/.local/share/oprn/pixel-art-world-downloads/by-source/sozai/chips/torii02.png,288,96,0562fcb5b9bbca934ae7bf0277714ffc25fec759be5d58599b171fc717472cd2,downloaded_verified,개인 로컬 수집; 소재 재배포 금지; 공개 작품에 Pixel Art World/ドット絵世界 크레딧. 조건: https://yms.main.jp/dotartworld/page1/rule.html; PNG 픽셀 디코딩 확인.,1929,200,,お稲荷様と鳥居
樹木とか — tree01.png,loose_chip_or_prop,https://yms.main.jp/dotartworld/page3/chips01.html,https://yms.main.jp/dotartworld/sozai/chips/tree01.png,tree01.png,/home/main/.local/share/oprn/pixel-art-world-downloads/by-source/sozai/chips/tree01.png,192,256,c2aeec69b913c5c324ada3ff85f48e4e155ded25a2a9f1612ef9a650f0b3dea3,downloaded_verified,개인 로컬 수집; 소재 재배포 금지; 공개 작품에 Pixel Art World/ドット絵世界 크레딧. 조건: https://yms.main.jp/dotartworld/page1/rule.html; PNG 픽셀 디코딩 확인.,5099,200,,樹木とか
樹木とか — ume.png,loose_chip_or_prop,https://yms.main.jp/dotartworld/page3/chips01.html,https://yms.main.jp/dotartworld/sozai/chips/ume.png,ume.png,/home/main/.local/share/oprn/pixel-art-world-downloads/by-source/sozai/chips/ume.png,192,192,62d11300e5cf373c0b836b452a3e22bd6906a1db400c9c0383804f7226f9fe1e,downloaded_verified,개인 로컬 수집; 소재 재배포 금지; 공개 작품에 Pixel Art World/ドット絵世界 크레딧. 조건: https://yms.main.jp/dotartworld/page1/rule.html; PNG 픽셀 디코딩 확인.,3955,200,,樹木とか
樹木とか — sakura.png,loose_chip_or_prop,https://yms.main.jp/dotartworld/page3/chips01.html,https://yms.main.jp/dotartworld/sozai/chips/sakura.png,sakura.png,/home/main/.local/share/oprn/pixel-art-world-downloads/by-source/sozai/chips/sakura.png,192,192,1af770d648d448895fbd4cc8548a636537ffafc29a3a912c4542ea36bc8deca1,downloaded_verified,개인 로컬 수집; 소재 재배포 금지; 공개 작품에 Pixel Art World/ドット絵世界 크레딧. 조건: https://yms.main.jp/dotartworld/page1/rule.html; PNG 픽셀 디코딩 확인.,11120,200,,樹木とか
樹木とか — sakura2.png,loose_chip_or_prop,https://yms.main.jp/dotartworld/page3/chips01.html,https://yms.main.jp/dotartworld/sozai/chips/sakura2.png,sakura2.png,/home/main/.local/share/oprn/pixel-art-world-downloads/by-source/sozai/chips/sakura2.png,192,192,d6ce60769ebd1c26fb3204c03735e823ffc2a57c396fdcffe418c8b1e7ab6854,downloaded_verified,개인 로컬 수집; 소재 재배포 금지; 공개 작품에 Pixel Art World/ドット絵世界 크레딧. 조건: https://yms.main.jp/dotartworld/page1/rule.html; PNG 픽셀 디코딩 확인.,12553,200,,樹木とか
樹木とか — momiji.png,loose_chip_or_prop,https://yms.main.jp/dotartworld/page3/chips01.html,https://yms.main.jp/dotartworld/sozai/chips/momiji.png,momiji.png,/home/main/.local/share/oprn/pixel-art-world-downloads/by-source/sozai/chips/momiji.png,128,128,557d16595a939295b652be7bffc8e5bbfa0cb2df27191d9f03f90946a005b113,downloaded_verified,개인 로컬 수집; 소재 재배포 금지; 공개 작품에 Pixel Art World/ドット絵世界 크레딧. 조건: https://yms.main.jp/dotartworld/page1/rule.html; PNG 픽셀 디코딩 확인.,3529,200,,樹木とか
樹木とか — himawari.png,loose_chip_or_prop,https://yms.main.jp/dotartworld/page3/chips01.html,https://yms.main.jp/dotartworld/sozai/chips/himawari.png,himawari.png,/home/main/.local/share/oprn/pixel-art-world-downloads/by-source/sozai/chips/himawari.png,96,192,11e67ccd353fa8d95929db53f60b28e1c829675bfbc2d89d4eb80c14f4ddaed1,downloaded_verified,개인 로컬 수집; 소재 재배포 금지; 공개 작품에 Pixel Art World/ドット絵世界 크레딧. 조건: https://yms.main.jp/dotartworld/page1/rule.html; PNG 픽셀 디코딩 확인.,1489,200,,樹木とか
樹木とか — icho2.png,loose_chip_or_prop,https://yms.main.jp/dotartworld/page3/chips01.html,https://yms.main.jp/dotartworld/sozai/chips/icho2.png,icho2.png,/home/main/.local/share/oprn/pixel-art-world-downloads/by-source/sozai/chips/icho2.png,128,256,3ba2eaab7cbe938088c328a52dcee33b034cb3880a4f58c898994cd2eef75217,downloaded_verified,개인 로컬 수집; 소재 재배포 금지; 공개 작품에 Pixel Art World/ドット絵世界 크레딧. 조건: https://yms.main.jp/dotartworld/page1/rule.html; PNG 픽셀 디코딩 확인.,14227,200,,樹木とか
樹木とか — vege.png,loose_chip_or_prop,https://yms.main.jp/dotartworld/page3/chips01.html,https://yms.main.jp/dotartworld/sozai/chips/vege.png,vege.png,/home/main/.local/share/oprn/pixel-art-world-downloads/by-source/sozai/chips/vege.png,128,256,afcf1e5928e3385258c73fa3583862b7bf2069f57a2afa4e8a204f85d0e02180,downloaded_verified,개인 로컬 수집; 소재 재배포 금지; 공개 작품에 Pixel Art World/ドット絵世界 크레딧. 조건: https://yms.main.jp/dotartworld/page1/rule.html; PNG 픽셀 디코딩 확인.,15460,200,,樹木とか
樹木とか — ohaka.png,loose_chip_or_prop,https://yms.main.jp/dotartworld/page3/chips01.html,https://yms.main.jp/dotartworld/sozai/chips/ohaka.png,ohaka.png,/home/main/.local/share/oprn/pixel-art-world-downloads/by-source/sozai/chips/ohaka.png,128,192,418d1542bf58b37e398258332ecf04b5914b272065f981ef809fed080b878bc3,downloaded_verified,개인 로컬 수집; 소재 재배포 금지; 공개 작품에 Pixel Art World/ドット絵世界 크레딧. 조건: https://yms.main.jp/dotartworld/page1/rule.html; PNG 픽셀 디코딩 확인.,10109,200,,樹木とか
樹木とか — takezaku.png,loose_chip_or_prop,https://yms.main.jp/dotartworld/page3/chips01.html,https://yms.main.jp/dotartworld/sozai/chips/takezaku.png,takezaku.png,/home/main/.local/share/oprn/pixel-art-world-downloads/by-source/sozai/chips/takezaku.png,192,160,b338db73ebe56a539046c842b094c8588c25960f161d6197e571b3415f77753d,downloaded_verified,개인 로컬 수집; 소재 재배포 금지; 공개 작품에 Pixel Art World/ドット絵世界 크레딧. 조건: https://yms.main.jp/dotartworld/page1/rule.html; PNG 픽셀 디코딩 확인.,2998,200,,樹木とか
町並み — car.png,loose_chip_or_prop,https://yms.main.jp/dotartworld/page3/chips01.html,https://yms.main.jp/dotartworld/sozai/chips/car.png,car.png,/home/main/.local/share/oprn/pixel-art-world-downloads/by-source/sozai/chips/car.png,352,192,c7610cf7e63022efd871d88db8ba7d0046e9426db08169c76e6a3b61a23a8746,downloaded_verified,개인 로컬 수집; 소재 재배포 금지; 공개 작품에 Pixel Art World/ドット絵世界 크레딧. 조건: https://yms.main.jp/dotartworld/page1/rule.html; PNG 픽셀 디코딩 확인.,13289,200,,町並み
町並み — road.png,loose_chip_or_prop,https://yms.main.jp/dotartworld/page3/chips01.html,https://yms.main.jp/dotartworld/sozai/chips/road.png,road.png,/home/main/.local/share/oprn/pixel-art-world-downloads/by-source/sozai/chips/road.png,160,192,8b6805ba829328e5087ec91bb4ff29db6cea189bf2ff2e1cfb627045bfca54d5,downloaded_verified,개인 로컬 수집; 소재 재배포 금지; 공개 작품에 Pixel Art World/ドット絵世界 크레딧. 조건: https://yms.main.jp/dotartworld/page1/rule.html; PNG 픽셀 디코딩 확인.,5012,200,,町並み
町並み — patcar.png,loose_chip_or_prop,https://yms.main.jp/dotartworld/page3/chips01.html,https://yms.main.jp/dotartworld/sozai/chips/patcar.png,patcar.png,/home/main/.local/share/oprn/pixel-art-world-downloads/by-source/sozai/chips/patcar.png,352,192,a3e4a6aa41900fa7d95ffaa96c9a7fbad1168db217f22de8e59989a945313eeb,downloaded_verified,개인 로컬 수집; 소재 재배포 금지; 공개 작품에 Pixel Art World/ドット絵世界 크레딧. 조건: https://yms.main.jp/dotartworld/page1/rule.html; PNG 픽셀 디코딩 확인.,14129,200,,町並み
町並み — hayabusa1300.png,loose_chip_or_prop,https://yms.main.jp/dotartworld/page3/chips01.html,https://yms.main.jp/dotartworld/sozai/chips/hayabusa1300.png,hayabusa1300.png,/home/main/.local/share/oprn/pixel-art-world-downloads/by-source/sozai/chips/hayabusa1300.png,192,160,7e6fd46a5d610d30a5bbebbc6629edfc52ddc3561707c5249b06931eaf6d75b3,downloaded_verified,개인 로컬 수집; 소재 재배포 금지; 공개 작품에 Pixel Art World/ドット絵世界 크레딧. 조건: https://yms.main.jp/dotartworld/page1/rule.html; PNG 픽셀 디코딩 확인.,8797,200,,町並み
町並み — bicycle01.png,loose_chip_or_prop,https://yms.main.jp/dotartworld/page3/chips01.html,https://yms.main.jp/dotartworld/sozai/chips/bicycle01.png,bicycle01.png,/home/main/.local/share/oprn/pixel-art-world-downloads/by-source/sozai/chips/bicycle01.png,160,192,bad9cfdfe6f5c8344c54d3f89b08bc1aecfcb0cda858d5fc055faf748e8efed0,downloaded_verified,개인 로컬 수집; 소재 재배포 금지; 공개 작품에 Pixel Art World/ドット絵世界 크레딧. 조건: https://yms.main.jp/dotartworld/page1/rule.html; PNG 픽셀 디코딩 확인.,12116,200,,町並み
町並み — bicycle02.png,loose_chip_or_prop,https://yms.main.jp/dotartworld/page3/chips01.html,https://yms.main.jp/dotartworld/sozai/chips/bicycle02.png,bicycle02.png,/home/main/.local/share/oprn/pixel-art-world-downloads/by-source/sozai/chips/bicycle02.png,128,192,2d93e38de24ce7093f192c72aecfae03cacfe8ac7fcddfeb70717561c35a80a3,downloaded_verified,개인 로컬 수집; 소재 재배포 금지; 공개 작품에 Pixel Art World/ドット絵世界 크레딧. 조건: https://yms.main.jp/dotartworld/page1/rule.html; PNG 픽셀 디코딩 확인.,8053,200,,町並み
町並み — guardrail.png,loose_chip_or_prop,https://yms.main.jp/dotartworld/page3/chips01.html,https://yms.main.jp/dotartworld/sozai/chips/guardrail.png,guardrail.png,/home/main/.local/share/oprn/pixel-art-world-downloads/by-source/sozai/chips/guardrail.png,256,288,d5910d0f8f68eac9fc30d43cf49b87b3a364751164eb498c7b4e4620fa51af96,downloaded_verified,개인 로컬 수집; 소재 재배포 금지; 공개 작품에 Pixel Art World/ドット絵世界 크레딧. 조건: https://yms.main.jp/dotartworld/page1/rule.html; PNG 픽셀 디코딩 확인.,19617,200,,町並み
町並み — saku.png,loose_chip_or_prop,https://yms.main.jp/dotartworld/page3/chips01.html,https://yms.main.jp/dotartworld/sozai/chips/saku.png,saku.png,/home/main/.local/share/oprn/pixel-art-world-downloads/by-source/sozai/chips/saku.png,192,160,fdc51533fa80ebb036d4398bff844cb0b8114fa59d9ec67c8856a0f770d773d4,downloaded_verified,개인 로컬 수집; 소재 재배포 금지; 공개 작품에 Pixel Art World/ドット絵世界 크레딧. 조건: https://yms.main.jp/dotartworld/page1/rule.html; PNG 픽셀 디코딩 확인.,1237,200,,町並み
町並み — busstop.png,loose_chip_or_prop,https://yms.main.jp/dotartworld/page3/chips01.html,https://yms.main.jp/dotartworld/sozai/chips/busstop.png,busstop.png,/home/main/.local/share/oprn/pixel-art-world-downloads/by-source/sozai/chips/busstop.png,128,96,fd3083c29dd7cefc2b3aff7125aff97ad9172de42c792a70b0026e7f72c0aca1,downloaded_verified,개인 로컬 수집; 소재 재배포 금지; 공개 작품에 Pixel Art World/ドット絵世界 크레딧. 조건: https://yms.main.jp/dotartworld/page1/rule.html; PNG 픽셀 디코딩 확인.,955,200,,町並み
町並み — streetlamp.png,loose_chip_or_prop,https://yms.main.jp/dotartworld/page3/chips01.html,https://yms.main.jp/dotartworld/sozai/chips/streetlamp.png,streetlamp.png,/home/main/.local/share/oprn/pixel-art-world-downloads/by-source/sozai/chips/streetlamp.png,96,128,ebc64223a115cd061c7f7ddfe2bb8c859176b76b74225f8de7a3f30406254bff,downloaded_verified,개인 로컬 수집; 소재 재배포 금지; 공개 작품에 Pixel Art World/ドット絵世界 크레딧. 조건: https://yms.main.jp/dotartworld/page1/rule.html; PNG 픽셀 디코딩 확인.,1396,200,,町並み
町並み — post.png,loose_chip_or_prop,https://yms.main.jp/dotartworld/page3/chips01.html,https://yms.main.jp/dotartworld/sozai/chips/post.png,post.png,/home/main/.local/share/oprn/pixel-art-world-downloads/by-source/sozai/chips/post.png,64,64,15e1cb4e7be04078de74e2052e083f33646242b2f7961429255fa4d76c7c5ae2,downloaded_verified,개인 로컬 수집; 소재 재배포 금지; 공개 작품에 Pixel Art World/ドット絵世界 크레딧. 조건: https://yms.main.jp/dotartworld/page1/rule.html; PNG 픽셀 디코딩 확인.,629,200,,町並み
町並み — koji2.png,loose_chip_or_prop,https://yms.main.jp/dotartworld/page3/chips01.html,https://yms.main.jp/dotartworld/sozai/chips/koji2.png,koji2.png,/home/main/.local/share/oprn/pixel-art-world-downloads/by-source/sozai/chips/koji2.png,288,160,282c1d563427e602c8572a06578a67443aac593be0dec508dfd01edbbf70a1f6,downloaded_verified,개인 로컬 수집; 소재 재배포 금지; 공개 작품에 Pixel Art World/ドット絵世界 크레딧. 조건: https://yms.main.jp/dotartworld/page1/rule.html; PNG 픽셀 디코딩 확인.,14616,200,,町並み
町並み — syomeisyasinki.png,loose_chip_or_prop,https://yms.main.jp/dotartworld/page3/chips01.html,https://yms.main.jp/dotartworld/sozai/chips/syomeisyasinki.png,syomeisyasinki.png,/home/main/.local/share/oprn/pixel-art-world-downloads/by-source/sozai/chips/syomeisyasinki.png,192,80,a8175407465299828875f83c19fbbf8e871d89ba0bf16343828fc68f84440647,downloaded_verified,개인 로컬 수집; 소재 재배포 금지; 공개 작품에 Pixel Art World/ドット絵世界 크레딧. 조건: https://yms.main.jp/dotartworld/page1/rule.html; PNG 픽셀 디코딩 확인.,2541,200,,町並み
町並み — koji1.png,loose_chip_or_prop,https://yms.main.jp/dotartworld/page3/chips01.html,https://yms.main.jp/dotartworld/sozai/chips/koji1.png,koji1.png,/home/main/.local/share/oprn/pixel-art-world-downloads/by-source/sozai/chips/koji1.png,288,160,674b151ae4ac913ec4c8eac1d81f7b8ec78777bac20014c44a14645048264058,downloaded_verified,개인 로컬 수집; 소재 재배포 금지; 공개 작품에 Pixel Art World/ドット絵世界 크레딧. 조건: https://yms.main.jp/dotartworld/page1/rule.html; PNG 픽셀 디코딩 확인.,10421,200,,町並み
洋風 — sofa03.png,loose_chip_or_prop,https://yms.main.jp/dotartworld/page3/chips01.html,https://yms.main.jp/dotartworld/sozai/chips/sofa03.png,sofa03.png,/home/main/.local/share/oprn/pixel-art-world-downloads/by-source/sozai/chips/sofa03.png,96,160,92fcb0c62bc86db1aa60e875988f815df0c31d984bbc6ec37feb0ef02bebc767,downloaded_verified,개인 로컬 수집; 소재 재배포 금지; 공개 작품에 Pixel Art World/ドット絵世界 크레딧. 조건: https://yms.main.jp/dotartworld/page1/rule.html; PNG 픽셀 디코딩 확인.,1566,200,,洋風
洋風 — Halloween.png,loose_chip_or_prop,https://yms.main.jp/dotartworld/page3/chips01.html,https://yms.main.jp/dotartworld/sozai/chips/Halloween.png,Halloween.png,/home/main/.local/share/oprn/pixel-art-world-downloads/by-source/sozai/chips/Halloween.png,96,128,302235022baa1a493b5d536f8de89a03b287ae593a5b2ff1168554cfa60baecb,downloaded_verified,개인 로컬 수집; 소재 재배포 금지; 공개 작품에 Pixel Art World/ドット絵世界 크레딧. 조건: https://yms.main.jp/dotartworld/page1/rule.html; PNG 픽셀 디코딩 확인.,2299,200,,洋風
洋風 — table.png,loose_chip_or_prop,https://yms.main.jp/dotartworld/page3/chips01.html,https://yms.main.jp/dotartworld/sozai/chips/table.png,table.png,/home/main/.local/share/oprn/pixel-art-world-downloads/by-source/sozai/chips/table.png,128,96,be699708498f9d9b2a309a90496d689093c5623fadffaf2315786123c0807106,downloaded_verified,개인 로컬 수집; 소재 재배포 금지; 공개 작품에 Pixel Art World/ドット絵世界 크레딧. 조건: https://yms.main.jp/dotartworld/page1/rule.html; PNG 픽셀 디코딩 확인.,1102,200,,洋風
洋風 — antiqueitem.png,loose_chip_or_prop,https://yms.main.jp/dotartworld/page3/chips01.html,https://yms.main.jp/dotartworld/sozai/chips/antiqueitem.png,antiqueitem.png,/home/main/.local/share/oprn/pixel-art-world-downloads/by-source/sozai/chips/antiqueitem.png,128,96,7d2b13c60e6568f82a6792076233dfb0b50130cef6a8794e0814a66907361e78,downloaded_verified,개인 로컬 수집; 소재 재배포 금지; 공개 작품에 Pixel Art World/ドット絵世界 크레딧. 조건: https://yms.main.jp/dotartworld/page1/rule.html; PNG 픽셀 디코딩 확인.,5309,200,,洋風
洋風 — hinanset01.png,loose_chip_or_prop,https://yms.main.jp/dotartworld/page3/chips01.html,https://yms.main.jp/dotartworld/sozai/chips/hinanset01.png,hinanset01.png,/home/main/.local/share/oprn/pixel-art-world-downloads/by-source/sozai/chips/hinanset01.png,128,160,0a83340a4e148b152de719f71f858e09e1491074d4b2d62a05f8ac1cc745b396,downloaded_verified,개인 로컬 수집; 소재 재배포 금지; 공개 작품에 Pixel Art World/ドット絵世界 크레딧. 조건: https://yms.main.jp/dotartworld/page1/rule.html; PNG 픽셀 디코딩 확인.,6838,200,,洋風
洋風 — hinanset02.png,loose_chip_or_prop,https://yms.main.jp/dotartworld/page3/chips01.html,https://yms.main.jp/dotartworld/sozai/chips/hinanset02.png,hinanset02.png,/home/main/.local/share/oprn/pixel-art-world-downloads/by-source/sozai/chips/hinanset02.png,128,160,e0477182df7d0477a43802e1c88d8205bdbc6e154b7fc143218e5682682d71fa,downloaded_verified,개인 로컬 수집; 소재 재배포 금지; 공개 작품에 Pixel Art World/ドット絵世界 크레딧. 조건: https://yms.main.jp/dotartworld/page1/rule.html; PNG 픽셀 디코딩 확인.,5200,200,,洋風
洋風 — BlackMagic01.png,loose_chip_or_prop,https://yms.main.jp/dotartworld/page3/chips01.html,https://yms.main.jp/dotartworld/sozai/chips/BlackMagic01.png,BlackMagic01.png,/home/main/.local/share/oprn/pixel-art-world-downloads/by-source/sozai/chips/BlackMagic01.png,192,352,88ad1306bda1570221c7f625f84fcecbd96d49f8e1e4aa98900f7004a98228cd,downloaded_verified,개인 로컬 수집; 소재 재배포 금지; 공개 작품에 Pixel Art World/ドット絵世界 크레딧. 조건: https://yms.main.jp/dotartworld/page1/rule.html; PNG 픽셀 디코딩 확인.,23407,200,,洋風
洋風 — Chandelier.png,loose_chip_or_prop,https://yms.main.jp/dotartworld/page3/chips01.html,https://yms.main.jp/dotartworld/sozai/chips/Chandelier.png,Chandelier.png,/home/main/.local/share/oprn/pixel-art-world-downloads/by-source/sozai/chips/Chandelier.png,96,80,95b5242ff6c308d939615ce32de62062239ea5b7cd71669cc607ddc3c6904523,downloaded_verified,개인 로컬 수집; 소재 재배포 금지; 공개 작품에 Pixel Art World/ドット絵世界 크레딧. 조건: https://yms.main.jp/dotartworld/page1/rule.html; PNG 픽셀 디코딩 확인.,5298,200,,洋風
洋風 — BlackMagic02.png,loose_chip_or_prop,https://yms.main.jp/dotartworld/page3/chips01.html,https://yms.main.jp/dotartworld/sozai/chips/BlackMagic02.png,BlackMagic02.png,/home/main/.local/share/oprn/pixel-art-world-downloads/by-source/sozai/chips/BlackMagic02.png,192,256,e4c666be9f7c68e4cfa477a45ec2e92b36eb3e14d2afc35b8ac0a6ef262d2c85,downloaded_verified,개인 로컬 수집; 소재 재배포 금지; 공개 작품에 Pixel Art World/ドット絵世界 크레딧. 조건: https://yms.main.jp/dotartworld/page1/rule.html; PNG 픽셀 디코딩 확인.,15644,200,,洋風
洋風 — SC-Candle03.png,event_or_character_sprite,https://yms.main.jp/dotartworld/page3/chips01.html,https://yms.main.jp/dotartworld/sozai/chara/SC-Candle03.png,SC-Candle03.png,/home/main/.local/share/oprn/pixel-art-world-downloads/by-source/sozai/chara/SC-Candle03.png,128,256,276e73051ab36ed9586780d027d62a208c41fbab3255847d54e8c96b905dedf4,downloaded_verified,개인 로컬 수집; 소재 재배포 금지; 공개 작품에 Pixel Art World/ドット絵世界 크레딧. 조건: https://yms.main.jp/dotartworld/page1/rule.html; PNG 픽셀 디코딩 확인.,8085,200,,洋風
洋風 — SC-Candle04.png,event_or_character_sprite,https://yms.main.jp/dotartworld/page3/chips01.html,https://yms.main.jp/dotartworld/sozai/chara/SC-Candle04.png,SC-Candle04.png,/home/main/.local/share/oprn/pixel-art-world-downloads/by-source/sozai/chara/SC-Candle04.png,128,128,d80e48a5c26c4c718200948bf17ca544b9ab9a3a34e758b084fafbb7e3f4709a,downloaded_verified,개인 로컬 수집; 소재 재배포 금지; 공개 작품에 Pixel Art World/ドット絵世界 크레딧. 조건: https://yms.main.jp/dotartworld/page1/rule.html; PNG 픽셀 디코딩 확인.,2613,200,,洋風
洋風 — Organs.png,loose_chip_or_prop,https://yms.main.jp/dotartworld/page3/chips01.html,https://yms.main.jp/dotartworld/sozai/chips/Organs.png,Organs.png,/home/main/.local/share/oprn/pixel-art-world-downloads/by-source/sozai/chips/Organs.png,128,128,8e0c15ed66eb6c9470e680597d5af55080b1aa8bdcc74f7e78feaf173f3861c8,downloaded_verified,개인 로컬 수집; 소재 재배포 금지; 공개 작품에 Pixel Art World/ドット絵世界 크레딧. 조건: https://yms.main.jp/dotartworld/page1/rule.html; PNG 픽셀 디코딩 확인.,4977,200,,洋風
洋風 — sofa-skull.png,loose_chip_or_prop,https://yms.main.jp/dotartworld/page3/chips01.html,https://yms.main.jp/dotartworld/sozai/chips/sofa-skull.png,sofa-skull.png,/home/main/.local/share/oprn/pixel-art-world-downloads/by-source/sozai/chips/sofa-skull.png,128,192,803045ed38d73b5b139b4527518a49658b1ac8dc601d5d7da7ab6a30df3f7b6f,downloaded_verified,개인 로컬 수집; 소재 재배포 금지; 공개 작품에 Pixel Art World/ドット絵世界 크레딧. 조건: https://yms.main.jp/dotartworld/page1/rule.html; PNG 픽셀 디코딩 확인.,9668,200,,洋風
洋風 — doll.png,loose_chip_or_prop,https://yms.main.jp/dotartworld/page3/chips01.html,https://yms.main.jp/dotartworld/sozai/chips/doll.png,doll.png,/home/main/.local/share/oprn/pixel-art-world-downloads/by-source/sozai/chips/doll.png,160,64,8b6dba57aeb402642e475aee6e7cb01fb81afc35148fd3fa6a412aca5c04db73,downloaded_verified,개인 로컬 수집; 소재 재배포 금지; 공개 작품에 Pixel Art World/ドット絵世界 크레딧. 조건: https://yms.main.jp/dotartworld/page1/rule.html; PNG 픽셀 디코딩 확인.,1608,200,,洋風
洋風 — present.png,loose_chip_or_prop,https://yms.main.jp/dotartworld/page3/chips01.html,https://yms.main.jp/dotartworld/sozai/chips/present.png,present.png,/home/main/.local/share/oprn/pixel-art-world-downloads/by-source/sozai/chips/present.png,64,64,ba8f5dbdd80c346fbb6ae2bc3250331e8f99e2c6950e4d648f86e2a56c077269,downloaded_verified,개인 로컬 수집; 소재 재배포 금지; 공개 작품에 Pixel Art World/ドット絵世界 크레딧. 조건: https://yms.main.jp/dotartworld/page1/rule.html; PNG 픽셀 디코딩 확인.,1255,200,,洋風
洋風 — toy.png,loose_chip_or_prop,https://yms.main.jp/dotartworld/page3/chips01.html,https://yms.main.jp/dotartworld/sozai/chips/toy.png,toy.png,/home/main/.local/share/oprn/pixel-art-world-downloads/by-source/sozai/chips/toy.png,128,96,4c3317c494345c7c9c381848d591cddf7a988ea3e00f6fdbc76ae6081b071037,downloaded_verified,개인 로컬 수집; 소재 재배포 금지; 공개 작품에 Pixel Art World/ドット絵世界 크레딧. 조건: https://yms.main.jp/dotartworld/page1/rule.html; PNG 픽셀 디코딩 확인.,5889,200,,洋風
洋風 — bear.png,loose_chip_or_prop,https://yms.main.jp/dotartworld/page3/chips01.html,https://yms.main.jp/dotartworld/sozai/chips/bear.png,bear.png,/home/main/.local/share/oprn/pixel-art-world-downloads/by-source/sozai/chips/bear.png,96,96,981d3a258bdc83945743859118f1722f1c343e41e2d4b5a545ce1339d768cf00,downloaded_verified,개인 로컬 수집; 소재 재배포 금지; 공개 작품에 Pixel Art World/ドット絵世界 크레딧. 조건: https://yms.main.jp/dotartworld/page1/rule.html; PNG 픽셀 디코딩 확인.,1295,200,,洋風
洋風 — Le Penseur.png,loose_chip_or_prop,https://yms.main.jp/dotartworld/page3/chips01.html,https://yms.main.jp/dotartworld/sozai/chips/Le Penseur.png,Le Penseur.png,/home/main/.local/share/oprn/pixel-art-world-downloads/by-source/sozai/chips/Le Penseur.png,32,64,34b0eaba9525ed4529c8df05b65e0c0a02ab46821923248ebe4b30d5e0258fe2,downloaded_verified,개인 로컬 수집; 소재 재배포 금지; 공개 작품에 Pixel Art World/ドット絵世界 크레딧. 조건: https://yms.main.jp/dotartworld/page1/rule.html; PNG 픽셀 디코딩 확인.,1249,200,,洋風
洋風 — ArmillarySphere.png,loose_chip_or_prop,https://yms.main.jp/dotartworld/page3/chips01.html,https://yms.main.jp/dotartworld/sozai/chips/ArmillarySphere.png,ArmillarySphere.png,/home/main/.local/share/oprn/pixel-art-world-downloads/by-source/sozai/chips/ArmillarySphere.png,96,96,ce8e5f087bb385b9f8baff5936b59a664ec5bc45798cad8347ca926bf58d2e70,downloaded_verified,개인 로컬 수집; 소재 재배포 금지; 공개 작품에 Pixel Art World/ドット絵世界 크레딧. 조건: https://yms.main.jp/dotartworld/page1/rule.html; PNG 픽셀 디코딩 확인.,1661,200,,洋風
洋風 — flag.png,loose_chip_or_prop,https://yms.main.jp/dotartworld/page3/chips01.html,https://yms.main.jp/dotartworld/sozai/chips/flag.png,flag.png,/home/main/.local/share/oprn/pixel-art-world-downloads/by-source/sozai/chips/flag.png,96,64,fa3d911252ec0b3908738b9321f8e81913f825354c5b8bd67f7b244ea86665b7,downloaded_verified,개인 로컬 수집; 소재 재배포 금지; 공개 작품에 Pixel Art World/ドット絵世界 크레딧. 조건: https://yms.main.jp/dotartworld/page1/rule.html; PNG 픽셀 디코딩 확인.,902,200,,洋風
洋風 — hakusei.png,loose_chip_or_prop,https://yms.main.jp/dotartworld/page3/chips01.html,https://yms.main.jp/dotartworld/sozai/chips/hakusei.png,hakusei.png,/home/main/.local/share/oprn/pixel-art-world-downloads/by-source/sozai/chips/hakusei.png,192,96,57ade3ffe0b60aece342e8657cd615369747f748f1bbf3072edbf0a562a7b4de,downloaded_verified,개인 로컬 수집; 소재 재배포 금지; 공개 작품에 Pixel Art World/ドット絵世界 크레딧. 조건: https://yms.main.jp/dotartworld/page1/rule.html; PNG 픽셀 디코딩 확인.,8224,200,,洋風
洋風 — christmasdeco.png,loose_chip_or_prop,https://yms.main.jp/dotartworld/page3/chips01.html,https://yms.main.jp/dotartworld/sozai/chips/christmasdeco.png,christmasdeco.png,/home/main/.local/share/oprn/pixel-art-world-downloads/by-source/sozai/chips/christmasdeco.png,96,96,a7fc2cea08a853b15974f4d713a551b082a1da68d612996ca3b0b8ed9aaad76e,downloaded_verified,개인 로컬 수집; 소재 재배포 금지; 공개 작품에 Pixel Art World/ドット絵世界 크레딧. 조건: https://yms.main.jp/dotartworld/page1/rule.html; PNG 픽셀 디코딩 확인.,5186,200,,洋風
洋風 — present2.png,loose_chip_or_prop,https://yms.main.jp/dotartworld/page3/chips01.html,https://yms.main.jp/dotartworld/sozai/chips/present2.png,present2.png,/home/main/.local/share/oprn/pixel-art-world-downloads/by-source/sozai/chips/present2.png,96,32,6e5825e6e7c92efdc97cd40dd408d0d0597948d952fb3d78fb55b99966610fbd,downloaded_verified,개인 로컬 수집; 소재 재배포 금지; 공개 작품에 Pixel Art World/ドット絵世界 크레딧. 조건: https://yms.main.jp/dotartworld/page1/rule.html; PNG 픽셀 디코딩 확인.,1338,200,,洋風
洋風 — billiard1.png,loose_chip_or_prop,https://yms.main.jp/dotartworld/page3/chips01.html,https://yms.main.jp/dotartworld/sozai/chips/billiard1.png,billiard1.png,/home/main/.local/share/oprn/pixel-art-world-downloads/by-source/sozai/chips/billiard1.png,256,160,fef8db9d9c88dad5f73c49b8c1b858b4f8ff438f4c5eac3357bf227d77773919,downloaded_verified,개인 로컬 수집; 소재 재배포 금지; 공개 작품에 Pixel Art World/ドット絵世界 크레딧. 조건: https://yms.main.jp/dotartworld/page1/rule.html; PNG 픽셀 디코딩 확인.,5373,200,,洋風
洋風 — horrorbear.png,loose_chip_or_prop,https://yms.main.jp/dotartworld/page3/chips01.html,https://yms.main.jp/dotartworld/sozai/chips/horrorbear.png,horrorbear.png,/home/main/.local/share/oprn/pixel-art-world-downloads/by-source/sozai/chips/horrorbear.png,64,64,18036a280e14ed2af33f8ccce85204767fd2793a87accf6c7fc5fa9a610b7f5e,downloaded_verified,개인 로컬 수집; 소재 재배포 금지; 공개 작품에 Pixel Art World/ドット絵世界 크레딧. 조건: https://yms.main.jp/dotartworld/page1/rule.html; PNG 픽셀 디코딩 확인.,1792,200,,洋風
洋風 — zakuro.png,loose_chip_or_prop,https://yms.main.jp/dotartworld/page3/chips01.html,https://yms.main.jp/dotartworld/sozai/chips/zakuro.png,zakuro.png,/home/main/.local/share/oprn/pixel-art-world-downloads/by-source/sozai/chips/zakuro.png,32,32,6027e4fe954278e37c74ba9f9dde4e05e0743e3bc9d2bf88938005416acd8904,downloaded_verified,개인 로컬 수집; 소재 재배포 금지; 공개 작품에 Pixel Art World/ドット絵世界 크레딧. 조건: https://yms.main.jp/dotartworld/page1/rule.html; PNG 픽셀 디코딩 확인.,1232,200,,洋風
洋風 — pierrot2.png,loose_chip_or_prop,https://yms.main.jp/dotartworld/page3/chips01.html,https://yms.main.jp/dotartworld/sozai/chips/pierrot2.png,pierrot2.png,/home/main/.local/share/oprn/pixel-art-world-downloads/by-source/sozai/chips/pierrot2.png,160,160,0be9ea0889b2d1ae42313cec9da89c28b451fbf17cd23ddd67dbc29377f59fa5,downloaded_verified,개인 로컬 수집; 소재 재배포 금지; 공개 작품에 Pixel Art World/ドット絵世界 크레딧. 조건: https://yms.main.jp/dotartworld/page1/rule.html; PNG 픽셀 디코딩 확인.,7220,200,,洋風
学校 — gpiano.png,loose_chip_or_prop,https://yms.main.jp/dotartworld/page3/chips01.html,https://yms.main.jp/dotartworld/sozai/chips/gpiano.png,gpiano.png,/home/main/.local/share/oprn/pixel-art-world-downloads/by-source/sozai/chips/gpiano.png,192,128,8e44b4e33ac7a0ee281811e4bca6d6ca22b6ba293ff9d00a7efaacdeec819445,downloaded_verified,개인 로컬 수집; 소재 재배포 금지; 공개 작품에 Pixel Art World/ドット絵世界 크레딧. 조건: https://yms.main.jp/dotartworld/page1/rule.html; PNG 픽셀 디코딩 확인.,1948,200,,学校
学校 — chair.png,loose_chip_or_prop,https://yms.main.jp/dotartworld/page3/chips01.html,https://yms.main.jp/dotartworld/sozai/chips/chair.png,chair.png,/home/main/.local/share/oprn/pixel-art-world-downloads/by-source/sozai/chips/chair.png,64,64,3f236e8bfb1c7cf5e47d58ea23388cd6866dd352abc41064adafcc7c6d8f020a,downloaded_verified,개인 로컬 수집; 소재 재배포 금지; 공개 작품에 Pixel Art World/ドット絵世界 크레딧. 조건: https://yms.main.jp/dotartworld/page1/rule.html; PNG 픽셀 디코딩 확인.,671,200,,学校
学校 — studio.png,loose_chip_or_prop,https://yms.main.jp/dotartworld/page3/chips01.html,https://yms.main.jp/dotartworld/sozai/chips/studio.png,studio.png,/home/main/.local/share/oprn/pixel-art-world-downloads/by-source/sozai/chips/studio.png,192,224,5ff8d4d922210c47962f4d861512832c5bb381c84db2480abfc548d9d1632b94,downloaded_verified,개인 로컬 수집; 소재 재배포 금지; 공개 작품에 Pixel Art World/ドット絵世界 크레딧. 조건: https://yms.main.jp/dotartworld/page1/rule.html; PNG 픽셀 디코딩 확인.,5286,200,,学校
学校 — whiteboard.png,loose_chip_or_prop,https://yms.main.jp/dotartworld/page3/chips01.html,https://yms.main.jp/dotartworld/sozai/chips/whiteboard.png,whiteboard.png,/home/main/.local/share/oprn/pixel-art-world-downloads/by-source/sozai/chips/whiteboard.png,96,64,b7214c7cc2d5477e70417ab6429ea5d5f7fdd564a0120deb2ce84ce472092480,downloaded_verified,개인 로컬 수집; 소재 재배포 금지; 공개 작품에 Pixel Art World/ドット絵世界 크레딧. 조건: https://yms.main.jp/dotartworld/page1/rule.html; PNG 픽셀 디코딩 확인.,474,200,,学校
学校 — kenbikyou.png,loose_chip_or_prop,https://yms.main.jp/dotartworld/page3/chips01.html,https://yms.main.jp/dotartworld/sozai/chips/kenbikyou.png,kenbikyou.png,/home/main/.local/share/oprn/pixel-art-world-downloads/by-source/sozai/chips/kenbikyou.png,64,32,ce2cb356d2e7926658680e8552d3beb0ffe5fcdabf3aac43a42d11b7efe10725,downloaded_verified,개인 로컬 수집; 소재 재배포 금지; 공개 작품에 Pixel Art World/ドット絵世界 크레딧. 조건: https://yms.main.jp/dotartworld/page1/rule.html; PNG 픽셀 디코딩 확인.,410,200,,学校
学校 — kasatate.png,loose_chip_or_prop,https://yms.main.jp/dotartworld/page3/chips01.html,https://yms.main.jp/dotartworld/sozai/chips/kasatate.png,kasatate.png,/home/main/.local/share/oprn/pixel-art-world-downloads/by-source/sozai/chips/kasatate.png,128,96,98708279b4c4d3901684cb02a1ed9dbac42c0d62f286f028ecf5b86f54b35fe3,downloaded_verified,개인 로컬 수집; 소재 재배포 금지; 공개 작품에 Pixel Art World/ドット絵世界 크레딧. 조건: https://yms.main.jp/dotartworld/page1/rule.html; PNG 픽셀 디코딩 확인.,891,200,,学校
絵 — wmap.png,loose_chip_or_prop,https://yms.main.jp/dotartworld/page3/chips01.html,https://yms.main.jp/dotartworld/sozai/chips/wmap.png,wmap.png,/home/main/.local/share/oprn/pixel-art-world-downloads/by-source/sozai/chips/wmap.png,64,64,930dde09c52ecb74e2d3b32dd966b4e65721b75a7461bb7bc85323eb8bf0f999,downloaded_verified,개인 로컬 수집; 소재 재배포 금지; 공개 작품에 Pixel Art World/ドット絵世界 크레딧. 조건: https://yms.main.jp/dotartworld/page1/rule.html; PNG 픽셀 디코딩 확인.,1236,200,,絵
絵 — suiren.png,loose_chip_or_prop,https://yms.main.jp/dotartworld/page3/chips01.html,https://yms.main.jp/dotartworld/sozai/chips/suiren.png,suiren.png,/home/main/.local/share/oprn/pixel-art-world-downloads/by-source/sozai/chips/suiren.png,64,64,7208849fe37bda131fba7643e87c2d406dc1b29f867526a3b77dd823fb26173a,downloaded_verified,개인 로컬 수집; 소재 재배포 금지; 공개 작품에 Pixel Art World/ドット絵世界 크레딧. 조건: https://yms.main.jp/dotartworld/page1/rule.html; PNG 픽셀 디코딩 확인.,1004,200,,絵
絵 — odalisque.png,loose_chip_or_prop,https://yms.main.jp/dotartworld/page3/chips01.html,https://yms.main.jp/dotartworld/sozai/chips/odalisque.png,odalisque.png,/home/main/.local/share/oprn/pixel-art-world-downloads/by-source/sozai/chips/odalisque.png,64,64,e8205c23acb646296da7a6aa2624f0f79615a4d9beb124b8e82aae73e6fd73ba,downloaded_verified,개인 로컬 수집; 소재 재배포 금지; 공개 작품에 Pixel Art World/ドット絵世界 크레딧. 조건: https://yms.main.jp/dotartworld/page1/rule.html; PNG 픽셀 디코딩 확인.,1202,200,,絵
絵 — monnalisa.png,loose_chip_or_prop,https://yms.main.jp/dotartworld/page3/chips01.html,https://yms.main.jp/dotartworld/sozai/chips/monnalisa.png,monnalisa.png,/home/main/.local/share/oprn/pixel-art-world-downloads/by-source/sozai/chips/monnalisa.png,128,64,d8af68a1cd38d68fde66357f2ec9583bf72c0cd42c505ed7b8c103338bc41f97,downloaded_verified,개인 로컬 수집; 소재 재배포 금지; 공개 작품에 Pixel Art World/ドット絵世界 크레딧. 조건: https://yms.main.jp/dotartworld/page1/rule.html; PNG 픽셀 디코딩 확인.,2025,200,,絵
絵 — Olympia.png,loose_chip_or_prop,https://yms.main.jp/dotartworld/page3/chips01.html,https://yms.main.jp/dotartworld/sozai/chips/Olympia.png,Olympia.png,/home/main/.local/share/oprn/pixel-art-world-downloads/by-source/sozai/chips/Olympia.png,80,64,bb81f6714f49bb0dd5c0b7e1078f598579bf6d66ddbf2de27d4fde3b45e7fe4e,downloaded_verified,개인 로컬 수집; 소재 재배포 금지; 공개 작품에 Pixel Art World/ドット絵世界 크레딧. 조건: https://yms.main.jp/dotartworld/page1/rule.html; PNG 픽셀 디코딩 확인.,5188,200,,絵
絵 — Botticelli.png,loose_chip_or_prop,https://yms.main.jp/dotartworld/page3/chips01.html,https://yms.main.jp/dotartworld/sozai/chips/Botticelli.png,Botticelli.png,/home/main/.local/share/oprn/pixel-art-world-downloads/by-source/sozai/chips/Botticelli.png,96,64,04956c570be6feda2b2ce4e129072794ab8eddfc4ab725bdd834b6f73bc95141,downloaded_verified,개인 로컬 수집; 소재 재배포 금지; 공개 작품에 Pixel Art World/ドット絵世界 크레딧. 조건: https://yms.main.jp/dotartworld/page1/rule.html; PNG 픽셀 디코딩 확인.,5638,200,,絵
絵 — Vermeer.png,loose_chip_or_prop,https://yms.main.jp/dotartworld/page3/chips01.html,https://yms.main.jp/dotartworld/sozai/chips/Vermeer.png,Vermeer.png,/home/main/.local/share/oprn/pixel-art-world-downloads/by-source/sozai/chips/Vermeer.png,64,64,7fbcf4ed82d6f294685c2a2e234287f042b22ecd3a28c42d1a9e8a072f673bd6,downloaded_verified,개인 로컬 수집; 소재 재배포 금지; 공개 작품에 Pixel Art World/ドット絵世界 크레딧. 조건: https://yms.main.jp/dotartworld/page1/rule.html; PNG 픽셀 디코딩 확인.,1041,200,,絵
絵 — Bophomet.png,loose_chip_or_prop,https://yms.main.jp/dotartworld/page3/chips01.html,https://yms.main.jp/dotartworld/sozai/chips/Bophomet.png,Bophomet.png,/home/main/.local/share/oprn/pixel-art-world-downloads/by-source/sozai/chips/Bophomet.png,96,64,121b2b6783dd53dbede33bdbb6789b51549436461d4caa31327f557c4dc36f34,downloaded_verified,개인 로컬 수집; 소재 재배포 금지; 공개 작품에 Pixel Art World/ドット絵世界 크레딧. 조건: https://yms.main.jp/dotartworld/page1/rule.html; PNG 픽셀 디코딩 확인.,3068,200,,絵
絵 — Pantocrator.png,loose_chip_or_prop,https://yms.main.jp/dotartworld/page3/chips01.html,https://yms.main.jp/dotartworld/sozai/chips/Pantocrator.png,Pantocrator.png,/home/main/.local/share/oprn/pixel-art-world-downloads/by-source/sozai/chips/Pantocrator.png,96,64,8776ae6f6f19f1305c3d1b52c01a3f9d72374e62ab2aa18caf7d1b546ad42eb2,downloaded_verified,개인 로컬 수집; 소재 재배포 금지; 공개 작품에 Pixel Art World/ドット絵世界 크레딧. 조건: https://yms.main.jp/dotartworld/page1/rule.html; PNG 픽셀 디코딩 확인.,2761,200,,絵
その他 — SB-Spider01.png,loose_chip_or_prop,https://yms.main.jp/dotartworld/page3/chips01.html,https://yms.main.jp/dotartworld/sozai/chips/SB-Spider01.png,SB-Spider01.png,/home/main/.local/share/oprn/pixel-art-world-downloads/by-source/sozai/chips/SB-Spider01.png,256,160,e915ae20c408b36c385b2646ac08941cfe8e786e70824abbf9a4fc065bddb8c4,downloaded_verified,개인 로컬 수집; 소재 재배포 금지; 공개 작품에 Pixel Art World/ドット絵世界 크레딧. 조건: https://yms.main.jp/dotartworld/page1/rule.html; PNG 픽셀 디코딩 확인.,12690,200,,その他
その他 — SB-Spider04.png,loose_chip_or_prop,https://yms.main.jp/dotartworld/page3/chips01.html,https://yms.main.jp/dotartworld/sozai/chips/SB-Spider04.png,SB-Spider04.png,/home/main/.local/share/oprn/pixel-art-world-downloads/by-source/sozai/chips/SB-Spider04.png,128,80,1847cb4ff76f135b92815e493c89a8387468c61b1630593f7907abe3ecc5ceb8,downloaded_verified,개인 로컬 수집; 소재 재배포 금지; 공개 작품에 Pixel Art World/ドット絵世界 크레딧. 조건: https://yms.main.jp/dotartworld/page1/rule.html; PNG 픽셀 디코딩 확인.,5309,200,,その他
その他 — sf.png,loose_chip_or_prop,https://yms.main.jp/dotartworld/page3/chips01.html,https://yms.main.jp/dotartworld/sozai/chips/sf.png,sf.png,/home/main/.local/share/oprn/pixel-art-world-downloads/by-source/sozai/chips/sf.png,192,256,289943cd7cd4da7decea02e8d44661671da91945c59c7dc6caade9f2a4fa1830,downloaded_verified,개인 로컬 수집; 소재 재배포 금지; 공개 작품에 Pixel Art World/ドット絵世界 크레딧. 조건: https://yms.main.jp/dotartworld/page1/rule.html; PNG 픽셀 디코딩 확인.,4601,200,,その他
その他 — sword.png,loose_chip_or_prop,https://yms.main.jp/dotartworld/page3/chips01.html,https://yms.main.jp/dotartworld/sozai/chips/sword.png,sword.png,/home/main/.local/share/oprn/pixel-art-world-downloads/by-source/sozai/chips/sword.png,192,96,986d82d0d051b32246a39a29283b8e169a29e8c21dd74de24f8a5acce5be678c,downloaded_verified,개인 로컬 수집; 소재 재배포 금지; 공개 작품에 Pixel Art World/ドット絵世界 크레딧. 조건: https://yms.main.jp/dotartworld/page1/rule.html; PNG 픽셀 디코딩 확인.,2073,200,,その他
その他 — Skull.png,loose_chip_or_prop,https://yms.main.jp/dotartworld/page3/chips01.html,https://yms.main.jp/dotartworld/sozai/chips/Skull.png,Skull.png,/home/main/.local/share/oprn/pixel-art-world-downloads/by-source/sozai/chips/Skull.png,64,64,901715aea426d541e8ec0312eed44848de2f0349fd3c1cf6b37204b2b77a94ee,downloaded_verified,개인 로컬 수집; 소재 재배포 금지; 공개 작품에 Pixel Art World/ドット絵世界 크레딧. 조건: https://yms.main.jp/dotartworld/page1/rule.html; PNG 픽셀 디코딩 확인.,990,200,,その他
その他 — skull02.png,loose_chip_or_prop,https://yms.main.jp/dotartworld/page3/chips01.html,https://yms.main.jp/dotartworld/sozai/chips/skull02.png,skull02.png,/home/main/.local/share/oprn/pixel-art-world-downloads/by-source/sozai/chips/skull02.png,96,96,80be1acffc41d466952e35bbadc05ca7d47747f8b5e0dafe5e772f1f007a1225,downloaded_verified,개인 로컬 수집; 소재 재배포 금지; 공개 작품에 Pixel Art World/ドット絵世界 크레딧. 조건: https://yms.main.jp/dotartworld/page1/rule.html; PNG 픽셀 디코딩 확인.,1367,200,,その他
その他 — moai.png,loose_chip_or_prop,https://yms.main.jp/dotartworld/page3/chips01.html,https://yms.main.jp/dotartworld/sozai/chips/moai.png,moai.png,/home/main/.local/share/oprn/pixel-art-world-downloads/by-source/sozai/chips/moai.png,256,192,55447b90e70b0cbead6ce2fb1aa7042207237977028ed49fb2128210891feef1,downloaded_verified,개인 로컬 수집; 소재 재배포 금지; 공개 작품에 Pixel Art World/ドット絵世界 크레딧. 조건: https://yms.main.jp/dotartworld/page1/rule.html; PNG 픽셀 디코딩 확인.,12216,200,,その他
その他 — skull01.png,loose_chip_or_prop,https://yms.main.jp/dotartworld/page3/chips01.html,https://yms.main.jp/dotartworld/sozai/chips/skull01.png,skull01.png,/home/main/.local/share/oprn/pixel-art-world-downloads/by-source/sozai/chips/skull01.png,96,96,9a90f9441bb798e87e29ae798988f5f88b6b9959c377ba1c4b7be1242a67cdc0,downloaded_verified,개인 로컬 수집; 소재 재배포 금지; 공개 작품에 Pixel Art World/ドット絵世界 크레딧. 조건: https://yms.main.jp/dotartworld/page1/rule.html; PNG 픽셀 디코딩 확인.,1630,200,,その他
その他 — Eu-Cage01.png,loose_chip_or_prop,https://yms.main.jp/dotartworld/page3/chips01.html,https://yms.main.jp/dotartworld/sozai/chips/Eu-Cage01.png,Eu-Cage01.png,/home/main/.local/share/oprn/pixel-art-world-downloads/by-source/sozai/chips/Eu-Cage01.png,288,256,d8d951f58e21ed2249143afc4d6e4f250857ff0db1bac8cedcbd66e2aec96265,downloaded_verified,개인 로컬 수집; 소재 재배포 금지; 공개 작품에 Pixel Art World/ドット絵世界 크레딧. 조건: https://yms.main.jp/dotartworld/page1/rule.html; PNG 픽셀 디코딩 확인.,8768,200,,その他
その他 — Eu-Cage02.png,loose_chip_or_prop,https://yms.main.jp/dotartworld/page3/chips01.html,https://yms.main.jp/dotartworld/sozai/chips/Eu-Cage02.png,Eu-Cage02.png,/home/main/.local/share/oprn/pixel-art-world-downloads/by-source/sozai/chips/Eu-Cage02.png,288,256,724436d3ff7684e8a6f448a51d04ff030c987da00ffb78a1424cffd64b2360d1,downloaded_verified,개인 로컬 수집; 소재 재배포 금지; 공개 작품에 Pixel Art World/ドット絵世界 크레딧. 조건: https://yms.main.jp/dotartworld/page1/rule.html; PNG 픽셀 디코딩 확인.,8985,200,,その他
その他 — UFO01.png,loose_chip_or_prop,https://yms.main.jp/dotartworld/page3/chips01.html,https://yms.main.jp/dotartworld/sozai/chips/UFO01.png,UFO01.png,/home/main/.local/share/oprn/pixel-art-world-downloads/by-source/sozai/chips/UFO01.png,224,160,f140e4b79b501f3cd7e71ca313d856f73d5748611391c6d27d24b6d1e1868c30,downloaded_verified,개인 로컬 수집; 소재 재배포 금지; 공개 작품에 Pixel Art World/ドット絵世界 크레딧. 조건: https://yms.main.jp/dotartworld/page1/rule.html; PNG 픽셀 디코딩 확인.,8038,200,,その他
その他 — UFO-Light01.png,loose_chip_or_prop,https://yms.main.jp/dotartworld/page3/chips01.html,https://yms.main.jp/dotartworld/sozai/chips/UFO-Light01.png,UFO-Light01.png,/home/main/.local/share/oprn/pixel-art-world-downloads/by-source/sozai/chips/UFO-Light01.png,96,128,8f660982a7a483012ef76ff534dc9801243b294fe6d3adeac1f835d175c8c6b2,downloaded_verified,개인 로컬 수집; 소재 재배포 금지; 공개 작품에 Pixel Art World/ドット絵世界 크레딧. 조건: https://yms.main.jp/dotartworld/page1/rule.html; PNG 픽셀 디코딩 확인.,4143,200,,その他
その他 — unko.png,loose_chip_or_prop,https://yms.main.jp/dotartworld/page3/chips01.html,https://yms.main.jp/dotartworld/sozai/chips/unko.png,unko.png,/home/main/.local/share/oprn/pixel-art-world-downloads/by-source/sozai/chips/unko.png,192,64,5f60acf2e85499951cda8067c3ff5a67ac08277b7ee5b284110c770c73d1583b,downloaded_verified,개인 로컬 수집; 소재 재배포 금지; 공개 작품에 Pixel Art World/ドット絵世界 크레딧. 조건: https://yms.main.jp/dotartworld/page1/rule.html; PNG 픽셀 디코딩 확인.,4584,200,,その他
その他 — SI-Unko01.png,item_icon,https://yms.main.jp/dotartworld/page3/chips01.html,https://yms.main.jp/dotartworld/sozai/icon/SI-Unko01.png,SI-Unko01.png,/home/main/.local/share/oprn/pixel-art-world-downloads/by-source/sozai/icon/SI-Unko01.png,96,48,1e6387ff9375ab41c44f342c41675cd55b9a33daa7330d374224fe4b806ccbd8,downloaded_verified,개인 로컬 수집; 소재 재배포 금지; 공개 작품에 Pixel Art World/ドット絵世界 크레딧. 조건: https://yms.main.jp/dotartworld/page1/rule.html; PNG 픽셀 디코딩 확인.,1706,200,,その他
食べ物 — SC-F-Juice01.png,food_prop,https://yms.main.jp/dotartworld/page3/food01.html,https://yms.main.jp/dotartworld/sozai/food/SC-F-Juice01.png,SC-F-Juice01.png,/home/main/.local/share/oprn/pixel-art-world-downloads/by-source/sozai/food/SC-F-Juice01.png,128,128,d9261ffcc160efcb202e762bfafc8ef2ea53d7c489d846f249a8c0fbb347e813,downloaded_verified,개인 로컬 수집; 소재 재배포 금지; 공개 작품에 Pixel Art World/ドット絵世界 크레딧. 조건: https://yms.main.jp/dotartworld/page1/rule.html; PNG 픽셀 디코딩 확인.,1449,200,,食べ物
食べ物 — SC-F-Party02.png,food_prop,https://yms.main.jp/dotartworld/page3/food01.html,https://yms.main.jp/dotartworld/sozai/food/SC-F-Party02.png,SC-F-Party02.png,/home/main/.local/share/oprn/pixel-art-world-downloads/by-source/sozai/food/SC-F-Party02.png,128,128,4b21d73ecf19f59a125f35cef75da516607bd9b72eb5c300753ea2626fd63db9,downloaded_verified,개인 로컬 수집; 소재 재배포 금지; 공개 작품에 Pixel Art World/ドット絵世界 크레딧. 조건: https://yms.main.jp/dotartworld/page1/rule.html; PNG 픽셀 디코딩 확인.,2410,200,,食べ物
食べ物 — SC-F-Party01.png,food_prop,https://yms.main.jp/dotartworld/page3/food01.html,https://yms.main.jp/dotartworld/sozai/food/SC-F-Party01.png,SC-F-Party01.png,/home/main/.local/share/oprn/pixel-art-world-downloads/by-source/sozai/food/SC-F-Party01.png,128,128,6dcd530bc114b4208cbf8e5e34bbff83d24991d21a17dfe44d11cd8e044d0d54,downloaded_verified,개인 로컬 수집; 소재 재배포 금지; 공개 작품에 Pixel Art World/ドット絵世界 크레딧. 조건: https://yms.main.jp/dotartworld/page1/rule.html; PNG 픽셀 디코딩 확인.,2898,200,,食べ物
食べ物 — SC-F-Vegetable01.png,food_prop,https://yms.main.jp/dotartworld/page3/food01.html,https://yms.main.jp/dotartworld/sozai/food/SC-F-Vegetable01.png,SC-F-Vegetable01.png,/home/main/.local/share/oprn/pixel-art-world-downloads/by-source/sozai/food/SC-F-Vegetable01.png,128,128,5d18c450d024ea02be6c6b5ce20eea8acd7405517cef5e6e181fea56c90fd8e0,downloaded_verified,개인 로컬 수집; 소재 재배포 금지; 공개 작품에 Pixel Art World/ドット絵世界 크레딧. 조건: https://yms.main.jp/dotartworld/page1/rule.html; PNG 픽셀 디코딩 확인.,4157,200,,食べ物
食べ物 — SC-F-Cninese01.png,food_prop,https://yms.main.jp/dotartworld/page3/food01.html,https://yms.main.jp/dotartworld/sozai/food/SC-F-Cninese01.png,SC-F-Cninese01.png,/home/main/.local/share/oprn/pixel-art-world-downloads/by-source/sozai/food/SC-F-Cninese01.png,128,128,61b87874260e4a81657dfc706f8ddc7f6fae7bc91bd4ea0ead39af77f375c939,downloaded_verified,개인 로컬 수집; 소재 재배포 금지; 공개 작품에 Pixel Art World/ドット絵世界 크레딧. 조건: https://yms.main.jp/dotartworld/page1/rule.html; PNG 픽셀 디코딩 확인.,2225,200,,食べ物
食べ物 — SC-F-Cninese02.png,food_prop,https://yms.main.jp/dotartworld/page3/food01.html,https://yms.main.jp/dotartworld/sozai/food/SC-F-Cninese02.png,SC-F-Cninese02.png,/home/main/.local/share/oprn/pixel-art-world-downloads/by-source/sozai/food/SC-F-Cninese02.png,128,128,cd503500d1ce2b5235e8f3e6dbf39f79d16c40b9c3de1199797375ff1a2dc7a4,downloaded_verified,개인 로컬 수집; 소재 재배포 금지; 공개 작품에 Pixel Art World/ドット絵世界 크레딧. 조건: https://yms.main.jp/dotartworld/page1/rule.html; PNG 픽셀 디코딩 확인.,2600,200,,食べ物
食べ物 — SC-F-IstNudle01.png,food_prop,https://yms.main.jp/dotartworld/page3/food01.html,https://yms.main.jp/dotartworld/sozai/food/SC-F-IstNudle01.png,SC-F-IstNudle01.png,/home/main/.local/share/oprn/pixel-art-world-downloads/by-source/sozai/food/SC-F-IstNudle01.png,128,128,e3b08c6d24ef330e7150e7ee8df6a655bc9673bbae69f58cb6b67615a2e9c3e1,downloaded_verified,개인 로컬 수집; 소재 재배포 금지; 공개 작품에 Pixel Art World/ドット絵世界 크레딧. 조건: https://yms.main.jp/dotartworld/page1/rule.html; PNG 픽셀 디코딩 확인.,1193,200,,食べ物
食べ物 — SC-F-Obento01.png,food_prop,https://yms.main.jp/dotartworld/page3/food01.html,https://yms.main.jp/dotartworld/sozai/food/SC-F-Obento01.png,SC-F-Obento01.png,/home/main/.local/share/oprn/pixel-art-world-downloads/by-source/sozai/food/SC-F-Obento01.png,128,128,49a9296bd32968ef20fc39f689505b733a83422b6c189b88401c430e82c763d8,downloaded_verified,개인 로컬 수집; 소재 재배포 금지; 공개 작품에 Pixel Art World/ドット絵世界 크레딧. 조건: https://yms.main.jp/dotartworld/page1/rule.html; PNG 픽셀 디코딩 확인.,1938,200,,食べ物
食べ物 — F-Party02.png,food_prop,https://yms.main.jp/dotartworld/page3/food01.html,https://yms.main.jp/dotartworld/sozai/food/F-Party02.png,F-Party02.png,/home/main/.local/share/oprn/pixel-art-world-downloads/by-source/sozai/food/F-Party02.png,128,96,1265dfc7a0a652f7d69aa791fc54b439195b53fb9544b952094997d61f85cc49,downloaded_verified,개인 로컬 수집; 소재 재배포 금지; 공개 작품에 Pixel Art World/ドット絵世界 크레딧. 조건: https://yms.main.jp/dotartworld/page1/rule.html; PNG 픽셀 디코딩 확인.,3038,200,,食べ物
食べ物 — susi.png,food_prop,https://yms.main.jp/dotartworld/page3/food01.html,https://yms.main.jp/dotartworld/sozai/food/susi.png,susi.png,/home/main/.local/share/oprn/pixel-art-world-downloads/by-source/sozai/food/susi.png,128,128,5cbc733f595de265b827b38e80db382f5b0b3f17f162e0069ffb204a5e6bb0d1,downloaded_verified,개인 로컬 수집; 소재 재배포 금지; 공개 작품에 Pixel Art World/ドット絵世界 크레딧. 조건: https://yms.main.jp/dotartworld/page1/rule.html; PNG 픽셀 디코딩 확인.,6087,200,,食べ物
サンプルマップＸＰ — sample-map-xp03.zip,sample_game_archive,https://yms.main.jp/dotartworld/page2/samplemap01.html,https://yms.main.jp/dotartworld/sozai/tileset/pack/sample-map-xp03.zip,sample-map-xp03.zip,/home/main/.local/share/oprn/pixel-art-world-downloads/by-source/sozai/tileset/pack/sample-map-xp03.zip,,,81877b1d2f659e9d525878c55f3939cd53621ee691401d81fe31d0d5d36842e9,downloaded_verified,개인 로컬 수집; 소재 재배포 금지; 공개 작품에 Pixel Art World/ドット絵世界 크레딧. 조건: https://yms.main.jp/dotartworld/page1/rule.html; 샘플 게임 ZIP; 칩셋 개수에 포함하지 않음. RTP/코드/음성 등 혼재할 수 있으며 파일별 저작자 검토 전 범용 배포 금지. 실행하지 않음.; ZIP 중앙목록 및 전체 CRC 확인.,2065585,200,,サンプルマップＸＰ
サンプルマップＶＸ Ａｃｅ — dotartworld_vxasample.zip,sample_game_archive,https://yms.main.jp/dotartworld/page2/samplemap01.html,https://yms.main.jp/dotartworld/vx/sozai/dotartworld_vxasample.zip,dotartworld_vxasample.zip,/home/main/.local/share/oprn/pixel-art-world-downloads/by-source/vx/sozai/dotartworld_vxasample.zip,,,b4ca219e6656d140b28c87205d47bf01caf21176c083f4ef0c1ee879a7a778f6,downloaded_verified,개인 로컬 수집; 소재 재배포 금지; 공개 작품에 Pixel Art World/ドット絵世界 크레딧. 조건: https://yms.main.jp/dotartworld/page1/rule.html; 샘플 게임 ZIP; 칩셋 개수에 포함하지 않음. RTP/코드/음성 등 혼재할 수 있으며 파일별 저작자 검토 전 범용 배포 금지. 실행하지 않음.; ZIP 중앙목록 및 전체 CRC 확인.,2352223,200,,サンプルマップＶＸ Ａｃｅ
サンプルマップＶＸ Ａｃｅ — nidanbed.png,loose_chip_or_prop,https://yms.main.jp/dotartworld/page2/samplemap01.html,https://yms.main.jp/dotartworld/vx/sozai/chips/nidanbed.png,nidanbed.png,/home/main/.local/share/oprn/pixel-art-world-downloads/by-source/vx/sozai/chips/nidanbed.png,128,112,37017f767ef7ffe2446118a3ba51b16dec816394789ae6985b0c707f104adb45,downloaded_verified,개인 로컬 수집; 소재 재배포 금지; 공개 작품에 Pixel Art World/ドット絵世界 크레딧. 조건: https://yms.main.jp/dotartworld/page1/rule.html; PNG 픽셀 디코딩 확인.,5201,200,,サンプルマップＶＸ Ａｃｅ
サンプルマップＶＸ Ａｃｅ — danbo-ru.png,loose_chip_or_prop,https://yms.main.jp/dotartworld/page2/samplemap01.html,https://yms.main.jp/dotartworld/vx/sozai/chips/danbo-ru.png,danbo-ru.png,/home/main/.local/share/oprn/pixel-art-world-downloads/by-source/vx/sozai/chips/danbo-ru.png,128,128,7276e53fe0e7dcd965c472bb7f0b39be003bd9e698d68451bd98f623cfdfbaa6,downloaded_verified,개인 로컬 수집; 소재 재배포 금지; 공개 작품에 Pixel Art World/ドット絵世界 크레딧. 조건: https://yms.main.jp/dotartworld/page1/rule.html; PNG 픽셀 디코딩 확인.,3345,200,,サンプルマップＶＸ Ａｃｅ
サンプルマップＶＸ Ａｃｅ — nihonningyo01.png,loose_chip_or_prop,https://yms.main.jp/dotartworld/page2/samplemap01.html,https://yms.main.jp/dotartworld/vx/sozai/chips/nihonningyo01.png,nihonningyo01.png,/home/main/.local/share/oprn/pixel-art-world-downloads/by-source/vx/sozai/chips/nihonningyo01.png,64,64,481ce07a9bca0747fa6d9b6dd18e8e4ab826270cb6fc40cf92d0379ee1d04f43,downloaded_verified,개인 로컬 수집; 소재 재배포 금지; 공개 작품에 Pixel Art World/ドット絵世界 크레딧. 조건: https://yms.main.jp/dotartworld/page1/rule.html; PNG 픽셀 디코딩 확인.,1940,200,,サンプルマップＶＸ Ａｃｅ
サンプルマップＶＸ Ａｃｅ — Autotile-bath.png,autotile,https://yms.main.jp/dotartworld/page2/samplemap01.html,https://yms.main.jp/dotartworld/sozai/vx/vx-autotile/Autotile-bath.png,Autotile-bath.png,/home/main/.local/share/oprn/pixel-art-world-downloads/by-source/sozai/vx/vx-autotile/Autotile-bath.png,128,96,8b51cec8443a326ed1589f708bc1ba4ee94d0971591f309d5c985ae21a8828be,downloaded_verified,개인 로컬 수집; 소재 재배포 금지; 공개 작품에 Pixel Art World/ドット絵世界 크레딧. 조건: https://yms.main.jp/dotartworld/page1/rule.html; PNG 픽셀 디코딩 확인.,13028,200,,サンプルマップＶＸ Ａｃｅ
サンプルマップＶＸ Ａｃｅ — tana_base01.png,loose_chip_or_prop,https://yms.main.jp/dotartworld/page2/samplemap01.html,https://yms.main.jp/dotartworld/vx/sozai/edit/tana_base01.png,tana_base01.png,/home/main/.local/share/oprn/pixel-art-world-downloads/by-source/vx/sozai/edit/tana_base01.png,128,96,4a430c9d159bbbf2602ac2f7b68a673c83472f85e2aa53acf6127364de2749f2,downloaded_verified,개인 로컬 수집; 소재 재배포 금지; 공개 작품에 Pixel Art World/ドット絵世界 크레딧. 조건: https://yms.main.jp/dotartworld/page1/rule.html; PNG 픽셀 디코딩 확인.,2710,200,,サンプルマップＶＸ Ａｃｅ
サンプルマップＶＸ Ａｃｅ — gomi.png,loose_chip_or_prop,https://yms.main.jp/dotartworld/page2/samplemap01.html,https://yms.main.jp/dotartworld/sozai/chips/gomi.png,gomi.png,/home/main/.local/share/oprn/pixel-art-world-downloads/by-source/sozai/chips/gomi.png,64,96,a2363bcdd7cd0e9bd6dd782f94e35165fdfe5ac806d77a3f9200f68dd73a1409,downloaded_verified,개인 로컬 수집; 소재 재배포 금지; 공개 작품에 Pixel Art World/ドット絵世界 크레딧. 조건: https://yms.main.jp/dotartworld/page1/rule.html; PNG 픽셀 디코딩 확인.,3853,200,,サンプルマップＶＸ Ａｃｅ
サンプルマップＶＸ Ａｃｅ — Bath-D01.png,tileset,https://yms.main.jp/dotartworld/page2/samplemap01.html,https://yms.main.jp/dotartworld/vx/sozai/tilesets/Bath-D01.png,Bath-D01.png,/home/main/.local/share/oprn/pixel-art-world-downloads/by-source/vx/sozai/tilesets/Bath-D01.png,512,512,afb0ff1bf7130732ec701ec56bf2f5790a4aed58b207b0244c7f4137ff58a743,downloaded_verified,개인 로컬 수집; 소재 재배포 금지; 공개 작품에 Pixel Art World/ドット絵世界 크레딧. 조건: https://yms.main.jp/dotartworld/page1/rule.html; PNG 픽셀 디코딩 확인.,86405,200,,サンプルマップＶＸ Ａｃｅ
2017年1月13日 — Wall01.png,loose_chip_or_prop,https://yms.main.jp/dotartworld/,https://yms.main.jp/dotartworld/vx/sozai/Wall01.png,Wall01.png,/home/main/.local/share/oprn/pixel-art-world-downloads/by-source/vx/sozai/Wall01.png,128,128,24016d20ceba9fb82c04667f0f91bcd0a726e2fc5b1322804a70d45a17bd74ac,downloaded_verified,개인 로컬 수집; 소재 재배포 금지; 공개 작품에 Pixel Art World/ドット絵世界 크레딧. 조건: https://yms.main.jp/dotartworld/page1/rule.html; PNG 픽셀 디코딩 확인.,11573,200,,2017年1月13日
2017年1月13日 — !$Gate-Euro03.png,door_sprite,https://yms.main.jp/dotartworld/,https://yms.main.jp/dotartworld/vx/sozai/!$Gate-Euro03.png,!$Gate-Euro03.png,/home/main/.local/share/oprn/pixel-art-world-downloads/by-source/vx/sozai/!$Gate-Euro03.png,240,256,e59bf5a2c36265d0f54c911ef646340c7203931716784c5fa084f39c1ab00101,downloaded_verified,개인 로컬 수집; 소재 재배포 금지; 공개 작품에 Pixel Art World/ドット絵世界 크레딧. 조건: https://yms.main.jp/dotartworld/page1/rule.html; PNG 픽셀 디코딩 확인.,17827,200,,2017年1月13日
2017年1月13日 — Wall-MV01.png,loose_chip_or_prop,https://yms.main.jp/dotartworld/,https://yms.main.jp/dotartworld/vx/sozai/Wall-MV01.png,Wall-MV01.png,/home/main/.local/share/oprn/pixel-art-world-downloads/by-source/vx/sozai/Wall-MV01.png,192,240,e1ffedd13ea8a3567781eb245fcfe5b653bddd3a4f1272bc2895bc5710159f83,downloaded_verified,개인 로컬 수집; 소재 재배포 금지; 공개 작품에 Pixel Art World/ドット絵世界 크레딧. 조건: https://yms.main.jp/dotartworld/page1/rule.html; PNG 픽셀 디코딩 확인.,22516,200,,2017年1月13日
2017年1月3日 — Wa-Season01.png,loose_chip_or_prop,https://yms.main.jp/dotartworld/,https://yms.main.jp/dotartworld/vx/sozai/Wa-Season01.png,Wa-Season01.png,/home/main/.local/share/oprn/pixel-art-world-downloads/by-source/vx/sozai/Wa-Season01.png,128,128,63c181fe0ae8055e0762553317116a0d06a768ca7522ad52fc33e669d8dc4202,downloaded_verified,개인 로컬 수집; 소재 재배포 금지; 공개 작품에 Pixel Art World/ドット絵世界 크레딧. 조건: https://yms.main.jp/dotartworld/page1/rule.html; PNG 픽셀 디코딩 확인.,10667,200,,2017年1月3日
2017年1月3日 — Kagamimochi.png,loose_chip_or_prop,https://yms.main.jp/dotartworld/,https://yms.main.jp/dotartworld/vx/sozai/Kagamimochi.png,Kagamimochi.png,/home/main/.local/share/oprn/pixel-art-world-downloads/by-source/vx/sozai/Kagamimochi.png,160,64,30651d0518ebad6140359d8519a7f3339db5816cda332573dd41f028c14b6ecc,downloaded_verified,개인 로컬 수집; 소재 재배포 금지; 공개 작품에 Pixel Art World/ドット絵世界 크레딧. 조건: https://yms.main.jp/dotartworld/page1/rule.html; PNG 픽셀 디코딩 확인.,4654,200,,2017年1月3日
2017年1月3日 — Cupnoodle.png,loose_chip_or_prop,https://yms.main.jp/dotartworld/,https://yms.main.jp/dotartworld/vx/sozai/Cupnoodle.png,Cupnoodle.png,/home/main/.local/share/oprn/pixel-art-world-downloads/by-source/vx/sozai/Cupnoodle.png,256,128,d4ec303ea750ddfd2a7c36353ff8a23bbf65ad5e674be4d5c00d3f30fb38f29c,downloaded_verified,개인 로컬 수집; 소재 재배포 금지; 공개 작품에 Pixel Art World/ドット絵世界 크레딧. 조건: https://yms.main.jp/dotartworld/page1/rule.html; PNG 픽셀 디코딩 확인.,16490,200,,2017年1月3日
2016年9月3日 — oshiro.png,loose_chip_or_prop,https://yms.main.jp/dotartworld/,https://yms.main.jp/dotartworld/sozai/chips/oshiro.png,oshiro.png,/home/main/.local/share/oprn/pixel-art-world-downloads/by-source/sozai/chips/oshiro.png,256,128,cd318b18beb4a5879d2e5d6103d4d34a4150eb09984721aed5dd2b3eb0d372b3,downloaded_verified,개인 로컬 수집; 소재 재배포 금지; 공개 작품에 Pixel Art World/ドット絵世界 크레딧. 조건: https://yms.main.jp/dotartworld/page1/rule.html; PNG 픽셀 디코딩 확인.,26146,200,,2016年9月3日
2016年9月3日 — oshiromv.png,loose_chip_or_prop,https://yms.main.jp/dotartworld/,https://yms.main.jp/dotartworld/sozai/chips/oshiromv.png,oshiromv.png,/home/main/.local/share/oprn/pixel-art-world-downloads/by-source/sozai/chips/oshiromv.png,384,192,42c573f6a6d4dc22d34b3e21a201261a74fa985a0aef2afb4ce3ff85700b8b3e,downloaded_verified,개인 로컬 수집; 소재 재배포 금지; 공개 작품에 Pixel Art World/ドット絵世界 크레딧. 조건: https://yms.main.jp/dotartworld/page1/rule.html; PNG 픽셀 디코딩 확인.,80462,200,,2016年9月3日
2016年7月11日 — ajisai.png,loose_chip_or_prop,https://yms.main.jp/dotartworld/,https://yms.main.jp/dotartworld/sozai/chips/ajisai.png,ajisai.png,/home/main/.local/share/oprn/pixel-art-world-downloads/by-source/sozai/chips/ajisai.png,128,144,ac2b8ffd1109ffddf9d5c868c5afc57742c5ff2d3cf2ca50e1e24bb104c763f9,downloaded_verified,개인 로컬 수집; 소재 재배포 금지; 공개 작품에 Pixel Art World/ドット絵世界 크레딧. 조건: https://yms.main.jp/dotartworld/page1/rule.html; PNG 픽셀 디코딩 확인.,10587,200,,2016年7月11日
2016年4月17日 — yukiyanagi.png,loose_chip_or_prop,https://yms.main.jp/dotartworld/,https://yms.main.jp/dotartworld/sozai/chips/yukiyanagi.png,yukiyanagi.png,/home/main/.local/share/oprn/pixel-art-world-downloads/by-source/sozai/chips/yukiyanagi.png,64,64,8b703d562e6f5ae1e2a0f35224494bd9ff739d36b524e0536a32fecbf1fa9cfc,downloaded_verified,개인 로컬 수집; 소재 재배포 금지; 공개 작품에 Pixel Art World/ドット絵世界 크레딧. 조건: https://yms.main.jp/dotartworld/page1/rule.html; PNG 픽셀 디코딩 확인.,3505,200,,2016年4月17日
2016年4月11日 — $PManekineko01.png,event_or_character_sprite,https://yms.main.jp/dotartworld/,https://yms.main.jp/dotartworld/sozai/chara/$PManekineko01.png,$PManekineko01.png,/home/main/.local/share/oprn/pixel-art-world-downloads/by-source/sozai/chara/$PManekineko01.png,288,384,412ae737c9f4ed3657f71ffaf9b115b7796d390599e1f7a1e9b1a0ac8ac17596,downloaded_verified,개인 로컬 수집; 소재 재배포 금지; 공개 작품에 Pixel Art World/ドット絵世界 크레딧. 조건: https://yms.main.jp/dotartworld/page1/rule.html; PNG 픽셀 디코딩 확인.,22652,200,,2016年4月11日
2016年4月9日 — Eu-Easel01.png,loose_chip_or_prop,https://yms.main.jp/dotartworld/,https://yms.main.jp/dotartworld/sozai/chips/Eu-Easel01.png,Eu-Easel01.png,/home/main/.local/share/oprn/pixel-art-world-downloads/by-source/sozai/chips/Eu-Easel01.png,96,96,80655d7b7337ce729c9dbb4d55404f801404784f34d851d7b6c6a3921b816b1c,downloaded_verified,개인 로컬 수집; 소재 재배포 금지; 공개 작품에 Pixel Art World/ドット絵世界 크레딧. 조건: https://yms.main.jp/dotartworld/page1/rule.html; PNG 픽셀 디코딩 확인.,3311,200,,2016年4月9日
2016年4月9日 — Jukebox01.png,loose_chip_or_prop,https://yms.main.jp/dotartworld/,https://yms.main.jp/dotartworld/sozai/chips/Jukebox01.png,Jukebox01.png,/home/main/.local/share/oprn/pixel-art-world-downloads/by-source/sozai/chips/Jukebox01.png,64,64,331a425a5b1c7b0a9e53f9cd1579e93da289efebb3aeb8cf4be212153cbbcaf8,downloaded_verified,개인 로컬 수집; 소재 재배포 금지; 공개 작품에 Pixel Art World/ドット絵世界 크레딧. 조건: https://yms.main.jp/dotartworld/page1/rule.html; PNG 픽셀 디코딩 확인.,4324,200,,2016年4月9日
2016年4月9日 — Cakes01.png,loose_chip_or_prop,https://yms.main.jp/dotartworld/,https://yms.main.jp/dotartworld/sozai/chips/Cakes01.png,Cakes01.png,/home/main/.local/share/oprn/pixel-art-world-downloads/by-source/sozai/chips/Cakes01.png,224,256,bccc32e0fb6f6bdf07b1f595aeb87190f4e9f8f835bb71a3b39848150d155406,downloaded_verified,개인 로컬 수집; 소재 재배포 금지; 공개 작품에 Pixel Art World/ドット絵世界 크레딧. 조건: https://yms.main.jp/dotartworld/page1/rule.html; PNG 픽셀 디코딩 확인.,23654,200,,2016年4月9日
2016年3月22日 — Eu-Lace01.png,loose_chip_or_prop,https://yms.main.jp/dotartworld/,https://yms.main.jp/dotartworld/sozai/chips/Eu-Lace01.png,Eu-Lace01.png,/home/main/.local/share/oprn/pixel-art-world-downloads/by-source/sozai/chips/Eu-Lace01.png,144,160,bbb119375b324d427333e21cd084b177250369157128debc3fe240a1f54b2ab0,downloaded_verified,개인 로컬 수집; 소재 재배포 금지; 공개 작품에 Pixel Art World/ドット絵世界 크레딧. 조건: https://yms.main.jp/dotartworld/page1/rule.html; PNG 픽셀 디코딩 확인.,5523,200,,2016年3月22日
2016年3月20日 — Eu-GlandPiano.png,loose_chip_or_prop,https://yms.main.jp/dotartworld/,https://yms.main.jp/dotartworld/sozai/chips/Eu-GlandPiano.png,Eu-GlandPiano.png,/home/main/.local/share/oprn/pixel-art-world-downloads/by-source/sozai/chips/Eu-GlandPiano.png,224,224,7dd16e3a42d5a232434ad058c74ee47dbfe809405fc1e3eae2181a206b1e6e80,downloaded_verified,개인 로컬 수집; 소재 재배포 금지; 공개 작품에 Pixel Art World/ドット絵世界 크레딧. 조건: https://yms.main.jp/dotartworld/page1/rule.html; PNG 픽셀 디코딩 확인.,17185,200,,2016年3月20日
2016年3月20日 — Eu-Sofa02.png,loose_chip_or_prop,https://yms.main.jp/dotartworld/,https://yms.main.jp/dotartworld/sozai/chips/Eu-Sofa02.png,Eu-Sofa02.png,/home/main/.local/share/oprn/pixel-art-world-downloads/by-source/sozai/chips/Eu-Sofa02.png,256,240,6e81b518fdd9b1d2f16714e0255397b8b7b0300a4d4ceeea2e7e91b8676b3691,downloaded_verified,개인 로컬 수집; 소재 재배포 금지; 공개 작품에 Pixel Art World/ドット絵世界 크레딧. 조건: https://yms.main.jp/dotartworld/page1/rule.html; PNG 픽셀 디코딩 확인.,43141,200,,2016年3月20日
2016年3月20日 — Showcase01.png,loose_chip_or_prop,https://yms.main.jp/dotartworld/,https://yms.main.jp/dotartworld/sozai/chips/Showcase01.png,Showcase01.png,/home/main/.local/share/oprn/pixel-art-world-downloads/by-source/sozai/chips/Showcase01.png,160,208,e74c43d86addf45199cef2ea302cfbceccf65e5ebfbab47c7ce75f42884069be,downloaded_verified,개인 로컬 수집; 소재 재배포 금지; 공개 작품에 Pixel Art World/ドット絵世界 크레딧. 조건: https://yms.main.jp/dotartworld/page1/rule.html; PNG 픽셀 디코딩 확인.,6258,200,,2016年3月20日
2016年3月17日 — European-StyleHouseSet.zip,tileset_archive,https://yms.main.jp/dotartworld/,https://yms.main.jp/dotartworld/vx/sozai/European-StyleHouseSet.zip,European-StyleHouseSet.zip,/home/main/.local/share/oprn/pixel-art-world-downloads/by-source/vx/sozai/European-StyleHouseSet.zip,,,1b9e4f16329326ec0ae1b31348dfc48b076302141df9ff85cf2ac676847d155b,downloaded_verified,개인 로컬 수집; 소재 재배포 금지; 공개 작품에 Pixel Art World/ドット絵世界 크레딧. 조건: https://yms.main.jp/dotartworld/page1/rule.html; ZIP 중앙목록 및 전체 CRC 확인.,996486,200,,2016年3月17日
2016年3月17日 — Eu-Pillar01.png,loose_chip_or_prop,https://yms.main.jp/dotartworld/,https://yms.main.jp/dotartworld/sozai/chips/Eu-Pillar01.png,Eu-Pillar01.png,/home/main/.local/share/oprn/pixel-art-world-downloads/by-source/sozai/chips/Eu-Pillar01.png,192,96,d2745dbef0610f9f0afa165fb6bfb0a84a15b8edda7205dc62a182145f89f8be,downloaded_verified,개인 로컬 수집; 소재 재배포 금지; 공개 작품에 Pixel Art World/ドット絵世界 크레딧. 조건: https://yms.main.jp/dotartworld/page1/rule.html; PNG 픽셀 디코딩 확인.,14888,200,,2016年3月17日
2016年3月17日 — Eu-PillarMV01.png,loose_chip_or_prop,https://yms.main.jp/dotartworld/,https://yms.main.jp/dotartworld/sozai/chips/Eu-PillarMV01.png,Eu-PillarMV01.png,/home/main/.local/share/oprn/pixel-art-world-downloads/by-source/sozai/chips/Eu-PillarMV01.png,240,144,3199273d26514ead4c38d7dc91dc6513d9494f6846eda5d05e8406556d8eec6b,downloaded_verified,개인 로컬 수집; 소재 재배포 금지; 공개 작품에 Pixel Art World/ドット絵世界 크레딧. 조건: https://yms.main.jp/dotartworld/page1/rule.html; PNG 픽셀 디코딩 확인.,45476,200,,2016年3月17日
2016年3月17日 — Eu-FurnitureMV01.png,loose_chip_or_prop,https://yms.main.jp/dotartworld/,https://yms.main.jp/dotartworld/sozai/chips/Eu-FurnitureMV01.png,Eu-FurnitureMV01.png,/home/main/.local/share/oprn/pixel-art-world-downloads/by-source/sozai/chips/Eu-FurnitureMV01.png,240,288,caadf44a2a5becc4149f7ee5a3dfcc8b6960ccc87392c1f0c989d99d36b9f0b6,downloaded_verified,개인 로컬 수집; 소재 재배포 금지; 공개 작품에 Pixel Art World/ドット絵世界 크레딧. 조건: https://yms.main.jp/dotartworld/page1/rule.html; PNG 픽셀 디코딩 확인.,42155,200,,2016年3月17日
2016年1月26日 — Edoinu.png,event_or_character_sprite,https://yms.main.jp/dotartworld/,https://yms.main.jp/dotartworld/sozai/vx/vx-chara/Edoinu.png,Edoinu.png,/home/main/.local/share/oprn/pixel-art-world-downloads/by-source/sozai/vx/vx-chara/Edoinu.png,64,32,fc7c70b52c398f403531f4347ba11b8d67a5861d7066903b3fabbcbeea43cf5a,downloaded_verified,개인 로컬 수집; 소재 재배포 금지; 공개 작품에 Pixel Art World/ドット絵世界 크레딧. 조건: https://yms.main.jp/dotartworld/page1/rule.html; PNG 픽셀 디코딩 확인.,1240,200,,2016年1月26日
2016年1月26日 — !$PEdoinu01.png,event_or_character_sprite,https://yms.main.jp/dotartworld/,https://yms.main.jp/dotartworld/sozai/vx/vx-chara/!$PEdoinu01.png,!$PEdoinu01.png,/home/main/.local/share/oprn/pixel-art-world-downloads/by-source/sozai/vx/vx-chara/!$PEdoinu01.png,96,128,bcb6de230abd2ceb293bc647811a40b9c36200f12ecc9988065bc8824056749f,downloaded_verified,개인 로컬 수집; 소재 재배포 금지; 공개 작품에 Pixel Art World/ドット絵世界 크레딧. 조건: https://yms.main.jp/dotartworld/page1/rule.html; PNG 픽셀 디코딩 확인.,3983,200,,2016年1月26日
2016年1月25日 — Statue02.png,loose_chip_or_prop,https://yms.main.jp/dotartworld/,https://yms.main.jp/dotartworld/sozai/chips/Statue02.png,Statue02.png,/home/main/.local/share/oprn/pixel-art-world-downloads/by-source/sozai/chips/Statue02.png,96,96,3dca7c0f44c3a764998c64c7bdac045e6a28aae132393de2764dd2f26f50c18d,downloaded_verified,개인 로컬 수집; 소재 재배포 금지; 공개 작품에 Pixel Art World/ドット絵世界 크레딧. 조건: https://yms.main.jp/dotartworld/page1/rule.html; PNG 픽셀 디코딩 확인.,5330,200,,2016年1月25日
2016年1月25日 — Statue02MV.png,loose_chip_or_prop,https://yms.main.jp/dotartworld/,https://yms.main.jp/dotartworld/sozai/chips/Statue02MV.png,Statue02MV.png,/home/main/.local/share/oprn/pixel-art-world-downloads/by-source/sozai/chips/Statue02MV.png,144,96,f6ff99018d15e8bd37224298650a048410e9f1a49b6784b8cdfbe4c85a653f51,downloaded_verified,개인 로컬 수집; 소재 재배포 금지; 공개 작품에 Pixel Art World/ドット絵世界 크레딧. 조건: https://yms.main.jp/dotartworld/page1/rule.html; PNG 픽셀 디코딩 확인.,10951,200,,2016年1月25日
2016年1月25日 — Autotile-MarbleCounterMV01.png,autotile,https://yms.main.jp/dotartworld/,https://yms.main.jp/dotartworld/sozai/vx/Autotile-MarbleCounterMV01.png,Autotile-MarbleCounterMV01.png,/home/main/.local/share/oprn/pixel-art-world-downloads/by-source/sozai/vx/Autotile-MarbleCounterMV01.png,288,192,accdb232a4f9807221670cd2a2ede7cddfcce3f41060d2d56403cab64b21e25a,downloaded_verified,개인 로컬 수집; 소재 재배포 금지; 공개 작품에 Pixel Art World/ドット絵世界 크레딧. 조건: https://yms.main.jp/dotartworld/page1/rule.html; PNG 픽셀 디코딩 확인.,43622,200,,2016年1月25日
2015年12月25日 — treeMV.png,loose_chip_or_prop,https://yms.main.jp/dotartworld/,https://yms.main.jp/dotartworld/sozai/chips/treeMV.png,treeMV.png,/home/main/.local/share/oprn/pixel-art-world-downloads/by-source/sozai/chips/treeMV.png,96,144,513d28ec736d08516d88625b087ed52de68b7f992a75dfe6a4da709930db8853,downloaded_verified,개인 로컬 수집; 소재 재배포 금지; 공개 작품에 Pixel Art World/ドット絵世界 크레딧. 조건: https://yms.main.jp/dotartworld/page1/rule.html; PNG 픽셀 디코딩 확인.,13704,200,,2015年12月25日
2015年10月21日 — Ozen.png,food_prop,https://yms.main.jp/dotartworld/,https://yms.main.jp/dotartworld/sozai/food/Ozen.png,Ozen.png,/home/main/.local/share/oprn/pixel-art-world-downloads/by-source/sozai/food/Ozen.png,160,128,79e0654ae73fcf87beced3a73ce558a60799f412a9a2b500e78ea62189eef7eb,downloaded_verified,개인 로컬 수집; 소재 재배포 금지; 공개 작품에 Pixel Art World/ドット絵世界 크레딧. 조건: https://yms.main.jp/dotartworld/page1/rule.html; PNG 픽셀 디코딩 확인.,13057,200,,2015年10月21日
2015年9月21日 — Eu-Sofa01.png,loose_chip_or_prop,https://yms.main.jp/dotartworld/,https://yms.main.jp/dotartworld/sozai/chips/Eu-Sofa01.png,Eu-Sofa01.png,/home/main/.local/share/oprn/pixel-art-world-downloads/by-source/sozai/chips/Eu-Sofa01.png,720,495,55cf097b6bf188c59c15dd5b1ae57fa8371c46382e7330c3d0ba3a80ae7ab725,downloaded_verified,개인 로컬 수집; 소재 재배포 금지; 공개 작품에 Pixel Art World/ドット絵世界 크레딧. 조건: https://yms.main.jp/dotartworld/page1/rule.html; PNG 픽셀 디코딩 확인.,320083,200,,2015年9月21日
2015年9月21日 — Autotile-MarbleCounter01.png,autotile,https://yms.main.jp/dotartworld/,https://yms.main.jp/dotartworld/sozai/vx/vx-autotile/Autotile-MarbleCounter01.png,Autotile-MarbleCounter01.png,/home/main/.local/share/oprn/pixel-art-world-downloads/by-source/sozai/vx/vx-autotile/Autotile-MarbleCounter01.png,192,128,2de9e7ea8017716e6283b5cfce0f59508ed9f8e0503ce6b9921e0d9324073fc2,downloaded_verified,개인 로컬 수집; 소재 재배포 금지; 공개 작품에 Pixel Art World/ドット絵世界 크레딧. 조건: https://yms.main.jp/dotartworld/page1/rule.html; PNG 픽셀 디코딩 확인.,20582,200,,2015年9月21日
2015年9月21日 — Eu-Statue01.png,loose_chip_or_prop,https://yms.main.jp/dotartworld/,https://yms.main.jp/dotartworld/sozai/chips/Eu-Statue01.png,Eu-Statue01.png,/home/main/.local/share/oprn/pixel-art-world-downloads/by-source/sozai/chips/Eu-Statue01.png,192,128,1951012847f2161cd4b43805f92d7697c0a1c30dd1bf48fee9461ef42c4846b8,downloaded_verified,개인 로컬 수집; 소재 재배포 금지; 공개 작품에 Pixel Art World/ドット絵世界 크레딧. 조건: https://yms.main.jp/dotartworld/page1/rule.html; PNG 픽셀 디코딩 확인.,5767,200,,2015年9月21日
2015年9月21日 — !$PMirror01.png,event_or_character_sprite,https://yms.main.jp/dotartworld/,https://yms.main.jp/dotartworld/sozai/vx/vx-chara/!$PMirror01.png,!$PMirror01.png,/home/main/.local/share/oprn/pixel-art-world-downloads/by-source/sozai/vx/vx-chara/!$PMirror01.png,288,320,4e68a74cdc488efde97e666eed3b2483f9fc8a7ca1ed0089fbcf664fdea1f948,downloaded_verified,개인 로컬 수집; 소재 재배포 금지; 공개 작품에 Pixel Art World/ドット絵世界 크레딧. 조건: https://yms.main.jp/dotartworld/page1/rule.html; PNG 픽셀 디코딩 확인.,17564,200,,2015年9月21日
2015年9月21日 — !$PMirror02.png,event_or_character_sprite,https://yms.main.jp/dotartworld/,https://yms.main.jp/dotartworld/sozai/vx/vx-chara/!$PMirror02.png,!$PMirror02.png,/home/main/.local/share/oprn/pixel-art-world-downloads/by-source/sozai/vx/vx-chara/!$PMirror02.png,288,320,685a729687ef8f08309d1fe29196875e52c1904d3859e7a9ac3439a02a8ce216,downloaded_verified,개인 로컬 수집; 소재 재배포 금지; 공개 작품에 Pixel Art World/ドット絵世界 크레딧. 조건: https://yms.main.jp/dotartworld/page1/rule.html; PNG 픽셀 디코딩 확인.,37803,200,,2015年9月21日
2015年9月21日 — !$PClock01.png,event_or_character_sprite,https://yms.main.jp/dotartworld/,https://yms.main.jp/dotartworld/sozai/vx/vx-chara/!$PClock01.png,!$PClock01.png,/home/main/.local/share/oprn/pixel-art-world-downloads/by-source/sozai/vx/vx-chara/!$PClock01.png,96,320,dc3ee3879ebf2cb5dfc71a50de94863b7762c61b98f674d3b569f43f88e2aae7,downloaded_verified,개인 로컬 수집; 소재 재배포 금지; 공개 작품에 Pixel Art World/ドット絵世界 크레딧. 조건: https://yms.main.jp/dotartworld/page1/rule.html; PNG 픽셀 디코딩 확인.,5524,200,,2015年9月21日
2015年9月21日 — pot.png,loose_chip_or_prop,https://yms.main.jp/dotartworld/,https://yms.main.jp/dotartworld/sozai/chips/pot.png,pot.png,/home/main/.local/share/oprn/pixel-art-world-downloads/by-source/sozai/chips/pot.png,144,160,e9aa9ebd7738f7471fb88714b6db1f13b9f3e3d513d2f89f501bca826807bfa1,downloaded_verified,개인 로컬 수집; 소재 재배포 금지; 공개 작품에 Pixel Art World/ドット絵世界 크레딧. 조건: https://yms.main.jp/dotartworld/page1/rule.html; PNG 픽셀 디코딩 확인.,9827,200,,2015年9月21日
2015年9月21日 — Millais-Ophelia01.png,loose_chip_or_prop,https://yms.main.jp/dotartworld/,https://yms.main.jp/dotartworld/sozai/chips/Millais-Ophelia01.png,Millais-Ophelia01.png,/home/main/.local/share/oprn/pixel-art-world-downloads/by-source/sozai/chips/Millais-Ophelia01.png,80,64,937b507c19bc589ea618352d0d41819ecb42b63f61179a67820707e41d2146f7,downloaded_verified,개인 로컬 수집; 소재 재배포 금지; 공개 작품에 Pixel Art World/ドット絵世界 크레딧. 조건: https://yms.main.jp/dotartworld/page1/rule.html; PNG 픽셀 디코딩 확인.,5666,200,,2015年9月21日
2015年9月21日 — Millais-Ophelia02.png,loose_chip_or_prop,https://yms.main.jp/dotartworld/,https://yms.main.jp/dotartworld/sozai/chips/Millais-Ophelia02.png,Millais-Ophelia02.png,/home/main/.local/share/oprn/pixel-art-world-downloads/by-source/sozai/chips/Millais-Ophelia02.png,80,64,0f8e6b98a133a4eadf5c906ea445baf7ec38df21c3f5d9aea215f9e58f170b64,downloaded_verified,개인 로컬 수집; 소재 재배포 금지; 공개 작품에 Pixel Art World/ドット絵世界 크레딧. 조건: https://yms.main.jp/dotartworld/page1/rule.html; PNG 픽셀 디코딩 확인.,4936,200,,2015年9月21日
2015年9月21日 — tanabata.png,loose_chip_or_prop,https://yms.main.jp/dotartworld/,https://yms.main.jp/dotartworld/sozai/chips/tanabata.png,tanabata.png,/home/main/.local/share/oprn/pixel-art-world-downloads/by-source/sozai/chips/tanabata.png,128,160,aa22517d7d8e5fcaedc0e32d739cd1a861885ceaf91f3106da6736a13dbabb1e,downloaded_verified,개인 로컬 수집; 소재 재배포 금지; 공개 작품에 Pixel Art World/ドット絵世界 크레딧. 조건: https://yms.main.jp/dotartworld/page1/rule.html; PNG 픽셀 디코딩 확인.,6903,200,,2015年9月21日
event_or_character_sprite — SC-Car01.png,event_or_character_sprite,https://yms.main.jp/dotartworld/page3/chara-cars.html,https://yms.main.jp/dotartworld/sozai/chara/SC-Car01.png,SC-Car01.png,/home/main/.local/share/oprn/pixel-art-world-downloads/by-source/sozai/chara/SC-Car01.png,640,384,c6b4d4a9e6feb9df0999f5613ff43291f7e1cf9672d32b7682e59e8662df867d,downloaded_verified,개인 로컬 수집; 소재 재배포 금지; 공개 작품에 Pixel Art World/ドット絵世界 크레딧. 조건: https://yms.main.jp/dotartworld/page1/rule.html; PNG 픽셀 디코딩 확인.,7787,200,,
event_or_character_sprite — SC-Car03.png,event_or_character_sprite,https://yms.main.jp/dotartworld/page3/chara-cars.html,https://yms.main.jp/dotartworld/sozai/chara/SC-Car03.png,SC-Car03.png,/home/main/.local/share/oprn/pixel-art-world-downloads/by-source/sozai/chara/SC-Car03.png,640,384,ef95c06e1dda0ee371b3abc7a211ad8631e3f8f66e7c934bb1469e7f266f8543,downloaded_verified,개인 로컬 수집; 소재 재배포 금지; 공개 작품에 Pixel Art World/ドット絵世界 크레딧. 조건: https://yms.main.jp/dotartworld/page1/rule.html; PNG 픽셀 디코딩 확인.,7770,200,,
event_or_character_sprite — SC-Car02.png,event_or_character_sprite,https://yms.main.jp/dotartworld/page3/chara-cars.html,https://yms.main.jp/dotartworld/sozai/chara/SC-Car02.png,SC-Car02.png,/home/main/.local/share/oprn/pixel-art-world-downloads/by-source/sozai/chara/SC-Car02.png,384,512,0f75cdf4b520599ed516da61067ec87c332946d59316ae75aa6b4eea0c7d27a5,downloaded_verified,개인 로컬 수집; 소재 재배포 금지; 공개 작품에 Pixel Art World/ドット絵世界 크레딧. 조건: https://yms.main.jp/dotartworld/page1/rule.html; PNG 픽셀 디코딩 확인.,7235,200,,
和室追加素材 — Wa-Futon01.png,loose_chip_or_prop,https://yms.main.jp/dotartworld/page2/washitsu2.html,https://yms.main.jp/dotartworld/vx/sozai/chips/Wa-Futon01.png,Wa-Futon01.png,/home/main/.local/share/oprn/pixel-art-world-downloads/by-source/vx/sozai/chips/Wa-Futon01.png,128,128,214bbb291dc37a8545299254315a60f37a81aa8dc411382044db8c0fbf1dfa82,downloaded_verified,개인 로컬 수집; 소재 재배포 금지; 공개 작품에 Pixel Art World/ドット絵世界 크레딧. 조건: https://yms.main.jp/dotartworld/page1/rule.html; PNG 픽셀 디코딩 확인.; 제작자 페이지는 여기 표시한 추가 소재를 무료 소재라고 명시하며 유료 세트와 일부 중복됨.,17749,200,,和室追加素材
和室追加素材 — Wa-Tsubo01.png,loose_chip_or_prop,https://yms.main.jp/dotartworld/page2/washitsu2.html,https://yms.main.jp/dotartworld/vx/sozai/chips/Wa-Tsubo01.png,Wa-Tsubo01.png,/home/main/.local/share/oprn/pixel-art-world-downloads/by-source/vx/sozai/chips/Wa-Tsubo01.png,256,128,6666c8a811f3f1194d9770e8a6c557e8fe1a264e634fd19fbbcd1650d415d55c,downloaded_verified,개인 로컬 수집; 소재 재배포 금지; 공개 작품에 Pixel Art World/ドット絵世界 크레딧. 조건: https://yms.main.jp/dotartworld/page1/rule.html; PNG 픽셀 디코딩 확인.; 제작자 페이지는 여기 표시한 추가 소재를 무료 소재라고 명시하며 유료 세트와 일부 중복됨.,17937,200,,和室追加素材
和室追加素材 — Wa-Kakejiku01.png,loose_chip_or_prop,https://yms.main.jp/dotartworld/page2/washitsu2.html,https://yms.main.jp/dotartworld/vx/sozai/chips/Wa-Kakejiku01.png,Wa-Kakejiku01.png,/home/main/.local/share/oprn/pixel-art-world-downloads/by-source/vx/sozai/chips/Wa-Kakejiku01.png,160,64,03cbc0b3999eca99a42c985e03593ea6ea520f3c6c82d6078ed7f270e252fc3d,downloaded_verified,개인 로컬 수집; 소재 재배포 금지; 공개 작품에 Pixel Art World/ドット絵世界 크레딧. 조건: https://yms.main.jp/dotartworld/page1/rule.html; PNG 픽셀 디코딩 확인.; 제작자 페이지는 여기 표시한 추가 소재를 무료 소재라고 명시하며 유료 세트와 일부 중복됨.,7637,200,,和室追加素材
和室追加素材 — Wa-Kakejiku02.png,loose_chip_or_prop,https://yms.main.jp/dotartworld/page2/washitsu2.html,https://yms.main.jp/dotartworld/vx/sozai/chips/Wa-Kakejiku02.png,Wa-Kakejiku02.png,/home/main/.local/share/oprn/pixel-art-world-downloads/by-source/vx/sozai/chips/Wa-Kakejiku02.png,160,96,5323b16db3a75b4dfebcdca9f41ea3077e2dc42df9493fd605d1322a088baa3f,downloaded_verified,개인 로컬 수집; 소재 재배포 금지; 공개 작품에 Pixel Art World/ドット絵世界 크레딧. 조건: https://yms.main.jp/dotartworld/page1/rule.html; PNG 픽셀 디코딩 확인.; 제작자 페이지는 여기 표시한 추가 소재를 무료 소재라고 명시하며 유료 세트와 일부 중복됨.,6609,200,,和室追加素材
和室追加素材 — Wa-KakejikuBase01.png,loose_chip_or_prop,https://yms.main.jp/dotartworld/page2/washitsu2.html,https://yms.main.jp/dotartworld/vx/sozai/chips/Wa-KakejikuBase01.png,Wa-KakejikuBase01.png,/home/main/.local/share/oprn/pixel-art-world-downloads/by-source/vx/sozai/chips/Wa-KakejikuBase01.png,160,128,6a5cdaac2d8ab309b7cda1912d26c64612a47f8fef36d006d70e0f6de6a7ecdb,downloaded_verified,개인 로컬 수집; 소재 재배포 금지; 공개 작품에 Pixel Art World/ドット絵世界 크레딧. 조건: https://yms.main.jp/dotartworld/page1/rule.html; PNG 픽셀 디코딩 확인.; 제작자 페이지는 여기 표시한 추가 소재를 무료 소재라고 명시하며 유료 세트와 일부 중복됨.,6776,200,,和室追加素材
和室追加素材 — Bloodstain01.png,loose_chip_or_prop,https://yms.main.jp/dotartworld/page2/washitsu2.html,https://yms.main.jp/dotartworld/sozai/chips/Bloodstain01.png,Bloodstain01.png,/home/main/.local/share/oprn/pixel-art-world-downloads/by-source/sozai/chips/Bloodstain01.png,96,128,c9a86821945b174dac14c09fb608b853774e33c639c069fa619f1b8f291c7557,downloaded_verified,개인 로컬 수집; 소재 재배포 금지; 공개 작품에 Pixel Art World/ドット絵世界 크레딧. 조건: https://yms.main.jp/dotartworld/page1/rule.html; PNG 픽셀 디코딩 확인.; 제작자 페이지는 여기 표시한 추가 소재를 무료 소재라고 명시하며 유료 세트와 일부 중복됨.,2809,200,,和室追加素材
和室追加素材 — ehomaki.png,loose_chip_or_prop,https://yms.main.jp/dotartworld/page2/washitsu2.html,https://yms.main.jp/dotartworld/sozai/chips/ehomaki.png,ehomaki.png,/home/main/.local/share/oprn/pixel-art-world-downloads/by-source/sozai/chips/ehomaki.png,96,64,27dfd727b55efa9f851c8f358120149d5b076ee0095a61164e0f2f45bf1131d4,downloaded_verified,개인 로컬 수집; 소재 재배포 금지; 공개 작품에 Pixel Art World/ドット絵世界 크레딧. 조건: https://yms.main.jp/dotartworld/page1/rule.html; PNG 픽셀 디코딩 확인.; 제작자 페이지는 여기 표시한 추가 소재를 무료 소재라고 명시하며 유료 세트와 일부 중복됨.,2862,200,,和室追加素材
和室追加素材 — osechi.png,loose_chip_or_prop,https://yms.main.jp/dotartworld/page2/washitsu2.html,https://yms.main.jp/dotartworld/sozai/chips/osechi.png,osechi.png,/home/main/.local/share/oprn/pixel-art-world-downloads/by-source/sozai/chips/osechi.png,128,128,05da62bdb4abd6d5eafe11a45d6f8447084e676328c59dc9041a10d83f2e0299,downloaded_verified,개인 로컬 수집; 소재 재배포 금지; 공개 작품에 Pixel Art World/ドット絵世界 크레딧. 조건: https://yms.main.jp/dotartworld/page1/rule.html; PNG 픽셀 디코딩 확인.; 제작자 페이지는 여기 표시한 추가 소재를 무료 소재라고 명시하며 유료 세트와 일부 중복됨.,7935,200,,和室追加素材
和室追加素材 — Wa-Season04.png,loose_chip_or_prop,https://yms.main.jp/dotartworld/page2/washitsu2.html,https://yms.main.jp/dotartworld/vx/sozai/chips/Wa-Season04.png,Wa-Season04.png,/home/main/.local/share/oprn/pixel-art-world-downloads/by-source/vx/sozai/chips/Wa-Season04.png,192,256,4b3455841145657e2581c070f1d23cea4e2336d7117041fe3aeff3729426bdb0,downloaded_verified,개인 로컬 수집; 소재 재배포 금지; 공개 작품에 Pixel Art World/ドット絵世界 크레딧. 조건: https://yms.main.jp/dotartworld/page1/rule.html; PNG 픽셀 디코딩 확인.; 제작자 페이지는 여기 표시한 추가 소재를 무료 소재라고 명시하며 유료 세트와 일부 중복됨.,22311,200,,和室追加素材
和室追加素材 — Wa-Tokonoma01.png,loose_chip_or_prop,https://yms.main.jp/dotartworld/page2/washitsu2.html,https://yms.main.jp/dotartworld/vx/sozai/chips/Wa-Tokonoma01.png,Wa-Tokonoma01.png,/home/main/.local/share/oprn/pixel-art-world-downloads/by-source/vx/sozai/chips/Wa-Tokonoma01.png,128,128,fe4a544d40c51e2559f0a921d80535a55be5879dfbc92151122096f7328e7e91,downloaded_verified,개인 로컬 수집; 소재 재배포 금지; 공개 작품에 Pixel Art World/ドット絵世界 크레딧. 조건: https://yms.main.jp/dotartworld/page1/rule.html; PNG 픽셀 디코딩 확인.; 제작자 페이지는 여기 표시한 추가 소재를 무료 소재라고 명시하며 유료 세트와 일부 중복됨.,5857,200,,和室追加素材
和室追加素材 — Wa-Yoroi01.png,loose_chip_or_prop,https://yms.main.jp/dotartworld/page2/washitsu2.html,https://yms.main.jp/dotartworld/sozai/chips/Wa-Yoroi01.png,Wa-Yoroi01.png,/home/main/.local/share/oprn/pixel-art-world-downloads/by-source/sozai/chips/Wa-Yoroi01.png,128,64,1ff1dc77307efcd3054d501b8ce39aa77f5f8e9216207994247b39580ddfe588,downloaded_verified,개인 로컬 수집; 소재 재배포 금지; 공개 작품에 Pixel Art World/ドット絵世界 크레딧. 조건: https://yms.main.jp/dotartworld/page1/rule.html; PNG 픽셀 디코딩 확인.; 제작자 페이지는 여기 표시한 추가 소재를 무료 소재라고 명시하며 유료 세트와 일부 중복됨.,4994,200,,和室追加素材
オートタイル — Autotile-FloorHR01.png,autotile,https://yms.main.jp/dotartworld/page2/washitsu2.html,https://yms.main.jp/dotartworld/vx/sozai/chips/Autotile-FloorHR01.png,Autotile-FloorHR01.png,/home/main/.local/share/oprn/pixel-art-world-downloads/by-source/vx/sozai/chips/Autotile-FloorHR01.png,256,192,ee3fd0a6dbaf7c2f07881e966be254e56bebc64cd4b70fb2a45b0bb8974eb7e6,downloaded_verified,개인 로컬 수집; 소재 재배포 금지; 공개 작품에 Pixel Art World/ドット絵世界 크레딧. 조건: https://yms.main.jp/dotartworld/page1/rule.html; PNG 픽셀 디코딩 확인.; 제작자 페이지는 여기 표시한 추가 소재를 무료 소재라고 명시하며 유료 세트와 일부 중복됨.,22264,200,,オートタイル
オートタイル — Autotile-Wa01.png,autotile,https://yms.main.jp/dotartworld/page2/washitsu2.html,https://yms.main.jp/dotartworld/vx/sozai/chips/Autotile-Wa01.png,Autotile-Wa01.png,/home/main/.local/share/oprn/pixel-art-world-downloads/by-source/vx/sozai/chips/Autotile-Wa01.png,256,96,2ae2dfd21a28a9a61859d6bc1d6ff08015b070a63bdd36693a9c5a24536430b2,downloaded_verified,개인 로컬 수집; 소재 재배포 금지; 공개 작품에 Pixel Art World/ドット絵世界 크레딧. 조건: https://yms.main.jp/dotartworld/page1/rule.html; PNG 픽셀 디코딩 확인.; 제작자 페이지는 여기 표시한 추가 소재를 무료 소재라고 명시하며 유료 세트와 일부 중복됨.,7009,200,,オートタイル
オートタイル — Autotile-Kotatsu.png,autotile,https://yms.main.jp/dotartworld/page2/washitsu2.html,https://yms.main.jp/dotartworld/vx/sozai/chips/Autotile-Kotatsu.png,Autotile-Kotatsu.png,/home/main/.local/share/oprn/pixel-art-world-downloads/by-source/vx/sozai/chips/Autotile-Kotatsu.png,256,192,fddb57b444d43189dedd87d3b517aff474e1ededd0ab27385aadc4005917a4ce,downloaded_verified,개인 로컬 수집; 소재 재배포 금지; 공개 작품에 Pixel Art World/ドット絵世界 크레딧. 조건: https://yms.main.jp/dotartworld/page1/rule.html; PNG 픽셀 디코딩 확인.; 제작자 페이지는 여기 표시한 추가 소재를 무료 소재라고 명시하며 유료 세트와 일부 중복됨.,27357,200,,オートタイル
タイルセット — WorldMap-A1.png,tileset,https://yms.main.jp/dotartworld/page2/worldmapvx.html,https://yms.main.jp/dotartworld/vx/sozai/tilesets/WorldMap-A1.png,WorldMap-A1.png,/home/main/.local/share/oprn/pixel-art-world-downloads/by-source/vx/sozai/tilesets/WorldMap-A1.png,512,384,3050e3d9878f804d7c1cd2f1b2ec06314468438fd8ca2760b1db46bd4b036763,downloaded_verified,개인 로컬 수집; 소재 재배포 금지; 공개 작품에 Pixel Art World/ドット絵世界 크레딧. 조건: https://yms.main.jp/dotartworld/page1/rule.html; PNG 픽셀 디코딩 확인.,200308,200,,タイルセット
タイルセット — WorldMap-A102.png,tileset,https://yms.main.jp/dotartworld/page2/worldmapvx.html,https://yms.main.jp/dotartworld/vx/sozai/tilesets/WorldMap-A102.png,WorldMap-A102.png,/home/main/.local/share/oprn/pixel-art-world-downloads/by-source/vx/sozai/tilesets/WorldMap-A102.png,512,384,4aa78e2ba0e136dccc81b94f42a516f3f56a6e68ed185e4df6e82630e76bb009,downloaded_verified,개인 로컬 수집; 소재 재배포 금지; 공개 작품에 Pixel Art World/ドット絵世界 크레딧. 조건: https://yms.main.jp/dotartworld/page1/rule.html; PNG 픽셀 디코딩 확인.,197635,200,,タイルセット
タイルセット — WorldMap-A2.png,tileset,https://yms.main.jp/dotartworld/page2/worldmapvx.html,https://yms.main.jp/dotartworld/vx/sozai/tilesets/WorldMap-A2.png,WorldMap-A2.png,/home/main/.local/share/oprn/pixel-art-world-downloads/by-source/vx/sozai/tilesets/WorldMap-A2.png,512,384,2c2bc7f6c3ff17261894917ae87c7c26007cc2184e4bbdb1bd8e9b027faf1901,downloaded_verified,개인 로컬 수집; 소재 재배포 금지; 공개 작품에 Pixel Art World/ドット絵世界 크레딧. 조건: https://yms.main.jp/dotartworld/page1/rule.html; PNG 픽셀 디코딩 확인.,286568,200,,タイルセット
タイルセット — WorldMap-A202.png,tileset,https://yms.main.jp/dotartworld/page2/worldmapvx.html,https://yms.main.jp/dotartworld/vx/sozai/tilesets/WorldMap-A202.png,WorldMap-A202.png,/home/main/.local/share/oprn/pixel-art-world-downloads/by-source/vx/sozai/tilesets/WorldMap-A202.png,512,384,43df1e3b7775c45d09c0a9118603624766eccc7d411375fafc16fd147d54ed6f,downloaded_verified,개인 로컬 수집; 소재 재배포 금지; 공개 작품에 Pixel Art World/ドット絵世界 크레딧. 조건: https://yms.main.jp/dotartworld/page1/rule.html; PNG 픽셀 디코딩 확인.,286912,200,,タイルセット
タイルセット — WorldMap-B.png,tileset,https://yms.main.jp/dotartworld/page2/worldmapvx.html,https://yms.main.jp/dotartworld/vx/sozai/tilesets/WorldMap-B.png,WorldMap-B.png,/home/main/.local/share/oprn/pixel-art-world-downloads/by-source/vx/sozai/tilesets/WorldMap-B.png,512,512,9c579104f10b62b6e850fefc99c914e5e08871d7d39fc2c5f478e0cf2434c7e1,downloaded_verified,개인 로컬 수집; 소재 재배포 금지; 공개 작품에 Pixel Art World/ドット絵世界 크레딧. 조건: https://yms.main.jp/dotartworld/page1/rule.html; PNG 픽셀 디코딩 확인.,121262,200,,タイルセット
タイルセット — WorldMap-C.png,tileset,https://yms.main.jp/dotartworld/page2/worldmapvx.html,https://yms.main.jp/dotartworld/vx/sozai/tilesets/WorldMap-C.png,WorldMap-C.png,/home/main/.local/share/oprn/pixel-art-world-downloads/by-source/vx/sozai/tilesets/WorldMap-C.png,512,512,2aa137487aa4d87f925c53adaa82ce74b83cebcb97fb05917fb1894339f41ad9,downloaded_verified,개인 로컬 수집; 소재 재배포 금지; 공개 작품에 Pixel Art World/ドット絵世界 크레딧. 조건: https://yms.main.jp/dotartworld/page1/rule.html; PNG 픽셀 디코딩 확인.,242687,200,,タイルセット
タイルセット — WorldMap-D.png,tileset,https://yms.main.jp/dotartworld/page2/worldmapvx.html,https://yms.main.jp/dotartworld/vx/sozai/tilesets/WorldMap-D.png,WorldMap-D.png,/home/main/.local/share/oprn/pixel-art-world-downloads/by-source/vx/sozai/tilesets/WorldMap-D.png,512,512,0cc86640637b07af6d61ff0dee8825b2b85c55a5abdcb54db3848b48718fba37,downloaded_verified,개인 로컬 수집; 소재 재배포 금지; 공개 작품에 Pixel Art World/ドット絵世界 크레딧. 조건: https://yms.main.jp/dotartworld/page1/rule.html; PNG 픽셀 디코딩 확인.,169876,200,,タイルセット
追加・編集用素材 — Autotile-WorldMapTree01.png,autotile,https://yms.main.jp/dotartworld/page2/worldmapvx.html,https://yms.main.jp/dotartworld/vx/sozai/mod_outside1/Autotile-WorldMapTree01.png,Autotile-WorldMapTree01.png,/home/main/.local/share/oprn/pixel-art-world-downloads/by-source/vx/sozai/mod_outside1/Autotile-WorldMapTree01.png,128,96,2845f3c4447a76e446a71c812e12fe8a13f38be82ca8210d3dc64115ae8595c7,downloaded_verified,개인 로컬 수집; 소재 재배포 금지; 공개 작품에 Pixel Art World/ドット絵世界 크레딧. 조건: https://yms.main.jp/dotartworld/page1/rule.html; PNG 픽셀 디코딩 확인.,8121,200,,追加・編集用素材
追加・編集用素材 — Autotile-WorldMapMontain01.png,autotile,https://yms.main.jp/dotartworld/page2/worldmapvx.html,https://yms.main.jp/dotartworld/vx/sozai/mod_outside1/Autotile-WorldMapMontain01.png,Autotile-WorldMapMontain01.png,/home/main/.local/share/oprn/pixel-art-world-downloads/by-source/vx/sozai/mod_outside1/Autotile-WorldMapMontain01.png,128,96,7af3aaedc166f01e1effa309e31d5177ae9edf9c9e3eac247d1b696aa5708f2b,downloaded_verified,개인 로컬 수집; 소재 재배포 금지; 공개 작품에 Pixel Art World/ドット絵世界 크레딧. 조건: https://yms.main.jp/dotartworld/page1/rule.html; PNG 픽셀 디코딩 확인.,4965,200,,追加・編集用素材
追加・編集用素材 — Autotile-WorldMapLava.png,autotile,https://yms.main.jp/dotartworld/page2/worldmapvx.html,https://yms.main.jp/dotartworld/vx/sozai/mod_outside1/Autotile-WorldMapLava.png,Autotile-WorldMapLava.png,/home/main/.local/share/oprn/pixel-art-world-downloads/by-source/vx/sozai/mod_outside1/Autotile-WorldMapLava.png,192,96,58fbc0a75dea388424df314ada7fc05e1ec1b6b9872bf1550dd3929f7262a939,downloaded_verified,개인 로컬 수집; 소재 재배포 금지; 공개 작품에 Pixel Art World/ドット絵世界 크레딧. 조건: https://yms.main.jp/dotartworld/page1/rule.html; PNG 픽셀 디코딩 확인.,26734,200,,追加・編集用素材
追加・編集用素材 — Autotile-WorldMapRiver01.png,autotile,https://yms.main.jp/dotartworld/page2/worldmapvx.html,https://yms.main.jp/dotartworld/vx/sozai/mod_outside1/Autotile-WorldMapRiver01.png,Autotile-WorldMapRiver01.png,/home/main/.local/share/oprn/pixel-art-world-downloads/by-source/vx/sozai/mod_outside1/Autotile-WorldMapRiver01.png,192,96,4453ea305be32bdf1f18dc9ad190f9c800a263c79497faf3ef23cc89f6dadc7a,downloaded_verified,개인 로컬 수집; 소재 재배포 금지; 공개 작품에 Pixel Art World/ドット絵世界 크레딧. 조건: https://yms.main.jp/dotartworld/page1/rule.html; PNG 픽셀 디코딩 확인.,17801,200,,追加・編集用素材
追加・編集用素材 — Autotile-WorldMapRiver02.png,autotile,https://yms.main.jp/dotartworld/page2/worldmapvx.html,https://yms.main.jp/dotartworld/vx/sozai/mod_outside1/Autotile-WorldMapRiver02.png,Autotile-WorldMapRiver02.png,/home/main/.local/share/oprn/pixel-art-world-downloads/by-source/vx/sozai/mod_outside1/Autotile-WorldMapRiver02.png,192,96,26e73adc18d4914049aa5645826222710a6ac8ce4216312ea07fbcac456af743,downloaded_verified,개인 로컬 수집; 소재 재배포 금지; 공개 작품에 Pixel Art World/ドット絵世界 크레딧. 조건: https://yms.main.jp/dotartworld/page1/rule.html; PNG 픽셀 디코딩 확인.,18490,200,,追加・編集用素材
追加・編集用素材 — WorldMapBridge.png,loose_chip_or_prop,https://yms.main.jp/dotartworld/page2/worldmapvx.html,https://yms.main.jp/dotartworld/vx/sozai/mod_outside1/WorldMapBridge.png,WorldMapBridge.png,/home/main/.local/share/oprn/pixel-art-world-downloads/by-source/vx/sozai/mod_outside1/WorldMapBridge.png,160,128,6645ff527b7bbd1f05ab66445b9260e88e3ea8ba62920d0a319af183e47f2561,downloaded_verified,개인 로컬 수집; 소재 재배포 금지; 공개 작품에 Pixel Art World/ドット絵世界 크레딧. 조건: https://yms.main.jp/dotartworld/page1/rule.html; PNG 픽셀 디코딩 확인.,5549,200,,追加・編集用素材
追加・編集用素材 — Autotile-WorldMapSimple.png,autotile,https://yms.main.jp/dotartworld/page2/worldmapvx.html,https://yms.main.jp/dotartworld/vx/sozai/mod_outside1/Autotile-WorldMapSimple.png,Autotile-WorldMapSimple.png,/home/main/.local/share/oprn/pixel-art-world-downloads/by-source/vx/sozai/mod_outside1/Autotile-WorldMapSimple.png,448,288,541f41207d3989e2ec4ba998450967e4ba7cdf33fbb5965c90eaa8e3ce71ad8c,downloaded_verified,개인 로컬 수집; 소재 재배포 금지; 공개 작품에 Pixel Art World/ドット絵世界 크레딧. 조건: https://yms.main.jp/dotartworld/page1/rule.html; PNG 픽셀 디코딩 확인.,196257,200,,追加・編集用素材
追加・編集用素材 — WorldMapRoad01.png,loose_chip_or_prop,https://yms.main.jp/dotartworld/page2/worldmapvx.html,https://yms.main.jp/dotartworld/vx/sozai/mod_outside1/WorldMapRoad01.png,WorldMapRoad01.png,/home/main/.local/share/oprn/pixel-art-world-downloads/by-source/vx/sozai/mod_outside1/WorldMapRoad01.png,96,160,4ac0e0e58628979b94e13b5e4b4fa62f5abaa4b3e91a57f08b00ffdcdb872df4,downloaded_verified,개인 로컬 수집; 소재 재배포 금지; 공개 작품에 Pixel Art World/ドット絵世界 크레딧. 조건: https://yms.main.jp/dotartworld/page1/rule.html; PNG 픽셀 디코딩 확인.,2448,200,,追加・編集用素材
구형 XP 카페 — XP版カフェ,tileset,https://yms.main.jp/dotartworld/,,,,,,,unavailable_discontinued_notice,제작자 TOP 2016-04-09 게시문에서 XP 카페·빵집의 2016-04-17 배포 종료 명시. 카페용 다운로드 링크는 이 카탈로그의 현재 페이지들에 없음.,0,,,2016年4月9日
set-mansion-in.png,tileset,https://yms.main.jp/dotartworld/page2/tile-mansion02.html,https://yms.main.jp/dotartworld/sozai/tileset/pack/set-mansion-in.zip,set-mansion-in.png,/home/main/.local/share/oprn/pixel-art-world-downloads/archive-images/set-mansion-in/set-mansion-in.png,1440,1760,e1d01b870f2946ef0076f3c4908d5df013b4e9ebed785dbf4404ef94f37284d8,extracted_verified,개인 로컬 수집; 소재 재배포 금지; 공개 작품에 Pixel Art World/ドット絵世界 크레딧. 조건: https://yms.main.jp/dotartworld/page1/rule.html; ZIP 중앙목록 및 전체 CRC 확인.; ZIP 내부 PNG만 별도 추출/전체 디코딩 확인. 아카이브 멤버 경로: set-mansion-in.png,96339,200,set-mansion-in.png,屋敷内装
SA-GroundG01.png,autotile,https://yms.main.jp/dotartworld/page3/autotiles01.html,https://yms.main.jp/dotartworld/sozai/autotile2/autotile-old.zip,SA-GroundG01.png,/home/main/.local/share/oprn/pixel-art-world-downloads/archive-images/autotile-old/autotile/autotile2/SA-GroundG01.png,96,128,b3391e95c4e2dc81f5f08514f8b407727fa3f80bf021974730028c411d6a8c45,extracted_verified,개인 로컬 수집; 소재 재배포 금지; 공개 작품에 Pixel Art World/ドット絵世界 크레딧. 조건: https://yms.main.jp/dotartworld/page1/rule.html; ZIP 중앙목록 및 전체 CRC 확인.; ZIP 내부 PNG만 별도 추출/전체 디코딩 확인. 아카이브 멤버 경로: autotile/autotile2/SA-GroundG01.png,966,200,autotile/autotile2/SA-GroundG01.png,オートタイル1（屋外用）
SA-GroundG02.png,autotile,https://yms.main.jp/dotartworld/page3/autotiles01.html,https://yms.main.jp/dotartworld/sozai/autotile2/autotile-old.zip,SA-GroundG02.png,/home/main/.local/share/oprn/pixel-art-world-downloads/archive-images/autotile-old/autotile/autotile2/SA-GroundG02.png,96,128,f498e1e462768f7a033c846852f88bbe97947d045585dfeb8cd26fc7b9c911a2,extracted_verified,개인 로컬 수집; 소재 재배포 금지; 공개 작품에 Pixel Art World/ドット絵世界 크레딧. 조건: https://yms.main.jp/dotartworld/page1/rule.html; ZIP 중앙목록 및 전체 CRC 확인.; ZIP 내부 PNG만 별도 추출/전체 디코딩 확인. 아카이브 멤버 경로: autotile/autotile2/SA-GroundG02.png,5382,200,autotile/autotile2/SA-GroundG02.png,オートタイル1（屋外用）
SA-GroundG03.png,autotile,https://yms.main.jp/dotartworld/page3/autotiles01.html,https://yms.main.jp/dotartworld/sozai/autotile2/autotile-old.zip,SA-GroundG03.png,/home/main/.local/share/oprn/pixel-art-world-downloads/archive-images/autotile-old/autotile/autotile2/SA-GroundG03.png,96,128,a203f079c921096fcd32f11362bbd2e3655a4c5593c6c29fe473875d31017736,extracted_verified,개인 로컬 수집; 소재 재배포 금지; 공개 작품에 Pixel Art World/ドット絵世界 크레딧. 조건: https://yms.main.jp/dotartworld/page1/rule.html; ZIP 중앙목록 및 전체 CRC 확인.; ZIP 내부 PNG만 별도 추출/전체 디코딩 확인. 아카이브 멤버 경로: autotile/autotile2/SA-GroundG03.png,3826,200,autotile/autotile2/SA-GroundG03.png,オートタイル1（屋外用）
SA-GroundG04.png,autotile,https://yms.main.jp/dotartworld/page3/autotiles01.html,https://yms.main.jp/dotartworld/sozai/autotile2/autotile-old.zip,SA-GroundG04.png,/home/main/.local/share/oprn/pixel-art-world-downloads/archive-images/autotile-old/autotile/autotile2/SA-GroundG04.png,96,128,a46f40cf4b95631903da122862e75483e0b178597f5531f9a874c7ed4bfe0820,extracted_verified,개인 로컬 수집; 소재 재배포 금지; 공개 작품에 Pixel Art World/ドット絵世界 크레딧. 조건: https://yms.main.jp/dotartworld/page1/rule.html; ZIP 중앙목록 및 전체 CRC 확인.; ZIP 내부 PNG만 별도 추출/전체 디코딩 확인. 아카이브 멤버 경로: autotile/autotile2/SA-GroundG04.png,3618,200,autotile/autotile2/SA-GroundG04.png,オートタイル1（屋外用）
SA-GroundG05.png,autotile,https://yms.main.jp/dotartworld/page3/autotiles01.html,https://yms.main.jp/dotartworld/sozai/autotile2/autotile-old.zip,SA-GroundG05.png,/home/main/.local/share/oprn/pixel-art-world-downloads/archive-images/autotile-old/autotile/autotile2/SA-GroundG05.png,96,128,de4b193908be878d3814f433918e070190089b36dcc768cce03e00679203f37c,extracted_verified,개인 로컬 수집; 소재 재배포 금지; 공개 작품에 Pixel Art World/ドット絵世界 크레딧. 조건: https://yms.main.jp/dotartworld/page1/rule.html; ZIP 중앙목록 및 전체 CRC 확인.; ZIP 내부 PNG만 별도 추출/전체 디코딩 확인. 아카이브 멤버 경로: autotile/autotile2/SA-GroundG05.png,3372,200,autotile/autotile2/SA-GroundG05.png,オートタイル1（屋外用）
WSA-GroundG01.png,autotile,https://yms.main.jp/dotartworld/page3/autotiles01.html,https://yms.main.jp/dotartworld/sozai/autotile2/autotile-old.zip,WSA-GroundG01.png,/home/main/.local/share/oprn/pixel-art-world-downloads/archive-images/autotile-old/autotile/autotile2/WSA-GroundG01.png,32,160,9ffe256dd12876f36a16052ba3d2cce1150da13097acac83f9196d15abb3e167,extracted_verified,개인 로컬 수집; 소재 재배포 금지; 공개 작품에 Pixel Art World/ドット絵世界 크레딧. 조건: https://yms.main.jp/dotartworld/page1/rule.html; ZIP 중앙목록 및 전체 CRC 확인.; ZIP 내부 PNG만 별도 추출/전체 디코딩 확인. 아카이브 멤버 경로: autotile/autotile2/WSA-GroundG01.png,1415,200,autotile/autotile2/WSA-GroundG01.png,オートタイル1（屋外用）
WSA-GroundG02.png,autotile,https://yms.main.jp/dotartworld/page3/autotiles01.html,https://yms.main.jp/dotartworld/sozai/autotile2/autotile-old.zip,WSA-GroundG02.png,/home/main/.local/share/oprn/pixel-art-world-downloads/archive-images/autotile-old/autotile/autotile2/WSA-GroundG02.png,32,160,aab31b8b861685bac9325b0b2a8a42d6a928d232a7128c2ec56bfaa749b68ba7,extracted_verified,개인 로컬 수집; 소재 재배포 금지; 공개 작품에 Pixel Art World/ドット絵世界 크레딧. 조건: https://yms.main.jp/dotartworld/page1/rule.html; ZIP 중앙목록 및 전체 CRC 확인.; ZIP 내부 PNG만 별도 추출/전체 디코딩 확인. 아카이브 멤버 경로: autotile/autotile2/WSA-GroundG02.png,5126,200,autotile/autotile2/WSA-GroundG02.png,オートタイル1（屋外用）
WSA-GroundG03.png,autotile,https://yms.main.jp/dotartworld/page3/autotiles01.html,https://yms.main.jp/dotartworld/sozai/autotile2/autotile-old.zip,WSA-GroundG03.png,/home/main/.local/share/oprn/pixel-art-world-downloads/archive-images/autotile-old/autotile/autotile2/WSA-GroundG03.png,32,160,e5ad00804ba668b66872e231de05fb9101b5d45c827558711e507410bd57fe9a,extracted_verified,개인 로컬 수집; 소재 재배포 금지; 공개 작품에 Pixel Art World/ドット絵世界 크레딧. 조건: https://yms.main.jp/dotartworld/page1/rule.html; ZIP 중앙목록 및 전체 CRC 확인.; ZIP 내부 PNG만 별도 추출/전체 디코딩 확인. 아카이브 멤버 경로: autotile/autotile2/WSA-GroundG03.png,4166,200,autotile/autotile2/WSA-GroundG03.png,オートタイル1（屋外用）
WSA-GroundG04.png,autotile,https://yms.main.jp/dotartworld/page3/autotiles01.html,https://yms.main.jp/dotartworld/sozai/autotile2/autotile-old.zip,WSA-GroundG04.png,/home/main/.local/share/oprn/pixel-art-world-downloads/archive-images/autotile-old/autotile/autotile2/WSA-GroundG04.png,32,160,590f0b3c8c36d3d046340227b785fdd918cf13497261dfab2467543ba4815a47,extracted_verified,개인 로컬 수집; 소재 재배포 금지; 공개 작품에 Pixel Art World/ドット絵世界 크레딧. 조건: https://yms.main.jp/dotartworld/page1/rule.html; ZIP 중앙목록 및 전체 CRC 확인.; ZIP 내부 PNG만 별도 추출/전체 디코딩 확인. 아카이브 멤버 경로: autotile/autotile2/WSA-GroundG04.png,3947,200,autotile/autotile2/WSA-GroundG04.png,オートタイル1（屋外用）
WSA-GroundG05.png,autotile,https://yms.main.jp/dotartworld/page3/autotiles01.html,https://yms.main.jp/dotartworld/sozai/autotile2/autotile-old.zip,WSA-GroundG05.png,/home/main/.local/share/oprn/pixel-art-world-downloads/archive-images/autotile-old/autotile/autotile2/WSA-GroundG05.png,32,160,d20657f14531d73113f399be272f25cd26f653b84b8700deb3a8936262d8d11f,extracted_verified,개인 로컬 수집; 소재 재배포 금지; 공개 작품에 Pixel Art World/ドット絵世界 크레딧. 조건: https://yms.main.jp/dotartworld/page1/rule.html; ZIP 중앙목록 및 전체 CRC 확인.; ZIP 내부 PNG만 별도 추출/전체 디코딩 확인. 아카이브 멤버 경로: autotile/autotile2/WSA-GroundG05.png,3607,200,autotile/autotile2/WSA-GroundG05.png,オートタイル1（屋外用）
SA-BorderG01.png,autotile,https://yms.main.jp/dotartworld/page3/autotiles01.html,https://yms.main.jp/dotartworld/sozai/autotile2/autotile-old.zip,SA-BorderG01.png,/home/main/.local/share/oprn/pixel-art-world-downloads/archive-images/autotile-old/autotile/SA-BorderG01.png,96,128,f3755cd0c2b6b02a9c162222585b6b3bcceb44f6195a997122b755459fe3da59,extracted_verified,개인 로컬 수집; 소재 재배포 금지; 공개 작품에 Pixel Art World/ドット絵世界 크레딧. 조건: https://yms.main.jp/dotartworld/page1/rule.html; ZIP 중앙목록 및 전체 CRC 확인.; ZIP 내부 PNG만 별도 추출/전체 디코딩 확인. 아카이브 멤버 경로: autotile/SA-BorderG01.png,1383,200,autotile/SA-BorderG01.png,オートタイル1（屋外用）
SA-BorderG02.png,autotile,https://yms.main.jp/dotartworld/page3/autotiles01.html,https://yms.main.jp/dotartworld/sozai/autotile2/autotile-old.zip,SA-BorderG02.png,/home/main/.local/share/oprn/pixel-art-world-downloads/archive-images/autotile-old/autotile/SA-BorderG02.png,96,128,1253705a8d7808bb190c277516f408d6009338b9f846b8ceffb2f1ec7d29d790,extracted_verified,개인 로컬 수집; 소재 재배포 금지; 공개 작품에 Pixel Art World/ドット絵世界 크레딧. 조건: https://yms.main.jp/dotartworld/page1/rule.html; ZIP 중앙목록 및 전체 CRC 확인.; ZIP 내부 PNG만 별도 추출/전체 디코딩 확인. 아카이브 멤버 경로: autotile/SA-BorderG02.png,2007,200,autotile/SA-BorderG02.png,オートタイル1（屋外用）
SA-BorderG03.png,autotile,https://yms.main.jp/dotartworld/page3/autotiles01.html,https://yms.main.jp/dotartworld/sozai/autotile2/autotile-old.zip,SA-BorderG03.png,/home/main/.local/share/oprn/pixel-art-world-downloads/archive-images/autotile-old/autotile/SA-BorderG03.png,96,128,78e9cebda478435e89f0bd8d94beaaf56e426e1f68ccb948edb910eb3362daab,extracted_verified,개인 로컬 수집; 소재 재배포 금지; 공개 작품에 Pixel Art World/ドット絵世界 크레딧. 조건: https://yms.main.jp/dotartworld/page1/rule.html; ZIP 중앙목록 및 전체 CRC 확인.; ZIP 내부 PNG만 별도 추출/전체 디코딩 확인. 아카이브 멤버 경로: autotile/SA-BorderG03.png,1293,200,autotile/SA-BorderG03.png,オートタイル1（屋外用）
SA-BorderG04.png,autotile,https://yms.main.jp/dotartworld/page3/autotiles01.html,https://yms.main.jp/dotartworld/sozai/autotile2/autotile-old.zip,SA-BorderG04.png,/home/main/.local/share/oprn/pixel-art-world-downloads/archive-images/autotile-old/autotile/SA-BorderG04.png,96,128,83b7481d8ec647716357da0227fa13a69dd68ab0bff88130af11dc5afcf91a54,extracted_verified,개인 로컬 수집; 소재 재배포 금지; 공개 작품에 Pixel Art World/ドット絵世界 크레딧. 조건: https://yms.main.jp/dotartworld/page1/rule.html; ZIP 중앙목록 및 전체 CRC 확인.; ZIP 내부 PNG만 별도 추출/전체 디코딩 확인. 아카이브 멤버 경로: autotile/SA-BorderG04.png,2377,200,autotile/SA-BorderG04.png,オートタイル1（屋外用）
SA-BorderG05.png,autotile,https://yms.main.jp/dotartworld/page3/autotiles01.html,https://yms.main.jp/dotartworld/sozai/autotile2/autotile-old.zip,SA-BorderG05.png,/home/main/.local/share/oprn/pixel-art-world-downloads/archive-images/autotile-old/autotile/SA-BorderG05.png,96,128,98f35c4a17f49124b746f98cd0b2c56c6e9860795c1dbacfdcfae1093f383c6c,extracted_verified,개인 로컬 수집; 소재 재배포 금지; 공개 작품에 Pixel Art World/ドット絵世界 크레딧. 조건: https://yms.main.jp/dotartworld/page1/rule.html; ZIP 중앙목록 및 전체 CRC 확인.; ZIP 내부 PNG만 별도 추출/전체 디코딩 확인. 아카이브 멤버 경로: autotile/SA-BorderG05.png,1677,200,autotile/SA-BorderG05.png,オートタイル1（屋外用）
SA-Carpet01.png,autotile,https://yms.main.jp/dotartworld/page3/autotiles01.html,https://yms.main.jp/dotartworld/sozai/autotile2/autotile-old.zip,SA-Carpet01.png,/home/main/.local/share/oprn/pixel-art-world-downloads/archive-images/autotile-old/autotile/SA-Carpet01.png,96,128,b8991a5b9efbf4bd806cd2bf282d6bd0452496dfecea722f103b964233ab21c3,extracted_verified,개인 로컬 수집; 소재 재배포 금지; 공개 작품에 Pixel Art World/ドット絵世界 크레딧. 조건: https://yms.main.jp/dotartworld/page1/rule.html; ZIP 중앙목록 및 전체 CRC 확인.; ZIP 내부 PNG만 별도 추출/전체 디코딩 확인. 아카이브 멤버 경로: autotile/SA-Carpet01.png,434,200,autotile/SA-Carpet01.png,オートタイル1（屋外用）
SA-Carpet02.png,autotile,https://yms.main.jp/dotartworld/page3/autotiles01.html,https://yms.main.jp/dotartworld/sozai/autotile2/autotile-old.zip,SA-Carpet02.png,/home/main/.local/share/oprn/pixel-art-world-downloads/archive-images/autotile-old/autotile/SA-Carpet02.png,96,128,f8828aeb938da60504f94c515e05aa0115c64d6f5eed01a443d9ec9e0a21935a,extracted_verified,개인 로컬 수집; 소재 재배포 금지; 공개 작품에 Pixel Art World/ドット絵世界 크레딧. 조건: https://yms.main.jp/dotartworld/page1/rule.html; ZIP 중앙목록 및 전체 CRC 확인.; ZIP 내부 PNG만 별도 추출/전체 디코딩 확인. 아카이브 멤버 경로: autotile/SA-Carpet02.png,423,200,autotile/SA-Carpet02.png,オートタイル1（屋外用）
SA-Carpet03.png,autotile,https://yms.main.jp/dotartworld/page3/autotiles01.html,https://yms.main.jp/dotartworld/sozai/autotile2/autotile-old.zip,SA-Carpet03.png,/home/main/.local/share/oprn/pixel-art-world-downloads/archive-images/autotile-old/autotile/SA-Carpet03.png,96,128,6b194460c767ab0d97d5987623ece3fed9fe41ea0dee249e0ad0e2406def83a6,extracted_verified,개인 로컬 수집; 소재 재배포 금지; 공개 작품에 Pixel Art World/ドット絵世界 크레딧. 조건: https://yms.main.jp/dotartworld/page1/rule.html; ZIP 중앙목록 및 전체 CRC 확인.; ZIP 내부 PNG만 별도 추출/전체 디코딩 확인. 아카이브 멤버 경로: autotile/SA-Carpet03.png,434,200,autotile/SA-Carpet03.png,オートタイル1（屋外用）
SA-Carpet04.png,autotile,https://yms.main.jp/dotartworld/page3/autotiles01.html,https://yms.main.jp/dotartworld/sozai/autotile2/autotile-old.zip,SA-Carpet04.png,/home/main/.local/share/oprn/pixel-art-world-downloads/archive-images/autotile-old/autotile/SA-Carpet04.png,96,128,77910ff16d3f72ad5b39924b7a7e98076f758e13ab2878c7730442ce248b88fa,extracted_verified,개인 로컬 수집; 소재 재배포 금지; 공개 작품에 Pixel Art World/ドット絵世界 크레딧. 조건: https://yms.main.jp/dotartworld/page1/rule.html; ZIP 중앙목록 및 전체 CRC 확인.; ZIP 내부 PNG만 별도 추출/전체 디코딩 확인. 아카이브 멤버 경로: autotile/SA-Carpet04.png,485,200,autotile/SA-Carpet04.png,オートタイル1（屋外用）
SA-Carpet05.png,autotile,https://yms.main.jp/dotartworld/page3/autotiles01.html,https://yms.main.jp/dotartworld/sozai/autotile2/autotile-old.zip,SA-Carpet05.png,/home/main/.local/share/oprn/pixel-art-world-downloads/archive-images/autotile-old/autotile/SA-Carpet05.png,96,128,2ac74ea68a1f00c80521242421df2f4342780884d3266540c0ad50c871666b5f,extracted_verified,개인 로컬 수집; 소재 재배포 금지; 공개 작품에 Pixel Art World/ドット絵世界 크레딧. 조건: https://yms.main.jp/dotartworld/page1/rule.html; ZIP 중앙목록 및 전체 CRC 확인.; ZIP 내부 PNG만 별도 추출/전체 디코딩 확인. 아카이브 멤버 경로: autotile/SA-Carpet05.png,434,200,autotile/SA-Carpet05.png,オートタイル1（屋外用）
SA-Carpet06.png,autotile,https://yms.main.jp/dotartworld/page3/autotiles01.html,https://yms.main.jp/dotartworld/sozai/autotile2/autotile-old.zip,SA-Carpet06.png,/home/main/.local/share/oprn/pixel-art-world-downloads/archive-images/autotile-old/autotile/SA-Carpet06.png,96,128,46e86f0e79c075978356eebb941ac3605a6e0df5372444ec09e8661778328854,extracted_verified,개인 로컬 수집; 소재 재배포 금지; 공개 작품에 Pixel Art World/ドット絵世界 크레딧. 조건: https://yms.main.jp/dotartworld/page1/rule.html; ZIP 중앙목록 및 전체 CRC 확인.; ZIP 내부 PNG만 별도 추출/전체 디코딩 확인. 아카이브 멤버 경로: autotile/SA-Carpet06.png,827,200,autotile/SA-Carpet06.png,オートタイル1（屋外用）
SA-Carpet07.png,autotile,https://yms.main.jp/dotartworld/page3/autotiles01.html,https://yms.main.jp/dotartworld/sozai/autotile2/autotile-old.zip,SA-Carpet07.png,/home/main/.local/share/oprn/pixel-art-world-downloads/archive-images/autotile-old/autotile/SA-Carpet07.png,96,128,9ecbc2432d31a804be46bf0580f9d37807ca5560cc9a9994b858d2463eb42d4b,extracted_verified,개인 로컬 수집; 소재 재배포 금지; 공개 작품에 Pixel Art World/ドット絵世界 크레딧. 조건: https://yms.main.jp/dotartworld/page1/rule.html; ZIP 중앙목록 및 전체 CRC 확인.; ZIP 내부 PNG만 별도 추출/전체 디코딩 확인. 아카이브 멤버 경로: autotile/SA-Carpet07.png,812,200,autotile/SA-Carpet07.png,オートタイル1（屋外用）
SA-Carpet08.png,autotile,https://yms.main.jp/dotartworld/page3/autotiles01.html,https://yms.main.jp/dotartworld/sozai/autotile2/autotile-old.zip,SA-Carpet08.png,/home/main/.local/share/oprn/pixel-art-world-downloads/archive-images/autotile-old/autotile/SA-Carpet08.png,96,128,0d9e2c378202c719d290dbdc5697956b45bd8c1daab443500ac2dde3b5645368,extracted_verified,개인 로컬 수집; 소재 재배포 금지; 공개 작품에 Pixel Art World/ドット絵世界 크레딧. 조건: https://yms.main.jp/dotartworld/page1/rule.html; ZIP 중앙목록 및 전체 CRC 확인.; ZIP 내부 PNG만 별도 추출/전체 디코딩 확인. 아카이브 멤버 경로: autotile/SA-Carpet08.png,827,200,autotile/SA-Carpet08.png,オートタイル1（屋外用）
SA-Carpet08ST.png,autotile,https://yms.main.jp/dotartworld/page3/autotiles01.html,https://yms.main.jp/dotartworld/sozai/autotile2/autotile-old.zip,SA-Carpet08ST.png,/home/main/.local/share/oprn/pixel-art-world-downloads/archive-images/autotile-old/autotile/SA-Carpet08ST.png,96,128,9f0dd0fae6383d793491b676b84914b4e27908faed3ea0e775a1c7ccb792dd88,extracted_verified,개인 로컬 수집; 소재 재배포 금지; 공개 작품에 Pixel Art World/ドット絵世界 크레딧. 조건: https://yms.main.jp/dotartworld/page1/rule.html; ZIP 중앙목록 및 전체 CRC 확인.; ZIP 내부 PNG만 별도 추출/전체 디코딩 확인. 아카이브 멤버 경로: autotile/SA-Carpet08ST.png,666,200,autotile/SA-Carpet08ST.png,オートタイル1（屋外用）
SA-Carpet09.png,autotile,https://yms.main.jp/dotartworld/page3/autotiles01.html,https://yms.main.jp/dotartworld/sozai/autotile2/autotile-old.zip,SA-Carpet09.png,/home/main/.local/share/oprn/pixel-art-world-downloads/archive-images/autotile-old/autotile/SA-Carpet09.png,96,128,ff5ae80c4eb7c901ecc2d0326aac9b0af1baae372c652ace218b428bf6df9a6f,extracted_verified,개인 로컬 수집; 소재 재배포 금지; 공개 작품에 Pixel Art World/ドット絵世界 크레딧. 조건: https://yms.main.jp/dotartworld/page1/rule.html; ZIP 중앙목록 및 전체 CRC 확인.; ZIP 내부 PNG만 별도 추출/전체 디코딩 확인. 아카이브 멤버 경로: autotile/SA-Carpet09.png,827,200,autotile/SA-Carpet09.png,オートタイル1（屋外用）
SA-Carpet09ST.png,autotile,https://yms.main.jp/dotartworld/page3/autotiles01.html,https://yms.main.jp/dotartworld/sozai/autotile2/autotile-old.zip,SA-Carpet09ST.png,/home/main/.local/share/oprn/pixel-art-world-downloads/archive-images/autotile-old/autotile/SA-Carpet09ST.png,96,128,11c2b9245f0b6e29c38a341d0fde6e8bbb09becd33bd96f79e2f155135759c65,extracted_verified,개인 로컬 수집; 소재 재배포 금지; 공개 작품에 Pixel Art World/ドット絵世界 크레딧. 조건: https://yms.main.jp/dotartworld/page1/rule.html; ZIP 중앙목록 및 전체 CRC 확인.; ZIP 내부 PNG만 별도 추출/전체 디코딩 확인. 아카이브 멤버 경로: autotile/SA-Carpet09ST.png,666,200,autotile/SA-Carpet09ST.png,オートタイル1（屋外用）
SA-Carpet10.png,autotile,https://yms.main.jp/dotartworld/page3/autotiles01.html,https://yms.main.jp/dotartworld/sozai/autotile2/autotile-old.zip,SA-Carpet10.png,/home/main/.local/share/oprn/pixel-art-world-downloads/archive-images/autotile-old/autotile/SA-Carpet10.png,96,128,9ee0dbb6c712bd5f6189e33c1dc56e4b3542946286679b5500e1c1bac07a9f11,extracted_verified,개인 로컬 수집; 소재 재배포 금지; 공개 작품에 Pixel Art World/ドット絵世界 크레딧. 조건: https://yms.main.jp/dotartworld/page1/rule.html; ZIP 중앙목록 및 전체 CRC 확인.; ZIP 내부 PNG만 별도 추출/전체 디코딩 확인. 아카이브 멤버 경로: autotile/SA-Carpet10.png,629,200,autotile/SA-Carpet10.png,オートタイル1（屋外用）
SA-Carpet11.png,autotile,https://yms.main.jp/dotartworld/page3/autotiles01.html,https://yms.main.jp/dotartworld/sozai/autotile2/autotile-old.zip,SA-Carpet11.png,/home/main/.local/share/oprn/pixel-art-world-downloads/archive-images/autotile-old/autotile/SA-Carpet11.png,96,128,7a0710a2b93af6189a1b8e0b75c126c6baa1452bb25a8547c4374ead5d7b35dc,extracted_verified,개인 로컬 수집; 소재 재배포 금지; 공개 작품에 Pixel Art World/ドット絵世界 크레딧. 조건: https://yms.main.jp/dotartworld/page1/rule.html; ZIP 중앙목록 및 전체 CRC 확인.; ZIP 내부 PNG만 별도 추출/전체 디코딩 확인. 아카이브 멤버 경로: autotile/SA-Carpet11.png,614,200,autotile/SA-Carpet11.png,オートタイル1（屋外用）
SA-Carpet12.png,autotile,https://yms.main.jp/dotartworld/page3/autotiles01.html,https://yms.main.jp/dotartworld/sozai/autotile2/autotile-old.zip,SA-Carpet12.png,/home/main/.local/share/oprn/pixel-art-world-downloads/archive-images/autotile-old/autotile/SA-Carpet12.png,96,128,c477c757d2185c9eb685f06614a8a8475f3cb9df74fc1114663cecfa0f4c508b,extracted_verified,개인 로컬 수집; 소재 재배포 금지; 공개 작품에 Pixel Art World/ドット絵世界 크레딧. 조건: https://yms.main.jp/dotartworld/page1/rule.html; ZIP 중앙목록 및 전체 CRC 확인.; ZIP 내부 PNG만 별도 추출/전체 디코딩 확인. 아카이브 멤버 경로: autotile/SA-Carpet12.png,614,200,autotile/SA-Carpet12.png,オートタイル1（屋外用）
SA-Cartain01.png,autotile,https://yms.main.jp/dotartworld/page3/autotiles01.html,https://yms.main.jp/dotartworld/sozai/autotile2/autotile-old.zip,SA-Cartain01.png,/home/main/.local/share/oprn/pixel-art-world-downloads/archive-images/autotile-old/autotile/SA-Cartain01.png,96,128,eee762c26f2564455fe7ef8083cb3c86b8302f5e7a513decf785063e8ea7f50e,extracted_verified,개인 로컬 수집; 소재 재배포 금지; 공개 작품에 Pixel Art World/ドット絵世界 크레딧. 조건: https://yms.main.jp/dotartworld/page1/rule.html; ZIP 중앙목록 및 전체 CRC 확인.; ZIP 내부 PNG만 별도 추출/전체 디코딩 확인. 아카이브 멤버 경로: autotile/SA-Cartain01.png,965,200,autotile/SA-Cartain01.png,オートタイル1（屋外用）
SA-Cartain02.png,autotile,https://yms.main.jp/dotartworld/page3/autotiles01.html,https://yms.main.jp/dotartworld/sozai/autotile2/autotile-old.zip,SA-Cartain02.png,/home/main/.local/share/oprn/pixel-art-world-downloads/archive-images/autotile-old/autotile/SA-Cartain02.png,96,128,f690a42402c4343d505ea4693a26274f3642a34c2fe34cdc0698c158295d7354,extracted_verified,개인 로컬 수집; 소재 재배포 금지; 공개 작품에 Pixel Art World/ドット絵世界 크레딧. 조건: https://yms.main.jp/dotartworld/page1/rule.html; ZIP 중앙목록 및 전체 CRC 확인.; ZIP 내부 PNG만 별도 추출/전체 디코딩 확인. 아카이브 멤버 경로: autotile/SA-Cartain02.png,965,200,autotile/SA-Cartain02.png,オートタイル1（屋外用）
SA-Concrete01.png,autotile,https://yms.main.jp/dotartworld/page3/autotiles01.html,https://yms.main.jp/dotartworld/sozai/autotile2/autotile-old.zip,SA-Concrete01.png,/home/main/.local/share/oprn/pixel-art-world-downloads/archive-images/autotile-old/autotile/SA-Concrete01.png,96,128,7e490718dbf6ad39953fb291ac957b3167150ea4e326621182bf9dc7a0ee65ce,extracted_verified,개인 로컬 수집; 소재 재배포 금지; 공개 작품에 Pixel Art World/ドット絵世界 크레딧. 조건: https://yms.main.jp/dotartworld/page1/rule.html; ZIP 중앙목록 및 전체 CRC 확인.; ZIP 내부 PNG만 별도 추출/전체 디코딩 확인. 아카이브 멤버 경로: autotile/SA-Concrete01.png,1895,200,autotile/SA-Concrete01.png,オートタイル1（屋外用）
SA-Concrete02.png,autotile,https://yms.main.jp/dotartworld/page3/autotiles01.html,https://yms.main.jp/dotartworld/sozai/autotile2/autotile-old.zip,SA-Concrete02.png,/home/main/.local/share/oprn/pixel-art-world-downloads/archive-images/autotile-old/autotile/SA-Concrete02.png,96,128,d3d589e1215cdcca23b17c4a2654d907cd5171e03eb5ec4d23d9ec602a726cad,extracted_verified,개인 로컬 수집; 소재 재배포 금지; 공개 작품에 Pixel Art World/ドット絵世界 크레딧. 조건: https://yms.main.jp/dotartworld/page1/rule.html; ZIP 중앙목록 및 전체 CRC 확인.; ZIP 내부 PNG만 별도 추출/전체 디코딩 확인. 아카이브 멤버 경로: autotile/SA-Concrete02.png,741,200,autotile/SA-Concrete02.png,オートタイル1（屋外用）
SA-Concrete03.png,autotile,https://yms.main.jp/dotartworld/page3/autotiles01.html,https://yms.main.jp/dotartworld/sozai/autotile2/autotile-old.zip,SA-Concrete03.png,/home/main/.local/share/oprn/pixel-art-world-downloads/archive-images/autotile-old/autotile/SA-Concrete03.png,96,128,016edc7b7572e20684cfa259e383312619d7ed4d52b55db3d4bb44b67c6aa1c0,extracted_verified,개인 로컬 수집; 소재 재배포 금지; 공개 작품에 Pixel Art World/ドット絵世界 크레딧. 조건: https://yms.main.jp/dotartworld/page1/rule.html; ZIP 중앙목록 및 전체 CRC 확인.; ZIP 내부 PNG만 별도 추출/전체 디코딩 확인. 아카이브 멤버 경로: autotile/SA-Concrete03.png,970,200,autotile/SA-Concrete03.png,オートタイル1（屋外用）
SA-Ditch01.png,autotile,https://yms.main.jp/dotartworld/page3/autotiles01.html,https://yms.main.jp/dotartworld/sozai/autotile2/autotile-old.zip,SA-Ditch01.png,/home/main/.local/share/oprn/pixel-art-world-downloads/archive-images/autotile-old/autotile/SA-Ditch01.png,384,128,ce6b06ca456e3bae08680d1fb6dad2eada83c9ab78bfdd1fd5895be7a9b9b7dc,extracted_verified,개인 로컬 수집; 소재 재배포 금지; 공개 작품에 Pixel Art World/ドット絵世界 크레딧. 조건: https://yms.main.jp/dotartworld/page1/rule.html; ZIP 중앙목록 및 전체 CRC 확인.; ZIP 내부 PNG만 별도 추출/전체 디코딩 확인. 아카이브 멤버 경로: autotile/SA-Ditch01.png,4112,200,autotile/SA-Ditch01.png,オートタイル1（屋外用）
SA-Ditch02.png,autotile,https://yms.main.jp/dotartworld/page3/autotiles01.html,https://yms.main.jp/dotartworld/sozai/autotile2/autotile-old.zip,SA-Ditch02.png,/home/main/.local/share/oprn/pixel-art-world-downloads/archive-images/autotile-old/autotile/SA-Ditch02.png,384,128,1807918dbe8edb5cc53cf4415d6a01939343992dde376733d59671256ed4a9cc,extracted_verified,개인 로컬 수집; 소재 재배포 금지; 공개 작품에 Pixel Art World/ドット絵世界 크레딧. 조건: https://yms.main.jp/dotartworld/page1/rule.html; ZIP 중앙목록 및 전체 CRC 확인.; ZIP 내부 PNG만 별도 추출/전체 디코딩 확인. 아카이브 멤버 경로: autotile/SA-Ditch02.png,7081,200,autotile/SA-Ditch02.png,オートタイル1（屋外用）
SA-Ditch03.png,autotile,https://yms.main.jp/dotartworld/page3/autotiles01.html,https://yms.main.jp/dotartworld/sozai/autotile2/autotile-old.zip,SA-Ditch03.png,/home/main/.local/share/oprn/pixel-art-world-downloads/archive-images/autotile-old/autotile/SA-Ditch03.png,384,128,96e87341f368f714ae6f425e707bebec851a09a7bd409ab76736a8705fcb3efc,extracted_verified,개인 로컬 수집; 소재 재배포 금지; 공개 작품에 Pixel Art World/ドット絵世界 크레딧. 조건: https://yms.main.jp/dotartworld/page1/rule.html; ZIP 중앙목록 및 전체 CRC 확인.; ZIP 내부 PNG만 별도 추출/전체 디코딩 확인. 아카이브 멤버 경로: autotile/SA-Ditch03.png,7061,200,autotile/SA-Ditch03.png,オートタイル1（屋外用）
SA-Ditch04.png,autotile,https://yms.main.jp/dotartworld/page3/autotiles01.html,https://yms.main.jp/dotartworld/sozai/autotile2/autotile-old.zip,SA-Ditch04.png,/home/main/.local/share/oprn/pixel-art-world-downloads/archive-images/autotile-old/autotile/SA-Ditch04.png,384,128,3dc2947162346fee2479d107ddc071c8c0c025526271d3461c5ffc2b3c5ca809,extracted_verified,개인 로컬 수집; 소재 재배포 금지; 공개 작품에 Pixel Art World/ドット絵世界 크레딧. 조건: https://yms.main.jp/dotartworld/page1/rule.html; ZIP 중앙목록 및 전체 CRC 확인.; ZIP 내부 PNG만 별도 추출/전체 디코딩 확인. 아카이브 멤버 경로: autotile/SA-Ditch04.png,6960,200,autotile/SA-Ditch04.png,オートタイル1（屋外用）
SA-Dway01.png,autotile,https://yms.main.jp/dotartworld/page3/autotiles01.html,https://yms.main.jp/dotartworld/sozai/autotile2/autotile-old.zip,SA-Dway01.png,/home/main/.local/share/oprn/pixel-art-world-downloads/archive-images/autotile-old/autotile/SA-Dway01.png,96,128,80110c41f17f349bd762dc5c5e9a3bf55f5eb60e7ee8daa11947c95999cf5d74,extracted_verified,개인 로컬 수집; 소재 재배포 금지; 공개 작품에 Pixel Art World/ドット絵世界 크레딧. 조건: https://yms.main.jp/dotartworld/page1/rule.html; ZIP 중앙목록 및 전체 CRC 확인.; ZIP 내부 PNG만 별도 추출/전체 디코딩 확인. 아카이브 멤버 경로: autotile/SA-Dway01.png,299,200,autotile/SA-Dway01.png,オートタイル1（屋外用）
SA-Dway02.png,autotile,https://yms.main.jp/dotartworld/page3/autotiles01.html,https://yms.main.jp/dotartworld/sozai/autotile2/autotile-old.zip,SA-Dway02.png,/home/main/.local/share/oprn/pixel-art-world-downloads/archive-images/autotile-old/autotile/SA-Dway02.png,96,128,451daedeab8e739a683202d6c1c563f4a6fcd452785c591839dbbd929509998f,extracted_verified,개인 로컬 수집; 소재 재배포 금지; 공개 작품에 Pixel Art World/ドット絵世界 크레딧. 조건: https://yms.main.jp/dotartworld/page1/rule.html; ZIP 중앙목록 및 전체 CRC 확인.; ZIP 내부 PNG만 별도 추출/전체 디코딩 확인. 아카이브 멤버 경로: autotile/SA-Dway02.png,459,200,autotile/SA-Dway02.png,オートタイル1（屋外用）
SA-Dway03.png,autotile,https://yms.main.jp/dotartworld/page3/autotiles01.html,https://yms.main.jp/dotartworld/sozai/autotile2/autotile-old.zip,SA-Dway03.png,/home/main/.local/share/oprn/pixel-art-world-downloads/archive-images/autotile-old/autotile/SA-Dway03.png,96,128,e2dd3bbd80898b0ff97f8201df693862234a6debb07227a72b52cf8d7a0183e0,extracted_verified,개인 로컬 수집; 소재 재배포 금지; 공개 작품에 Pixel Art World/ドット絵世界 크레딧. 조건: https://yms.main.jp/dotartworld/page1/rule.html; ZIP 중앙목록 및 전체 CRC 확인.; ZIP 내부 PNG만 별도 추출/전체 디코딩 확인. 아카이브 멤버 경로: autotile/SA-Dway03.png,415,200,autotile/SA-Dway03.png,オートタイル1（屋外用）
SA-Dway04.png,autotile,https://yms.main.jp/dotartworld/page3/autotiles01.html,https://yms.main.jp/dotartworld/sozai/autotile2/autotile-old.zip,SA-Dway04.png,/home/main/.local/share/oprn/pixel-art-world-downloads/archive-images/autotile-old/autotile/SA-Dway04.png,96,128,c556bf8db2a7c0c89168c18d657747c2a9303b591a909662d6fdb4a1705d93a4,extracted_verified,개인 로컬 수집; 소재 재배포 금지; 공개 작품에 Pixel Art World/ドット絵世界 크레딧. 조건: https://yms.main.jp/dotartworld/page1/rule.html; ZIP 중앙목록 및 전체 CRC 확인.; ZIP 내부 PNG만 별도 추출/전체 디코딩 확인. 아카이브 멤버 경로: autotile/SA-Dway04.png,300,200,autotile/SA-Dway04.png,オートタイル1（屋外用）
SA-Dway05.png,autotile,https://yms.main.jp/dotartworld/page3/autotiles01.html,https://yms.main.jp/dotartworld/sozai/autotile2/autotile-old.zip,SA-Dway05.png,/home/main/.local/share/oprn/pixel-art-world-downloads/archive-images/autotile-old/autotile/SA-Dway05.png,96,128,7a5e91a10c19ec70e250baa962960785cf4dc22b64780d157659c3420ef3e6a0,extracted_verified,개인 로컬 수집; 소재 재배포 금지; 공개 작품에 Pixel Art World/ドット絵世界 크레딧. 조건: https://yms.main.jp/dotartworld/page1/rule.html; ZIP 중앙목록 및 전체 CRC 확인.; ZIP 내부 PNG만 별도 추출/전체 디코딩 확인. 아카이브 멤버 경로: autotile/SA-Dway05.png,459,200,autotile/SA-Dway05.png,オートタイル1（屋外用）
SA-Dway06.png,autotile,https://yms.main.jp/dotartworld/page3/autotiles01.html,https://yms.main.jp/dotartworld/sozai/autotile2/autotile-old.zip,SA-Dway06.png,/home/main/.local/share/oprn/pixel-art-world-downloads/archive-images/autotile-old/autotile/SA-Dway06.png,96,128,7c99d41b353e93af972a331fe2a2a758fdf8d006c6ef7a88b16679ff7874abeb,extracted_verified,개인 로컬 수집; 소재 재배포 금지; 공개 작품에 Pixel Art World/ドット絵世界 크레딧. 조건: https://yms.main.jp/dotartworld/page1/rule.html; ZIP 중앙목록 및 전체 CRC 확인.; ZIP 내부 PNG만 별도 추출/전체 디코딩 확인. 아카이브 멤버 경로: autotile/SA-Dway06.png,409,200,autotile/SA-Dway06.png,オートタイル1（屋外用）
SA-DwayEX01.png,autotile,https://yms.main.jp/dotartworld/page3/autotiles01.html,https://yms.main.jp/dotartworld/sozai/autotile2/autotile-old.zip,SA-DwayEX01.png,/home/main/.local/share/oprn/pixel-art-world-downloads/archive-images/autotile-old/autotile/SA-DwayEX01.png,96,128,bafe03e12b7a9efae447f749b8bfd3c7e1c99b12a1d997caebcc83f268c2e047,extracted_verified,개인 로컬 수집; 소재 재배포 금지; 공개 작품에 Pixel Art World/ドット絵世界 크레딧. 조건: https://yms.main.jp/dotartworld/page1/rule.html; ZIP 중앙목록 및 전체 CRC 확인.; ZIP 내부 PNG만 별도 추출/전체 디코딩 확인. 아카이브 멤버 경로: autotile/SA-DwayEX01.png,878,200,autotile/SA-DwayEX01.png,オートタイル1（屋外用）
SA-Floor01.png,autotile,https://yms.main.jp/dotartworld/page3/autotiles01.html,https://yms.main.jp/dotartworld/sozai/autotile2/autotile-old.zip,SA-Floor01.png,/home/main/.local/share/oprn/pixel-art-world-downloads/archive-images/autotile-old/autotile/SA-Floor01.png,96,128,07ffb846c7f174a9265fb2ac0b348a47fc93e24a12415419664ea77f2d341f4a,extracted_verified,개인 로컬 수집; 소재 재배포 금지; 공개 작품에 Pixel Art World/ドット絵世界 크레딧. 조건: https://yms.main.jp/dotartworld/page1/rule.html; ZIP 중앙목록 및 전체 CRC 확인.; ZIP 내부 PNG만 별도 추출/전체 디코딩 확인. 아카이브 멤버 경로: autotile/SA-Floor01.png,482,200,autotile/SA-Floor01.png,オートタイル1（屋外用）
SA-Floor02.png,autotile,https://yms.main.jp/dotartworld/page3/autotiles01.html,https://yms.main.jp/dotartworld/sozai/autotile2/autotile-old.zip,SA-Floor02.png,/home/main/.local/share/oprn/pixel-art-world-downloads/archive-images/autotile-old/autotile/SA-Floor02.png,96,128,71649fa46885b07a21c03fb2f08bdd011652ab9185275c90e48f22a8c523b406,extracted_verified,개인 로컬 수집; 소재 재배포 금지; 공개 작품에 Pixel Art World/ドット絵世界 크레딧. 조건: https://yms.main.jp/dotartworld/page1/rule.html; ZIP 중앙목록 및 전체 CRC 확인.; ZIP 내부 PNG만 별도 추출/전체 디코딩 확인. 아카이브 멤버 경로: autotile/SA-Floor02.png,1365,200,autotile/SA-Floor02.png,オートタイル1（屋外用）
SA-Floor03.png,autotile,https://yms.main.jp/dotartworld/page3/autotiles01.html,https://yms.main.jp/dotartworld/sozai/autotile2/autotile-old.zip,SA-Floor03.png,/home/main/.local/share/oprn/pixel-art-world-downloads/archive-images/autotile-old/autotile/SA-Floor03.png,96,128,d1cb6c161386034addad3abd9669fee43269bf2326b58ef25600bc76f17e5e12,extracted_verified,개인 로컬 수집; 소재 재배포 금지; 공개 작품에 Pixel Art World/ドット絵世界 크레딧. 조건: https://yms.main.jp/dotartworld/page1/rule.html; ZIP 중앙목록 및 전체 CRC 확인.; ZIP 내부 PNG만 별도 추출/전체 디코딩 확인. 아카이브 멤버 경로: autotile/SA-Floor03.png,413,200,autotile/SA-Floor03.png,オートタイル1（屋外用）
SA-Floor04.png,autotile,https://yms.main.jp/dotartworld/page3/autotiles01.html,https://yms.main.jp/dotartworld/sozai/autotile2/autotile-old.zip,SA-Floor04.png,/home/main/.local/share/oprn/pixel-art-world-downloads/archive-images/autotile-old/autotile/SA-Floor04.png,96,128,889012989061b3a3f00aa10a054196db01aef84984c0a7db107a029fe779fc95,extracted_verified,개인 로컬 수집; 소재 재배포 금지; 공개 작품에 Pixel Art World/ドット絵世界 크레딧. 조건: https://yms.main.jp/dotartworld/page1/rule.html; ZIP 중앙목록 및 전체 CRC 확인.; ZIP 내부 PNG만 별도 추출/전체 디코딩 확인. 아카이브 멤버 경로: autotile/SA-Floor04.png,413,200,autotile/SA-Floor04.png,オートタイル1（屋外用）
SA-Floor05.png,autotile,https://yms.main.jp/dotartworld/page3/autotiles01.html,https://yms.main.jp/dotartworld/sozai/autotile2/autotile-old.zip,SA-Floor05.png,/home/main/.local/share/oprn/pixel-art-world-downloads/archive-images/autotile-old/autotile/SA-Floor05.png,96,128,eee3d654d4f1978c99ab291b9cef9c8e54de3f43e413d8465b33aa9152d626f4,extracted_verified,개인 로컬 수집; 소재 재배포 금지; 공개 작품에 Pixel Art World/ドット絵世界 크레딧. 조건: https://yms.main.jp/dotartworld/page1/rule.html; ZIP 중앙목록 및 전체 CRC 확인.; ZIP 내부 PNG만 별도 추출/전체 디코딩 확인. 아카이브 멤버 경로: autotile/SA-Floor05.png,416,200,autotile/SA-Floor05.png,オートタイル1（屋外用）
SA-Floor06.png,autotile,https://yms.main.jp/dotartworld/page3/autotiles01.html,https://yms.main.jp/dotartworld/sozai/autotile2/autotile-old.zip,SA-Floor06.png,/home/main/.local/share/oprn/pixel-art-world-downloads/archive-images/autotile-old/autotile/SA-Floor06.png,96,128,253dae0747db3e805e2e8f320546136118e663de06842771eec0614cce839073,extracted_verified,개인 로컬 수집; 소재 재배포 금지; 공개 작품에 Pixel Art World/ドット絵世界 크레딧. 조건: https://yms.main.jp/dotartworld/page1/rule.html; ZIP 중앙목록 및 전체 CRC 확인.; ZIP 내부 PNG만 별도 추출/전체 디코딩 확인. 아카이브 멤버 경로: autotile/SA-Floor06.png,416,200,autotile/SA-Floor06.png,オートタイル1（屋外用）
SA-Floor-M01.png,autotile,https://yms.main.jp/dotartworld/page3/autotiles01.html,https://yms.main.jp/dotartworld/sozai/autotile2/autotile-old.zip,SA-Floor-M01.png,/home/main/.local/share/oprn/pixel-art-world-downloads/archive-images/autotile-old/autotile/SA-Floor-M01.png,96,128,5314962bc1e81565813860ff1fe122fd320f6b3eabc18e205cf656f271221f08,extracted_verified,개인 로컬 수집; 소재 재배포 금지; 공개 작품에 Pixel Art World/ドット絵世界 크레딧. 조건: https://yms.main.jp/dotartworld/page1/rule.html; ZIP 중앙목록 및 전체 CRC 확인.; ZIP 내부 PNG만 별도 추출/전체 디코딩 확인. 아카이브 멤버 경로: autotile/SA-Floor-M01.png,649,200,autotile/SA-Floor-M01.png,オートタイル1（屋外用）
SA-Floor-T01.png,autotile,https://yms.main.jp/dotartworld/page3/autotiles01.html,https://yms.main.jp/dotartworld/sozai/autotile2/autotile-old.zip,SA-Floor-T01.png,/home/main/.local/share/oprn/pixel-art-world-downloads/archive-images/autotile-old/autotile/SA-Floor-T01.png,96,128,c810e1a36f668ad0250f060eed2851cc7f0faa77fc3742126e62bfc3b13681ae,extracted_verified,개인 로컬 수집; 소재 재배포 금지; 공개 작품에 Pixel Art World/ドット絵世界 크레딧. 조건: https://yms.main.jp/dotartworld/page1/rule.html; ZIP 중앙목록 및 전체 CRC 확인.; ZIP 내부 PNG만 별도 추출/전체 디코딩 확인. 아카이브 멤버 경로: autotile/SA-Floor-T01.png,434,200,autotile/SA-Floor-T01.png,オートタイル1（屋外用）
SA-Floor-T02.png,autotile,https://yms.main.jp/dotartworld/page3/autotiles01.html,https://yms.main.jp/dotartworld/sozai/autotile2/autotile-old.zip,SA-Floor-T02.png,/home/main/.local/share/oprn/pixel-art-world-downloads/archive-images/autotile-old/autotile/SA-Floor-T02.png,96,128,32a31deea040395612455d75a9a78d0d0963d1a1c405226a860832dbf0e12acb,extracted_verified,개인 로컬 수집; 소재 재배포 금지; 공개 작품에 Pixel Art World/ドット絵世界 크레딧. 조건: https://yms.main.jp/dotartworld/page1/rule.html; ZIP 중앙목록 및 전체 CRC 확인.; ZIP 내부 PNG만 별도 추출/전체 디코딩 확인. 아카이브 멤버 경로: autotile/SA-Floor-T02.png,434,200,autotile/SA-Floor-T02.png,オートタイル1（屋外用）
SA-Floor-T03.png,autotile,https://yms.main.jp/dotartworld/page3/autotiles01.html,https://yms.main.jp/dotartworld/sozai/autotile2/autotile-old.zip,SA-Floor-T03.png,/home/main/.local/share/oprn/pixel-art-world-downloads/archive-images/autotile-old/autotile/SA-Floor-T03.png,96,128,e822fd398149740720105a70f63becd3071674f1b5e3048a4ae8243455e038c4,extracted_verified,개인 로컬 수집; 소재 재배포 금지; 공개 작품에 Pixel Art World/ドット絵世界 크레딧. 조건: https://yms.main.jp/dotartworld/page1/rule.html; ZIP 중앙목록 및 전체 CRC 확인.; ZIP 내부 PNG만 별도 추출/전체 디코딩 확인. 아카이브 멤버 경로: autotile/SA-Floor-T03.png,1765,200,autotile/SA-Floor-T03.png,オートタイル1（屋外用）
SA-Floor-T04.png,autotile,https://yms.main.jp/dotartworld/page3/autotiles01.html,https://yms.main.jp/dotartworld/sozai/autotile2/autotile-old.zip,SA-Floor-T04.png,/home/main/.local/share/oprn/pixel-art-world-downloads/archive-images/autotile-old/autotile/SA-Floor-T04.png,96,128,36e7379aac03b503961f8f20147f9d782429e371121a0f09b1b0bac084d9a07c,extracted_verified,개인 로컬 수집; 소재 재배포 금지; 공개 작품에 Pixel Art World/ドット絵世界 크레딧. 조건: https://yms.main.jp/dotartworld/page1/rule.html; ZIP 중앙목록 및 전체 CRC 확인.; ZIP 내부 PNG만 별도 추출/전체 디코딩 확인. 아카이브 멤버 경로: autotile/SA-Floor-T04.png,790,200,autotile/SA-Floor-T04.png,オートタイル1（屋外用）
SA-Floor-T05.png,autotile,https://yms.main.jp/dotartworld/page3/autotiles01.html,https://yms.main.jp/dotartworld/sozai/autotile2/autotile-old.zip,SA-Floor-T05.png,/home/main/.local/share/oprn/pixel-art-world-downloads/archive-images/autotile-old/autotile/SA-Floor-T05.png,96,128,733c83ec3c6df090ee678105b070d8f3c8ac8625abbffc8dccdfef5c94c0f610,extracted_verified,개인 로컬 수집; 소재 재배포 금지; 공개 작품에 Pixel Art World/ドット絵世界 크레딧. 조건: https://yms.main.jp/dotartworld/page1/rule.html; ZIP 중앙목록 및 전체 CRC 확인.; ZIP 내부 PNG만 별도 추출/전체 디코딩 확인. 아카이브 멤버 경로: autotile/SA-Floor-T05.png,794,200,autotile/SA-Floor-T05.png,オートタイル1（屋外用）
SA-Flower01.png,autotile,https://yms.main.jp/dotartworld/page3/autotiles01.html,https://yms.main.jp/dotartworld/sozai/autotile2/autotile-old.zip,SA-Flower01.png,/home/main/.local/share/oprn/pixel-art-world-downloads/archive-images/autotile-old/autotile/SA-Flower01.png,96,128,c565d31eb35a054e9475ab7cf9ee4652fe2dff4f7fabb780206fb391f7049d83,extracted_verified,개인 로컬 수집; 소재 재배포 금지; 공개 작품에 Pixel Art World/ドット絵世界 크레딧. 조건: https://yms.main.jp/dotartworld/page1/rule.html; ZIP 중앙목록 및 전체 CRC 확인.; ZIP 내부 PNG만 별도 추출/전체 디코딩 확인. 아카이브 멤버 경로: autotile/SA-Flower01.png,1938,200,autotile/SA-Flower01.png,オートタイル1（屋外用）
SA-Fur01.png,autotile,https://yms.main.jp/dotartworld/page3/autotiles01.html,https://yms.main.jp/dotartworld/sozai/autotile2/autotile-old.zip,SA-Fur01.png,/home/main/.local/share/oprn/pixel-art-world-downloads/archive-images/autotile-old/autotile/SA-Fur01.png,96,128,89dd227bcf22f5e1f8b977df357a3790890ab9cb1923821d4e6e198c7f9b8e56,extracted_verified,개인 로컬 수집; 소재 재배포 금지; 공개 작품에 Pixel Art World/ドット絵世界 크레딧. 조건: https://yms.main.jp/dotartworld/page1/rule.html; ZIP 중앙목록 및 전체 CRC 확인.; ZIP 내부 PNG만 별도 추출/전체 디코딩 확인. 아카이브 멤버 경로: autotile/SA-Fur01.png,4183,200,autotile/SA-Fur01.png,オートタイル1（屋外用）
SA-Fur02.png,autotile,https://yms.main.jp/dotartworld/page3/autotiles01.html,https://yms.main.jp/dotartworld/sozai/autotile2/autotile-old.zip,SA-Fur02.png,/home/main/.local/share/oprn/pixel-art-world-downloads/archive-images/autotile-old/autotile/SA-Fur02.png,96,128,8f022a51968f24140fc0c7dd107583aa48760837fff37d52426a0a7b71ba1d42,extracted_verified,개인 로컬 수집; 소재 재배포 금지; 공개 작품에 Pixel Art World/ドット絵世界 크레딧. 조건: https://yms.main.jp/dotartworld/page1/rule.html; ZIP 중앙목록 및 전체 CRC 확인.; ZIP 내부 PNG만 별도 추출/전체 디코딩 확인. 아카이브 멤버 경로: autotile/SA-Fur02.png,4405,200,autotile/SA-Fur02.png,オートタイル1（屋外用）
SA-Fur03.png,autotile,https://yms.main.jp/dotartworld/page3/autotiles01.html,https://yms.main.jp/dotartworld/sozai/autotile2/autotile-old.zip,SA-Fur03.png,/home/main/.local/share/oprn/pixel-art-world-downloads/archive-images/autotile-old/autotile/SA-Fur03.png,96,128,d64cf199977c60817a78c4699640f182fa631ce4c519067bb4188c96a0a229d2,extracted_verified,개인 로컬 수집; 소재 재배포 금지; 공개 작품에 Pixel Art World/ドット絵世界 크레딧. 조건: https://yms.main.jp/dotartworld/page1/rule.html; ZIP 중앙목록 및 전체 CRC 확인.; ZIP 내부 PNG만 별도 추출/전체 디코딩 확인. 아카이브 멤버 경로: autotile/SA-Fur03.png,2054,200,autotile/SA-Fur03.png,オートタイル1（屋外用）
SA-Grass01.png,autotile,https://yms.main.jp/dotartworld/page3/autotiles01.html,https://yms.main.jp/dotartworld/sozai/autotile2/autotile-old.zip,SA-Grass01.png,/home/main/.local/share/oprn/pixel-art-world-downloads/archive-images/autotile-old/autotile/SA-Grass01.png,96,128,8eff2ed1baa524aa46a1b372fe0eaefd3740455e538d0d6e44765b4e8a03bf0d,extracted_verified,개인 로컬 수집; 소재 재배포 금지; 공개 작품에 Pixel Art World/ドット絵世界 크레딧. 조건: https://yms.main.jp/dotartworld/page1/rule.html; ZIP 중앙목록 및 전체 CRC 확인.; ZIP 내부 PNG만 별도 추출/전체 디코딩 확인. 아카이브 멤버 경로: autotile/SA-Grass01.png,2037,200,autotile/SA-Grass01.png,オートタイル1（屋外用）
SA-Grass02.png,autotile,https://yms.main.jp/dotartworld/page3/autotiles01.html,https://yms.main.jp/dotartworld/sozai/autotile2/autotile-old.zip,SA-Grass02.png,/home/main/.local/share/oprn/pixel-art-world-downloads/archive-images/autotile-old/autotile/SA-Grass02.png,96,128,5dec60e40483cf40e0eaef4b4efa40ff1f794be4f5c5d9536a543cc5936d5e7e,extracted_verified,개인 로컬 수집; 소재 재배포 금지; 공개 작품에 Pixel Art World/ドット絵世界 크레딧. 조건: https://yms.main.jp/dotartworld/page1/rule.html; ZIP 중앙목록 및 전체 CRC 확인.; ZIP 내부 PNG만 별도 추출/전체 디코딩 확인. 아카이브 멤버 경로: autotile/SA-Grass02.png,1668,200,autotile/SA-Grass02.png,オートタイル1（屋外用）
SA-Grass03.png,autotile,https://yms.main.jp/dotartworld/page3/autotiles01.html,https://yms.main.jp/dotartworld/sozai/autotile2/autotile-old.zip,SA-Grass03.png,/home/main/.local/share/oprn/pixel-art-world-downloads/archive-images/autotile-old/autotile/SA-Grass03.png,96,128,8e2cce412c83089ff581b5f26f91026a83f44785422043cc5a5f74cdcd9ed1d9,extracted_verified,개인 로컬 수집; 소재 재배포 금지; 공개 작품에 Pixel Art World/ドット絵世界 크레딧. 조건: https://yms.main.jp/dotartworld/page1/rule.html; ZIP 중앙목록 및 전체 CRC 확인.; ZIP 내부 PNG만 별도 추출/전체 디코딩 확인. 아카이브 멤버 경로: autotile/SA-Grass03.png,683,200,autotile/SA-Grass03.png,オートタイル1（屋外用）
SA-Grass04.png,autotile,https://yms.main.jp/dotartworld/page3/autotiles01.html,https://yms.main.jp/dotartworld/sozai/autotile2/autotile-old.zip,SA-Grass04.png,/home/main/.local/share/oprn/pixel-art-world-downloads/archive-images/autotile-old/autotile/SA-Grass04.png,96,128,1d4dac9b43c4f0f3b43f4bcaef596b90f18187fe705a31a9e7729b4107d8c6d0,extracted_verified,개인 로컬 수집; 소재 재배포 금지; 공개 작품에 Pixel Art World/ドット絵世界 크레딧. 조건: https://yms.main.jp/dotartworld/page1/rule.html; ZIP 중앙목록 및 전체 CRC 확인.; ZIP 내부 PNG만 별도 추출/전체 디코딩 확인. 아카이브 멤버 경로: autotile/SA-Grass04.png,2037,200,autotile/SA-Grass04.png,オートタイル1（屋外用）
SA-Grass05.png,autotile,https://yms.main.jp/dotartworld/page3/autotiles01.html,https://yms.main.jp/dotartworld/sozai/autotile2/autotile-old.zip,SA-Grass05.png,/home/main/.local/share/oprn/pixel-art-world-downloads/archive-images/autotile-old/autotile/SA-Grass05.png,96,128,67f03736937a4771f635b1c6e7671c18bf4652181a0e7dbcbc4bdf95c3c105d6,extracted_verified,개인 로컬 수집; 소재 재배포 금지; 공개 작품에 Pixel Art World/ドット絵世界 크레딧. 조건: https://yms.main.jp/dotartworld/page1/rule.html; ZIP 중앙목록 및 전체 CRC 확인.; ZIP 내부 PNG만 별도 추출/전체 디코딩 확인. 아카이브 멤버 경로: autotile/SA-Grass05.png,1661,200,autotile/SA-Grass05.png,オートタイル1（屋外用）
SA-Grass06.png,autotile,https://yms.main.jp/dotartworld/page3/autotiles01.html,https://yms.main.jp/dotartworld/sozai/autotile2/autotile-old.zip,SA-Grass06.png,/home/main/.local/share/oprn/pixel-art-world-downloads/archive-images/autotile-old/autotile/SA-Grass06.png,96,128,5a51842fde6a0e4d210a1a1e431a510f8e199ee617c62864037831a3c61559dd,extracted_verified,개인 로컬 수집; 소재 재배포 금지; 공개 작품에 Pixel Art World/ドット絵世界 크레딧. 조건: https://yms.main.jp/dotartworld/page1/rule.html; ZIP 중앙목록 및 전체 CRC 확인.; ZIP 내부 PNG만 별도 추출/전체 디코딩 확인. 아카이브 멤버 경로: autotile/SA-Grass06.png,683,200,autotile/SA-Grass06.png,オートタイル1（屋外用）
SA-Grass07.png,autotile,https://yms.main.jp/dotartworld/page3/autotiles01.html,https://yms.main.jp/dotartworld/sozai/autotile2/autotile-old.zip,SA-Grass07.png,/home/main/.local/share/oprn/pixel-art-world-downloads/archive-images/autotile-old/autotile/SA-Grass07.png,96,128,209143825e33d01242b78e2c6f48ce158977b3b6d61cf1ed78cd4e9f1254a3df,extracted_verified,개인 로컬 수집; 소재 재배포 금지; 공개 작품에 Pixel Art World/ドット絵世界 크레딧. 조건: https://yms.main.jp/dotartworld/page1/rule.html; ZIP 중앙목록 및 전체 CRC 확인.; ZIP 내부 PNG만 별도 추출/전체 디코딩 확인. 아카이브 멤버 경로: autotile/SA-Grass07.png,2960,200,autotile/SA-Grass07.png,オートタイル1（屋外用）
SA-Grass08.png,autotile,https://yms.main.jp/dotartworld/page3/autotiles01.html,https://yms.main.jp/dotartworld/sozai/autotile2/autotile-old.zip,SA-Grass08.png,/home/main/.local/share/oprn/pixel-art-world-downloads/archive-images/autotile-old/autotile/SA-Grass08.png,96,128,018ba6018e8eb34652160911acbf308a20a3fb3f2210993e9fb5ce1931089bfd,extracted_verified,개인 로컬 수집; 소재 재배포 금지; 공개 작품에 Pixel Art World/ドット絵世界 크레딧. 조건: https://yms.main.jp/dotartworld/page1/rule.html; ZIP 중앙목록 및 전체 CRC 확인.; ZIP 내부 PNG만 별도 추출/전체 디코딩 확인. 아카이브 멤버 경로: autotile/SA-Grass08.png,2848,200,autotile/SA-Grass08.png,オートタイル1（屋外用）
SA-Grass09.png,autotile,https://yms.main.jp/dotartworld/page3/autotiles01.html,https://yms.main.jp/dotartworld/sozai/autotile2/autotile-old.zip,SA-Grass09.png,/home/main/.local/share/oprn/pixel-art-world-downloads/archive-images/autotile-old/autotile/SA-Grass09.png,96,128,e917b6a400eb848b0fe9991cdb24755d19c5cc4f7f39f53407a79b1c36dc9c4a,extracted_verified,개인 로컬 수집; 소재 재배포 금지; 공개 작품에 Pixel Art World/ドット絵世界 크레딧. 조건: https://yms.main.jp/dotartworld/page1/rule.html; ZIP 중앙목록 및 전체 CRC 확인.; ZIP 내부 PNG만 별도 추출/전체 디코딩 확인. 아카이브 멤버 경로: autotile/SA-Grass09.png,2060,200,autotile/SA-Grass09.png,オートタイル1（屋外用）
SA-Grass10.png,autotile,https://yms.main.jp/dotartworld/page3/autotiles01.html,https://yms.main.jp/dotartworld/sozai/autotile2/autotile-old.zip,SA-Grass10.png,/home/main/.local/share/oprn/pixel-art-world-downloads/archive-images/autotile-old/autotile/SA-Grass10.png,96,128,87477d62fcc1caa161687cd75fc20800fa6b485d1d033d1fd272ba02a661de50,extracted_verified,개인 로컬 수집; 소재 재배포 금지; 공개 작품에 Pixel Art World/ドット絵世界 크레딧. 조건: https://yms.main.jp/dotartworld/page1/rule.html; ZIP 중앙목록 및 전체 CRC 확인.; ZIP 내부 PNG만 별도 추출/전체 디코딩 확인. 아카이브 멤버 경로: autotile/SA-Grass10.png,3023,200,autotile/SA-Grass10.png,オートタイル1（屋外用）
SA-Grass11.png,autotile,https://yms.main.jp/dotartworld/page3/autotiles01.html,https://yms.main.jp/dotartworld/sozai/autotile2/autotile-old.zip,SA-Grass11.png,/home/main/.local/share/oprn/pixel-art-world-downloads/archive-images/autotile-old/autotile/SA-Grass11.png,96,128,d12275b3478b53eb2659336b768f02b97f239aef3ee2af90626366d1cfdd21c1,extracted_verified,개인 로컬 수집; 소재 재배포 금지; 공개 작품에 Pixel Art World/ドット絵世界 크레딧. 조건: https://yms.main.jp/dotartworld/page1/rule.html; ZIP 중앙목록 및 전체 CRC 확인.; ZIP 내부 PNG만 별도 추출/전체 디코딩 확인. 아카이브 멤버 경로: autotile/SA-Grass11.png,2964,200,autotile/SA-Grass11.png,オートタイル1（屋外用）
SA-Grass12.png,autotile,https://yms.main.jp/dotartworld/page3/autotiles01.html,https://yms.main.jp/dotartworld/sozai/autotile2/autotile-old.zip,SA-Grass12.png,/home/main/.local/share/oprn/pixel-art-world-downloads/archive-images/autotile-old/autotile/SA-Grass12.png,96,128,5319698f62b45d2225389df799b3b0bb082aecb8a48abc4181b6ecc6fb4be6a4,extracted_verified,개인 로컬 수집; 소재 재배포 금지; 공개 작품에 Pixel Art World/ドット絵世界 크레딧. 조건: https://yms.main.jp/dotartworld/page1/rule.html; ZIP 중앙목록 및 전체 CRC 확인.; ZIP 내부 PNG만 별도 추출/전체 디코딩 확인. 아카이브 멤버 경로: autotile/SA-Grass12.png,2122,200,autotile/SA-Grass12.png,オートタイル1（屋外用）
SA-Ground-St01.png,autotile,https://yms.main.jp/dotartworld/page3/autotiles01.html,https://yms.main.jp/dotartworld/sozai/autotile2/autotile-old.zip,SA-Ground-St01.png,/home/main/.local/share/oprn/pixel-art-world-downloads/archive-images/autotile-old/autotile/SA-Ground-St01.png,96,128,3c58bf2cbb8b3574221c3f905fec06d51b56d9b77c1a97ec1d98bb773212a78d,extracted_verified,개인 로컬 수집; 소재 재배포 금지; 공개 작품에 Pixel Art World/ドット絵世界 크레딧. 조건: https://yms.main.jp/dotartworld/page1/rule.html; ZIP 중앙목록 및 전체 CRC 확인.; ZIP 내부 PNG만 별도 추출/전체 디코딩 확인. 아카이브 멤버 경로: autotile/SA-Ground-St01.png,2569,200,autotile/SA-Ground-St01.png,オートタイル1（屋外用）
SA-Hatake01.png,autotile,https://yms.main.jp/dotartworld/page3/autotiles01.html,https://yms.main.jp/dotartworld/sozai/autotile2/autotile-old.zip,SA-Hatake01.png,/home/main/.local/share/oprn/pixel-art-world-downloads/archive-images/autotile-old/autotile/SA-Hatake01.png,96,128,601dffba47c08dba8a830022c311ca737ffa7342125e73cc3b35ffc0dab0cf37,extracted_verified,개인 로컬 수집; 소재 재배포 금지; 공개 작품에 Pixel Art World/ドット絵世界 크레딧. 조건: https://yms.main.jp/dotartworld/page1/rule.html; ZIP 중앙목록 및 전체 CRC 확인.; ZIP 내부 PNG만 별도 추출/전체 디코딩 확인. 아카이브 멤버 경로: autotile/SA-Hatake01.png,3606,200,autotile/SA-Hatake01.png,オートタイル1（屋外用）
SA-Ivy01.png,autotile,https://yms.main.jp/dotartworld/page3/autotiles01.html,https://yms.main.jp/dotartworld/sozai/autotile2/autotile-old.zip,SA-Ivy01.png,/home/main/.local/share/oprn/pixel-art-world-downloads/archive-images/autotile-old/autotile/SA-Ivy01.png,96,128,3b16a7750e783b4ad20bf73f7830ccb3096c130af967f668e03324d45ba12948,extracted_verified,개인 로컬 수집; 소재 재배포 금지; 공개 작품에 Pixel Art World/ドット絵世界 크레딧. 조건: https://yms.main.jp/dotartworld/page1/rule.html; ZIP 중앙목록 및 전체 CRC 확인.; ZIP 내부 PNG만 별도 추출/전체 디코딩 확인. 아카이브 멤버 경로: autotile/SA-Ivy01.png,1691,200,autotile/SA-Ivy01.png,オートタイル1（屋外用）
SA-Kadan01.png,autotile,https://yms.main.jp/dotartworld/page3/autotiles01.html,https://yms.main.jp/dotartworld/sozai/autotile2/autotile-old.zip,SA-Kadan01.png,/home/main/.local/share/oprn/pixel-art-world-downloads/archive-images/autotile-old/autotile/SA-Kadan01.png,96,128,bc7093707fe1b85ad1755b236531fe26b46f83f21cae463773f2668481ecfdc4,extracted_verified,개인 로컬 수집; 소재 재배포 금지; 공개 작품에 Pixel Art World/ドット絵世界 크레딧. 조건: https://yms.main.jp/dotartworld/page1/rule.html; ZIP 중앙목록 및 전체 CRC 확인.; ZIP 내부 PNG만 별도 추출/전체 디코딩 확인. 아카이브 멤버 경로: autotile/SA-Kadan01.png,2077,200,autotile/SA-Kadan01.png,オートタイル1（屋外用）
SA-Kadan02.png,autotile,https://yms.main.jp/dotartworld/page3/autotiles01.html,https://yms.main.jp/dotartworld/sozai/autotile2/autotile-old.zip,SA-Kadan02.png,/home/main/.local/share/oprn/pixel-art-world-downloads/archive-images/autotile-old/autotile/SA-Kadan02.png,96,128,528e03ec21b9e2395d7263c57649dff4eef5a075d34949bb5b4338570488f26b,extracted_verified,개인 로컬 수집; 소재 재배포 금지; 공개 작품에 Pixel Art World/ドット絵世界 크레딧. 조건: https://yms.main.jp/dotartworld/page1/rule.html; ZIP 중앙목록 및 전체 CRC 확인.; ZIP 내부 PNG만 별도 추출/전체 디코딩 확인. 아카이브 멤버 경로: autotile/SA-Kadan02.png,3195,200,autotile/SA-Kadan02.png,オートタイル1（屋外用）
SA-Kotatsu01.png,autotile,https://yms.main.jp/dotartworld/page3/autotiles01.html,https://yms.main.jp/dotartworld/sozai/autotile2/autotile-old.zip,SA-Kotatsu01.png,/home/main/.local/share/oprn/pixel-art-world-downloads/archive-images/autotile-old/autotile/SA-Kotatsu01.png,96,128,16376c2e6dff8aa51f74d43d9bc3db24c300f13586482cce9f5b866828e9dd35,extracted_verified,개인 로컬 수집; 소재 재배포 금지; 공개 작품에 Pixel Art World/ドット絵世界 크레딧. 조건: https://yms.main.jp/dotartworld/page1/rule.html; ZIP 중앙목록 및 전체 CRC 확인.; ZIP 내부 PNG만 별도 추출/전체 디코딩 확인. 아카이브 멤버 경로: autotile/SA-Kotatsu01.png,711,200,autotile/SA-Kotatsu01.png,オートタイル1（屋外用）
SA-Kotatsu02.png,autotile,https://yms.main.jp/dotartworld/page3/autotiles01.html,https://yms.main.jp/dotartworld/sozai/autotile2/autotile-old.zip,SA-Kotatsu02.png,/home/main/.local/share/oprn/pixel-art-world-downloads/archive-images/autotile-old/autotile/SA-Kotatsu02.png,96,128,64d84e0abe9969f4db1e78fd4f5f1150ad9e1a0660352186ff01b33f73a355c6,extracted_verified,개인 로컬 수집; 소재 재배포 금지; 공개 작품에 Pixel Art World/ドット絵世界 크레딧. 조건: https://yms.main.jp/dotartworld/page1/rule.html; ZIP 중앙목록 및 전체 CRC 확인.; ZIP 내부 PNG만 별도 추출/전체 디코딩 확인. 아카이브 멤버 경로: autotile/SA-Kotatsu02.png,718,200,autotile/SA-Kotatsu02.png,オートタイル1（屋外用）
SA-Kyodan01.png,autotile,https://yms.main.jp/dotartworld/page3/autotiles01.html,https://yms.main.jp/dotartworld/sozai/autotile2/autotile-old.zip,SA-Kyodan01.png,/home/main/.local/share/oprn/pixel-art-world-downloads/archive-images/autotile-old/autotile/SA-Kyodan01.png,96,128,9f2cadd502a10b79d30a2b42665f778c3c85d5e02f9633d46b1bb6348169777f,extracted_verified,개인 로컬 수집; 소재 재배포 금지; 공개 작품에 Pixel Art World/ドット絵世界 크레딧. 조건: https://yms.main.jp/dotartworld/page1/rule.html; ZIP 중앙목록 및 전체 CRC 확인.; ZIP 내부 PNG만 별도 추출/전체 디코딩 확인. 아카이브 멤버 경로: autotile/SA-Kyodan01.png,1104,200,autotile/SA-Kyodan01.png,オートタイル1（屋外用）
SA-Mapbase01.png,autotile,https://yms.main.jp/dotartworld/page3/autotiles01.html,https://yms.main.jp/dotartworld/sozai/autotile2/autotile-old.zip,SA-Mapbase01.png,/home/main/.local/share/oprn/pixel-art-world-downloads/archive-images/autotile-old/autotile/SA-Mapbase01.png,96,128,9860eadd7c36dce26e4b75cff9061281e47b0dc5f08198b2c8a8e2629485b970,extracted_verified,개인 로컬 수집; 소재 재배포 금지; 공개 작품에 Pixel Art World/ドット絵世界 크레딧. 조건: https://yms.main.jp/dotartworld/page1/rule.html; ZIP 중앙목록 및 전체 CRC 확인.; ZIP 내부 PNG만 별도 추출/전체 디코딩 확인. 아카이브 멤버 경로: autotile/SA-Mapbase01.png,512,200,autotile/SA-Mapbase01.png,オートタイル1（屋外用）
SA-Mapbase02.png,autotile,https://yms.main.jp/dotartworld/page3/autotiles01.html,https://yms.main.jp/dotartworld/sozai/autotile2/autotile-old.zip,SA-Mapbase02.png,/home/main/.local/share/oprn/pixel-art-world-downloads/archive-images/autotile-old/autotile/SA-Mapbase02.png,96,128,10ae6f8f48cf13787ef69814062a049c36ec9e869543ac96cd3ae1ade97925b5,extracted_verified,개인 로컬 수집; 소재 재배포 금지; 공개 작품에 Pixel Art World/ドット絵世界 크레딧. 조건: https://yms.main.jp/dotartworld/page1/rule.html; ZIP 중앙목록 및 전체 CRC 확인.; ZIP 내부 PNG만 별도 추출/전체 디코딩 확인. 아카이브 멤버 경로: autotile/SA-Mapbase02.png,516,200,autotile/SA-Mapbase02.png,オートタイル1（屋外用）
SA-Mapbase03.png,autotile,https://yms.main.jp/dotartworld/page3/autotiles01.html,https://yms.main.jp/dotartworld/sozai/autotile2/autotile-old.zip,SA-Mapbase03.png,/home/main/.local/share/oprn/pixel-art-world-downloads/archive-images/autotile-old/autotile/SA-Mapbase03.png,96,128,e6f257f9f8b557a930aae85f08d08dc17e9a19193bcd13822c379a851dc01e8a,extracted_verified,개인 로컬 수집; 소재 재배포 금지; 공개 작품에 Pixel Art World/ドット絵世界 크레딧. 조건: https://yms.main.jp/dotartworld/page1/rule.html; ZIP 중앙목록 및 전체 CRC 확인.; ZIP 내부 PNG만 별도 추출/전체 디코딩 확인. 아카이브 멤버 경로: autotile/SA-Mapbase03.png,516,200,autotile/SA-Mapbase03.png,オートタイル1（屋外用）
SA-MapbaseF01.png,autotile,https://yms.main.jp/dotartworld/page3/autotiles01.html,https://yms.main.jp/dotartworld/sozai/autotile2/autotile-old.zip,SA-MapbaseF01.png,/home/main/.local/share/oprn/pixel-art-world-downloads/archive-images/autotile-old/autotile/SA-MapbaseF01.png,96,128,c1c832a25c4b0d5aa172af863ee83018a607f71500f8e79f0ef2d059ae8c661c,extracted_verified,개인 로컬 수집; 소재 재배포 금지; 공개 작품에 Pixel Art World/ドット絵世界 크레딧. 조건: https://yms.main.jp/dotartworld/page1/rule.html; ZIP 중앙목록 및 전체 CRC 확인.; ZIP 내부 PNG만 별도 추출/전체 디코딩 확인. 아카이브 멤버 경로: autotile/SA-MapbaseF01.png,5834,200,autotile/SA-MapbaseF01.png,オートタイル1（屋外用）
SA-MapbaseF04.png,autotile,https://yms.main.jp/dotartworld/page3/autotiles01.html,https://yms.main.jp/dotartworld/sozai/autotile2/autotile-old.zip,SA-MapbaseF04.png,/home/main/.local/share/oprn/pixel-art-world-downloads/archive-images/autotile-old/autotile/SA-MapbaseF04.png,96,128,a705e93d99d49f6846472e2389c3fb4f9f566b8d627be3d8d183bb2a3bf9b0b8,extracted_verified,개인 로컬 수집; 소재 재배포 금지; 공개 작품에 Pixel Art World/ドット絵世界 크레딧. 조건: https://yms.main.jp/dotartworld/page1/rule.html; ZIP 중앙목록 및 전체 CRC 확인.; ZIP 내부 PNG만 별도 추출/전체 디코딩 확인. 아카이브 멤버 경로: autotile/SA-MapbaseF04.png,8385,200,autotile/SA-MapbaseF04.png,オートタイル1（屋外用）
SA-MapbaseF05.png,autotile,https://yms.main.jp/dotartworld/page3/autotiles01.html,https://yms.main.jp/dotartworld/sozai/autotile2/autotile-old.zip,SA-MapbaseF05.png,/home/main/.local/share/oprn/pixel-art-world-downloads/archive-images/autotile-old/autotile/SA-MapbaseF05.png,96,128,68c4c1715d6d8960e59f38ab2343a77fc52ae85bd44702067f2f21f0d43f1515,extracted_verified,개인 로컬 수집; 소재 재배포 금지; 공개 작품에 Pixel Art World/ドット絵世界 크레딧. 조건: https://yms.main.jp/dotartworld/page1/rule.html; ZIP 중앙목록 및 전체 CRC 확인.; ZIP 내부 PNG만 별도 추출/전체 디코딩 확인. 아카이브 멤버 경로: autotile/SA-MapbaseF05.png,6648,200,autotile/SA-MapbaseF05.png,オートタイル1（屋外用）
SA-MapbaseF06.png,autotile,https://yms.main.jp/dotartworld/page3/autotiles01.html,https://yms.main.jp/dotartworld/sozai/autotile2/autotile-old.zip,SA-MapbaseF06.png,/home/main/.local/share/oprn/pixel-art-world-downloads/archive-images/autotile-old/autotile/SA-MapbaseF06.png,96,128,cf816f5bcd08f59d670437d22486b3362fdd29e8b3c398c4cd54072aeb3d234c,extracted_verified,개인 로컬 수집; 소재 재배포 금지; 공개 작품에 Pixel Art World/ドット絵世界 크레딧. 조건: https://yms.main.jp/dotartworld/page1/rule.html; ZIP 중앙목록 및 전체 CRC 확인.; ZIP 내부 PNG만 별도 추출/전체 디코딩 확인. 아카이브 멤버 경로: autotile/SA-MapbaseF06.png,3813,200,autotile/SA-MapbaseF06.png,オートタイル1（屋外用）
SA-Map-Mountain01.png,autotile,https://yms.main.jp/dotartworld/page3/autotiles01.html,https://yms.main.jp/dotartworld/sozai/autotile2/autotile-old.zip,SA-Map-Mountain01.png,/home/main/.local/share/oprn/pixel-art-world-downloads/archive-images/autotile-old/autotile/SA-Map-Mountain01.png,96,128,9820af8eb8a4a9f8fa57dee301cea6e5e75d1b0f8b9b002c19da06ce083c8b7a,extracted_verified,개인 로컬 수집; 소재 재배포 금지; 공개 작품에 Pixel Art World/ドット絵世界 크레딧. 조건: https://yms.main.jp/dotartworld/page1/rule.html; ZIP 중앙목록 및 전체 CRC 확인.; ZIP 내부 PNG만 별도 추출/전체 디코딩 확인. 아카이브 멤버 경로: autotile/SA-Map-Mountain01.png,755,200,autotile/SA-Map-Mountain01.png,オートタイル1（屋外用）
SA-Map-Mountain02.png,autotile,https://yms.main.jp/dotartworld/page3/autotiles01.html,https://yms.main.jp/dotartworld/sozai/autotile2/autotile-old.zip,SA-Map-Mountain02.png,/home/main/.local/share/oprn/pixel-art-world-downloads/archive-images/autotile-old/autotile/SA-Map-Mountain02.png,96,128,89b9e1fdb083f31ae3251d602e72521c8192476e8b1af266765f867194c59459,extracted_verified,개인 로컬 수집; 소재 재배포 금지; 공개 작품에 Pixel Art World/ドット絵世界 크레딧. 조건: https://yms.main.jp/dotartworld/page1/rule.html; ZIP 중앙목록 및 전체 CRC 확인.; ZIP 내부 PNG만 별도 추출/전체 디코딩 확인. 아카이브 멤버 경로: autotile/SA-Map-Mountain02.png,823,200,autotile/SA-Map-Mountain02.png,オートタイル1（屋外用）
SA-Map-Mountain03.png,autotile,https://yms.main.jp/dotartworld/page3/autotiles01.html,https://yms.main.jp/dotartworld/sozai/autotile2/autotile-old.zip,SA-Map-Mountain03.png,/home/main/.local/share/oprn/pixel-art-world-downloads/archive-images/autotile-old/autotile/SA-Map-Mountain03.png,96,128,1882eac2f2153966a0ce8f58874b308029095eb72dfc98f637b3f27efc06c55a,extracted_verified,개인 로컬 수집; 소재 재배포 금지; 공개 작품에 Pixel Art World/ドット絵世界 크레딧. 조건: https://yms.main.jp/dotartworld/page1/rule.html; ZIP 중앙목록 및 전체 CRC 확인.; ZIP 내부 PNG만 별도 추출/전체 디코딩 확인. 아카이브 멤버 경로: autotile/SA-Map-Mountain03.png,745,200,autotile/SA-Map-Mountain03.png,オートタイル1（屋外用）
SA-Map-Mountain04.png,autotile,https://yms.main.jp/dotartworld/page3/autotiles01.html,https://yms.main.jp/dotartworld/sozai/autotile2/autotile-old.zip,SA-Map-Mountain04.png,/home/main/.local/share/oprn/pixel-art-world-downloads/archive-images/autotile-old/autotile/SA-Map-Mountain04.png,96,128,0ffc339a7a7fa8a2ca9695caf3c982b11fde7ca8b92322aebc0e0e577a7bdb40,extracted_verified,개인 로컬 수집; 소재 재배포 금지; 공개 작품에 Pixel Art World/ドット絵世界 크레딧. 조건: https://yms.main.jp/dotartworld/page1/rule.html; ZIP 중앙목록 및 전체 CRC 확인.; ZIP 내부 PNG만 별도 추출/전체 디코딩 확인. 아카이브 멤버 경로: autotile/SA-Map-Mountain04.png,942,200,autotile/SA-Map-Mountain04.png,オートタイル1（屋外用）
SA-Map-Mountain05.png,autotile,https://yms.main.jp/dotartworld/page3/autotiles01.html,https://yms.main.jp/dotartworld/sozai/autotile2/autotile-old.zip,SA-Map-Mountain05.png,/home/main/.local/share/oprn/pixel-art-world-downloads/archive-images/autotile-old/autotile/SA-Map-Mountain05.png,96,128,25224cf3733f5aae1e17e5b66736e9179e0f239634b2024fcd04605321e85de2,extracted_verified,개인 로컬 수집; 소재 재배포 금지; 공개 작품에 Pixel Art World/ドット絵世界 크레딧. 조건: https://yms.main.jp/dotartworld/page1/rule.html; ZIP 중앙목록 및 전체 CRC 확인.; ZIP 내부 PNG만 별도 추출/전체 디코딩 확인. 아카이브 멤버 경로: autotile/SA-Map-Mountain05.png,1001,200,autotile/SA-Map-Mountain05.png,オートタイル1（屋外用）
SA-Map-Tree01.png,autotile,https://yms.main.jp/dotartworld/page3/autotiles01.html,https://yms.main.jp/dotartworld/sozai/autotile2/autotile-old.zip,SA-Map-Tree01.png,/home/main/.local/share/oprn/pixel-art-world-downloads/archive-images/autotile-old/autotile/SA-Map-Tree01.png,96,128,05d568499a6e8acbec64535cbd1c84f76f05fa0fea2eb705e4bab28b53c2f890,extracted_verified,개인 로컬 수집; 소재 재배포 금지; 공개 작품에 Pixel Art World/ドット絵世界 크레딧. 조건: https://yms.main.jp/dotartworld/page1/rule.html; ZIP 중앙목록 및 전체 CRC 확인.; ZIP 내부 PNG만 별도 추출/전체 디코딩 확인. 아카이브 멤버 경로: autotile/SA-Map-Tree01.png,1007,200,autotile/SA-Map-Tree01.png,オートタイル1（屋外用）
SA-Map-Tree02.png,autotile,https://yms.main.jp/dotartworld/page3/autotiles01.html,https://yms.main.jp/dotartworld/sozai/autotile2/autotile-old.zip,SA-Map-Tree02.png,/home/main/.local/share/oprn/pixel-art-world-downloads/archive-images/autotile-old/autotile/SA-Map-Tree02.png,96,128,306416724ddac4914e51d2ccc465e5883fc077fa6a33d04a9d2007bd9508e40b,extracted_verified,개인 로컬 수집; 소재 재배포 금지; 공개 작품에 Pixel Art World/ドット絵世界 크레딧. 조건: https://yms.main.jp/dotartworld/page1/rule.html; ZIP 중앙목록 및 전체 CRC 확인.; ZIP 내부 PNG만 별도 추출/전체 디코딩 확인. 아카이브 멤버 경로: autotile/SA-Map-Tree02.png,982,200,autotile/SA-Map-Tree02.png,オートタイル1（屋外用）
SA-Map-water01.png,autotile,https://yms.main.jp/dotartworld/page3/autotiles01.html,https://yms.main.jp/dotartworld/sozai/autotile2/autotile-old.zip,SA-Map-water01.png,/home/main/.local/share/oprn/pixel-art-world-downloads/archive-images/autotile-old/autotile/SA-Map-water01.png,96,128,a4154232e612261b8019c03a400c488f0759119adbdab730e76d296ccabd3da7,extracted_verified,개인 로컬 수집; 소재 재배포 금지; 공개 작품에 Pixel Art World/ドット絵世界 크레딧. 조건: https://yms.main.jp/dotartworld/page1/rule.html; ZIP 중앙목록 및 전체 CRC 확인.; ZIP 내부 PNG만 별도 추출/전체 디코딩 확인. 아카이브 멤버 경로: autotile/SA-Map-water01.png,417,200,autotile/SA-Map-water01.png,オートタイル1（屋外用）
SA-Mat01.png,autotile,https://yms.main.jp/dotartworld/page3/autotiles01.html,https://yms.main.jp/dotartworld/sozai/autotile2/autotile-old.zip,SA-Mat01.png,/home/main/.local/share/oprn/pixel-art-world-downloads/archive-images/autotile-old/autotile/SA-Mat01.png,96,128,a322f549ff6b35b11532a1da51a13a51dd79ebd110a3f6af116e00e7e6893683,extracted_verified,개인 로컬 수집; 소재 재배포 금지; 공개 작품에 Pixel Art World/ドット絵世界 크레딧. 조건: https://yms.main.jp/dotartworld/page1/rule.html; ZIP 중앙목록 및 전체 CRC 확인.; ZIP 내부 PNG만 별도 추출/전체 디코딩 확인. 아카이브 멤버 경로: autotile/SA-Mat01.png,375,200,autotile/SA-Mat01.png,オートタイル1（屋外用）
SA-Moss01.png,autotile,https://yms.main.jp/dotartworld/page3/autotiles01.html,https://yms.main.jp/dotartworld/sozai/autotile2/autotile-old.zip,SA-Moss01.png,/home/main/.local/share/oprn/pixel-art-world-downloads/archive-images/autotile-old/autotile/SA-Moss01.png,96,128,e51438a218c382b953767b5e0b7c295f6ec608cd0145a898e0388c4200ab1310,extracted_verified,개인 로컬 수집; 소재 재배포 금지; 공개 작품에 Pixel Art World/ドット絵世界 크레딧. 조건: https://yms.main.jp/dotartworld/page1/rule.html; ZIP 중앙목록 및 전체 CRC 확인.; ZIP 내부 PNG만 별도 추출/전체 디코딩 확인. 아카이브 멤버 경로: autotile/SA-Moss01.png,2519,200,autotile/SA-Moss01.png,オートタイル1（屋外用）
SA-Moss02.png,autotile,https://yms.main.jp/dotartworld/page3/autotiles01.html,https://yms.main.jp/dotartworld/sozai/autotile2/autotile-old.zip,SA-Moss02.png,/home/main/.local/share/oprn/pixel-art-world-downloads/archive-images/autotile-old/autotile/SA-Moss02.png,96,128,719bff1b200eb557a49bcfa4c96d36728b42ece5c3643b90c8e8ec8b5e13e1db,extracted_verified,개인 로컬 수집; 소재 재배포 금지; 공개 작품에 Pixel Art World/ドット絵世界 크레딧. 조건: https://yms.main.jp/dotartworld/page1/rule.html; ZIP 중앙목록 및 전체 CRC 확인.; ZIP 내부 PNG만 별도 추출/전체 디코딩 확인. 아카이브 멤버 경로: autotile/SA-Moss02.png,3086,200,autotile/SA-Moss02.png,オートタイル1（屋外用）
SA-Mpbase01.png,autotile,https://yms.main.jp/dotartworld/page3/autotiles01.html,https://yms.main.jp/dotartworld/sozai/autotile2/autotile-old.zip,SA-Mpbase01.png,/home/main/.local/share/oprn/pixel-art-world-downloads/archive-images/autotile-old/autotile/SA-Mpbase01.png,96,128,9860eadd7c36dce26e4b75cff9061281e47b0dc5f08198b2c8a8e2629485b970,extracted_verified,개인 로컬 수집; 소재 재배포 금지; 공개 작품에 Pixel Art World/ドット絵世界 크레딧. 조건: https://yms.main.jp/dotartworld/page1/rule.html; ZIP 중앙목록 및 전체 CRC 확인.; ZIP 내부 PNG만 별도 추출/전체 디코딩 확인. 아카이브 멤버 경로: autotile/SA-Mpbase01.png,512,200,autotile/SA-Mpbase01.png,オートタイル1（屋外用）
SA-Mpbase02.png,autotile,https://yms.main.jp/dotartworld/page3/autotiles01.html,https://yms.main.jp/dotartworld/sozai/autotile2/autotile-old.zip,SA-Mpbase02.png,/home/main/.local/share/oprn/pixel-art-world-downloads/archive-images/autotile-old/autotile/SA-Mpbase02.png,96,128,10ae6f8f48cf13787ef69814062a049c36ec9e869543ac96cd3ae1ade97925b5,extracted_verified,개인 로컬 수집; 소재 재배포 금지; 공개 작품에 Pixel Art World/ドット絵世界 크레딧. 조건: https://yms.main.jp/dotartworld/page1/rule.html; ZIP 중앙목록 및 전체 CRC 확인.; ZIP 내부 PNG만 별도 추출/전체 디코딩 확인. 아카이브 멤버 경로: autotile/SA-Mpbase02.png,516,200,autotile/SA-Mpbase02.png,オートタイル1（屋外用）
SA-Mpbase03.png,autotile,https://yms.main.jp/dotartworld/page3/autotiles01.html,https://yms.main.jp/dotartworld/sozai/autotile2/autotile-old.zip,SA-Mpbase03.png,/home/main/.local/share/oprn/pixel-art-world-downloads/archive-images/autotile-old/autotile/SA-Mpbase03.png,96,128,e6f257f9f8b557a930aae85f08d08dc17e9a19193bcd13822c379a851dc01e8a,extracted_verified,개인 로컬 수집; 소재 재배포 금지; 공개 작품에 Pixel Art World/ドット絵世界 크레딧. 조건: https://yms.main.jp/dotartworld/page1/rule.html; ZIP 중앙목록 및 전체 CRC 확인.; ZIP 내부 PNG만 별도 추출/전체 디코딩 확인. 아카이브 멤버 경로: autotile/SA-Mpbase03.png,516,200,autotile/SA-Mpbase03.png,オートタイル1（屋外用）
SA-MpbaseFW01.png,autotile,https://yms.main.jp/dotartworld/page3/autotiles01.html,https://yms.main.jp/dotartworld/sozai/autotile2/autotile-old.zip,SA-MpbaseFW01.png,/home/main/.local/share/oprn/pixel-art-world-downloads/archive-images/autotile-old/autotile/SA-MpbaseFW01.png,96,128,88a93f43911018463dce508e3ad7a31f455aeb21cc8480a28eacf885dbdf2bb1,extracted_verified,개인 로컬 수집; 소재 재배포 금지; 공개 작품에 Pixel Art World/ドット絵世界 크레딧. 조건: https://yms.main.jp/dotartworld/page1/rule.html; ZIP 중앙목록 및 전체 CRC 확인.; ZIP 내부 PNG만 별도 추출/전체 디코딩 확인. 아카이브 멤버 경로: autotile/SA-MpbaseFW01.png,5362,200,autotile/SA-MpbaseFW01.png,オートタイル1（屋外用）
SA-MpbaseFW02.png,autotile,https://yms.main.jp/dotartworld/page3/autotiles01.html,https://yms.main.jp/dotartworld/sozai/autotile2/autotile-old.zip,SA-MpbaseFW02.png,/home/main/.local/share/oprn/pixel-art-world-downloads/archive-images/autotile-old/autotile/SA-MpbaseFW02.png,96,128,208137f91f9c4b529445a4295096dcc6d52be6a421ad4b6205118d1193e044eb,extracted_verified,개인 로컬 수집; 소재 재배포 금지; 공개 작품에 Pixel Art World/ドット絵世界 크레딧. 조건: https://yms.main.jp/dotartworld/page1/rule.html; ZIP 중앙목록 및 전체 CRC 확인.; ZIP 내부 PNG만 별도 추출/전체 디코딩 확인. 아카이브 멤버 경로: autotile/SA-MpbaseFW02.png,7972,200,autotile/SA-MpbaseFW02.png,オートタイル1（屋外用）
SA-Mpbase-FW03.png,autotile,https://yms.main.jp/dotartworld/page3/autotiles01.html,https://yms.main.jp/dotartworld/sozai/autotile2/autotile-old.zip,SA-Mpbase-FW03.png,/home/main/.local/share/oprn/pixel-art-world-downloads/archive-images/autotile-old/autotile/SA-Mpbase-FW03.png,96,128,9d1c5db97e40a4891169b67106d455da5c6494ce21ff6063a3e93f1e45fe7f20,extracted_verified,개인 로컬 수집; 소재 재배포 금지; 공개 작품에 Pixel Art World/ドット絵世界 크레딧. 조건: https://yms.main.jp/dotartworld/page1/rule.html; ZIP 중앙목록 및 전체 CRC 확인.; ZIP 내부 PNG만 별도 추출/전체 디코딩 확인. 아카이브 멤버 경로: autotile/SA-Mpbase-FW03.png,2874,200,autotile/SA-Mpbase-FW03.png,オートタイル1（屋外用）
SA-Mpbase-W01.png,autotile,https://yms.main.jp/dotartworld/page3/autotiles01.html,https://yms.main.jp/dotartworld/sozai/autotile2/autotile-old.zip,SA-Mpbase-W01.png,/home/main/.local/share/oprn/pixel-art-world-downloads/archive-images/autotile-old/autotile/SA-Mpbase-W01.png,96,128,a4154232e612261b8019c03a400c488f0759119adbdab730e76d296ccabd3da7,extracted_verified,개인 로컬 수집; 소재 재배포 금지; 공개 작품에 Pixel Art World/ドット絵世界 크레딧. 조건: https://yms.main.jp/dotartworld/page1/rule.html; ZIP 중앙목록 및 전체 CRC 확인.; ZIP 내부 PNG만 별도 추출/전체 디코딩 확인. 아카이브 멤버 경로: autotile/SA-Mpbase-W01.png,417,200,autotile/SA-Mpbase-W01.png,オートタイル1（屋外用）
SA-Mpbase-W02.png,autotile,https://yms.main.jp/dotartworld/page3/autotiles01.html,https://yms.main.jp/dotartworld/sozai/autotile2/autotile-old.zip,SA-Mpbase-W02.png,/home/main/.local/share/oprn/pixel-art-world-downloads/archive-images/autotile-old/autotile/SA-Mpbase-W02.png,96,128,bb1e191470132c51d18d76e5947a0b79f88e997a121b7217ee738dc72e919b6f,extracted_verified,개인 로컬 수집; 소재 재배포 금지; 공개 작품에 Pixel Art World/ドット絵世界 크레딧. 조건: https://yms.main.jp/dotartworld/page1/rule.html; ZIP 중앙목록 및 전체 CRC 확인.; ZIP 내부 PNG만 별도 추출/전체 디코딩 확인. 아카이브 멤버 경로: autotile/SA-Mpbase-W02.png,658,200,autotile/SA-Mpbase-W02.png,オートタイル1（屋外用）
SA-Pool01.png,autotile,https://yms.main.jp/dotartworld/page3/autotiles01.html,https://yms.main.jp/dotartworld/sozai/autotile2/autotile-old.zip,SA-Pool01.png,/home/main/.local/share/oprn/pixel-art-world-downloads/archive-images/autotile-old/autotile/SA-Pool01.png,96,128,c5d667991f48e48c9ec3ac09ae4e072370e0d6358cc2f10452c4b8c3f9b16b17,extracted_verified,개인 로컬 수집; 소재 재배포 금지; 공개 작품에 Pixel Art World/ドット絵世界 크레딧. 조건: https://yms.main.jp/dotartworld/page1/rule.html; ZIP 중앙목록 및 전체 CRC 확인.; ZIP 내부 PNG만 별도 추출/전체 디코딩 확인. 아카이브 멤버 경로: autotile/SA-Pool01.png,2990,200,autotile/SA-Pool01.png,オートタイル1（屋外用）
SA-Pool02.png,autotile,https://yms.main.jp/dotartworld/page3/autotiles01.html,https://yms.main.jp/dotartworld/sozai/autotile2/autotile-old.zip,SA-Pool02.png,/home/main/.local/share/oprn/pixel-art-world-downloads/archive-images/autotile-old/autotile/SA-Pool02.png,96,128,014cf4fbd29c2ba9f32d53fc88fc4d123f04763f0b7c51075fc17ffdcfa97d96,extracted_verified,개인 로컬 수집; 소재 재배포 금지; 공개 작품에 Pixel Art World/ドット絵世界 크레딧. 조건: https://yms.main.jp/dotartworld/page1/rule.html; ZIP 중앙목록 및 전체 CRC 확인.; ZIP 내부 PNG만 별도 추출/전체 디코딩 확인. 아카이브 멤버 경로: autotile/SA-Pool02.png,2988,200,autotile/SA-Pool02.png,オートタイル1（屋外用）
SA-Road01.png,autotile,https://yms.main.jp/dotartworld/page3/autotiles01.html,https://yms.main.jp/dotartworld/sozai/autotile2/autotile-old.zip,SA-Road01.png,/home/main/.local/share/oprn/pixel-art-world-downloads/archive-images/autotile-old/autotile/SA-Road01.png,96,128,75143c8774d6bf9ede0850784c8878116f70ca08db2f8151b9a889095793c77a,extracted_verified,개인 로컬 수집; 소재 재배포 금지; 공개 작품에 Pixel Art World/ドット絵世界 크레딧. 조건: https://yms.main.jp/dotartworld/page1/rule.html; ZIP 중앙목록 및 전체 CRC 확인.; ZIP 내부 PNG만 별도 추출/전체 디코딩 확인. 아카이브 멤버 경로: autotile/SA-Road01.png,1357,200,autotile/SA-Road01.png,オートタイル1（屋外用）
SA-Road02.png,autotile,https://yms.main.jp/dotartworld/page3/autotiles01.html,https://yms.main.jp/dotartworld/sozai/autotile2/autotile-old.zip,SA-Road02.png,/home/main/.local/share/oprn/pixel-art-world-downloads/archive-images/autotile-old/autotile/SA-Road02.png,96,128,39eb3e4642f97c44d849f81815594b223b1dfb9f2edf0a6a51b50b862d0d8b1d,extracted_verified,개인 로컬 수집; 소재 재배포 금지; 공개 작품에 Pixel Art World/ドット絵世界 크레딧. 조건: https://yms.main.jp/dotartworld/page1/rule.html; ZIP 중앙목록 및 전체 CRC 확인.; ZIP 내부 PNG만 별도 추출/전체 디코딩 확인. 아카이브 멤버 경로: autotile/SA-Road02.png,1397,200,autotile/SA-Road02.png,オートタイル1（屋外用）
SA-Roof01.png,autotile,https://yms.main.jp/dotartworld/page3/autotiles01.html,https://yms.main.jp/dotartworld/sozai/autotile2/autotile-old.zip,SA-Roof01.png,/home/main/.local/share/oprn/pixel-art-world-downloads/archive-images/autotile-old/autotile/SA-Roof01.png,96,128,15d7faf904362bb07108b2e407fb750fd242f1c7db9c4ca2f5f27f2e0aec74bb,extracted_verified,개인 로컬 수집; 소재 재배포 금지; 공개 작품에 Pixel Art World/ドット絵世界 크레딧. 조건: https://yms.main.jp/dotartworld/page1/rule.html; ZIP 중앙목록 및 전체 CRC 확인.; ZIP 내부 PNG만 별도 추출/전체 디코딩 확인. 아카이브 멤버 경로: autotile/SA-Roof01.png,965,200,autotile/SA-Roof01.png,オートタイル1（屋外用）
SA-Roof02.png,autotile,https://yms.main.jp/dotartworld/page3/autotiles01.html,https://yms.main.jp/dotartworld/sozai/autotile2/autotile-old.zip,SA-Roof02.png,/home/main/.local/share/oprn/pixel-art-world-downloads/archive-images/autotile-old/autotile/SA-Roof02.png,96,128,aeda7393c7487ad44f56349d57005c5b58419c5ac0864b566b2497850339a870,extracted_verified,개인 로컬 수집; 소재 재배포 금지; 공개 작품에 Pixel Art World/ドット絵世界 크레딧. 조건: https://yms.main.jp/dotartworld/page1/rule.html; ZIP 중앙목록 및 전체 CRC 확인.; ZIP 내부 PNG만 별도 추출/전체 디코딩 확인. 아카이브 멤버 경로: autotile/SA-Roof02.png,840,200,autotile/SA-Roof02.png,オートタイル1（屋外用）
SA-Roof03.png,autotile,https://yms.main.jp/dotartworld/page3/autotiles01.html,https://yms.main.jp/dotartworld/sozai/autotile2/autotile-old.zip,SA-Roof03.png,/home/main/.local/share/oprn/pixel-art-world-downloads/archive-images/autotile-old/autotile/SA-Roof03.png,96,128,55d8e553744cff68e527f755b600ce978472f62c61684e127bb1da3c578d47ee,extracted_verified,개인 로컬 수집; 소재 재배포 금지; 공개 작품에 Pixel Art World/ドット絵世界 크레딧. 조건: https://yms.main.jp/dotartworld/page1/rule.html; ZIP 중앙목록 및 전체 CRC 확인.; ZIP 내부 PNG만 별도 추출/전체 디코딩 확인. 아카이브 멤버 경로: autotile/SA-Roof03.png,2057,200,autotile/SA-Roof03.png,オートタイル1（屋外用）
SA-Roof04.png,autotile,https://yms.main.jp/dotartworld/page3/autotiles01.html,https://yms.main.jp/dotartworld/sozai/autotile2/autotile-old.zip,SA-Roof04.png,/home/main/.local/share/oprn/pixel-art-world-downloads/archive-images/autotile-old/autotile/SA-Roof04.png,96,128,66339559aa492af2d0cc973c7fce0e99ff73ab031a95abcb864c3a71bc9c3a3b,extracted_verified,개인 로컬 수집; 소재 재배포 금지; 공개 작품에 Pixel Art World/ドット絵世界 크레딧. 조건: https://yms.main.jp/dotartworld/page1/rule.html; ZIP 중앙목록 및 전체 CRC 확인.; ZIP 내부 PNG만 별도 추출/전체 디코딩 확인. 아카이브 멤버 경로: autotile/SA-Roof04.png,1944,200,autotile/SA-Roof04.png,オートタイル1（屋外用）
SA-Saku01.png,autotile,https://yms.main.jp/dotartworld/page3/autotiles01.html,https://yms.main.jp/dotartworld/sozai/autotile2/autotile-old.zip,SA-Saku01.png,/home/main/.local/share/oprn/pixel-art-world-downloads/archive-images/autotile-old/autotile/SA-Saku01.png,96,128,14025ba78f24984ae8e497fcda90c860795ac993999a48fcd1fe1eca48810dfb,extracted_verified,개인 로컬 수집; 소재 재배포 금지; 공개 작품에 Pixel Art World/ドット絵世界 크레딧. 조건: https://yms.main.jp/dotartworld/page1/rule.html; ZIP 중앙목록 및 전체 CRC 확인.; ZIP 내부 PNG만 별도 추출/전체 디코딩 확인. 아카이브 멤버 경로: autotile/SA-Saku01.png,509,200,autotile/SA-Saku01.png,オートタイル1（屋外用）
SA-Seawds01.png,autotile,https://yms.main.jp/dotartworld/page3/autotiles01.html,https://yms.main.jp/dotartworld/sozai/autotile2/autotile-old.zip,SA-Seawds01.png,/home/main/.local/share/oprn/pixel-art-world-downloads/archive-images/autotile-old/autotile/SA-Seawds01.png,96,128,d4cbc1540c7894c1e9832d8a1d896099a764dc59f3f32721d6832a78b637c693,extracted_verified,개인 로컬 수집; 소재 재배포 금지; 공개 작품에 Pixel Art World/ドット絵世界 크레딧. 조건: https://yms.main.jp/dotartworld/page1/rule.html; ZIP 중앙목록 및 전체 CRC 확인.; ZIP 내부 PNG만 별도 추출/전체 디코딩 확인. 아카이브 멤버 경로: autotile/SA-Seawds01.png,1615,200,autotile/SA-Seawds01.png,オートタイル1（屋外用）
SA-StFence01.png,autotile,https://yms.main.jp/dotartworld/page3/autotiles01.html,https://yms.main.jp/dotartworld/sozai/autotile2/autotile-old.zip,SA-StFence01.png,/home/main/.local/share/oprn/pixel-art-world-downloads/archive-images/autotile-old/autotile/SA-StFence01.png,96,128,044903b00847d39b544161650ed36e27f55c9297fbe181cf944db847bc022ebe,extracted_verified,개인 로컬 수집; 소재 재배포 금지; 공개 작품에 Pixel Art World/ドット絵世界 크레딧. 조건: https://yms.main.jp/dotartworld/page1/rule.html; ZIP 중앙목록 및 전체 CRC 확인.; ZIP 내부 PNG만 별도 추출/전체 디코딩 확인. 아카이브 멤버 경로: autotile/SA-StFence01.png,2922,200,autotile/SA-StFence01.png,オートタイル1（屋外用）
SA-Stone01.png,autotile,https://yms.main.jp/dotartworld/page3/autotiles01.html,https://yms.main.jp/dotartworld/sozai/autotile2/autotile-old.zip,SA-Stone01.png,/home/main/.local/share/oprn/pixel-art-world-downloads/archive-images/autotile-old/autotile/SA-Stone01.png,96,128,f95bc27374180a08be1a20598986cbe834e96d5437898e7238d52ab92dc6da48,extracted_verified,개인 로컬 수집; 소재 재배포 금지; 공개 작품에 Pixel Art World/ドット絵世界 크레딧. 조건: https://yms.main.jp/dotartworld/page1/rule.html; ZIP 중앙목록 및 전체 CRC 확인.; ZIP 내부 PNG만 별도 추출/전체 디코딩 확인. 아카이브 멤버 경로: autotile/SA-Stone01.png,4839,200,autotile/SA-Stone01.png,オートタイル1（屋外用）
SA-Sunoko01.png,autotile,https://yms.main.jp/dotartworld/page3/autotiles01.html,https://yms.main.jp/dotartworld/sozai/autotile2/autotile-old.zip,SA-Sunoko01.png,/home/main/.local/share/oprn/pixel-art-world-downloads/archive-images/autotile-old/autotile/SA-Sunoko01.png,96,128,302b8428dad359eb59c66dc65f8e5350b92e87b11924dbf74b3c24536cfdb55e,extracted_verified,개인 로컬 수집; 소재 재배포 금지; 공개 작품에 Pixel Art World/ドット絵世界 크레딧. 조건: https://yms.main.jp/dotartworld/page1/rule.html; ZIP 중앙목록 및 전체 CRC 확인.; ZIP 내부 PNG만 별도 추출/전체 디코딩 확인. 아카이브 멤버 경로: autotile/SA-Sunoko01.png,1050,200,autotile/SA-Sunoko01.png,オートタイル1（屋外用）
SA-Sunoko02.png,autotile,https://yms.main.jp/dotartworld/page3/autotiles01.html,https://yms.main.jp/dotartworld/sozai/autotile2/autotile-old.zip,SA-Sunoko02.png,/home/main/.local/share/oprn/pixel-art-world-downloads/archive-images/autotile-old/autotile/SA-Sunoko02.png,96,128,0eb57527f3f5bc059145399cab23f66a80e10e5690fa70cb03a3262b97d4d638,extracted_verified,개인 로컬 수집; 소재 재배포 금지; 공개 작품에 Pixel Art World/ドット絵世界 크레딧. 조건: https://yms.main.jp/dotartworld/page1/rule.html; ZIP 중앙목록 및 전체 CRC 확인.; ZIP 내부 PNG만 별도 추출/전체 디코딩 확인. 아카이브 멤버 경로: autotile/SA-Sunoko02.png,1122,200,autotile/SA-Sunoko02.png,オートタイル1（屋外用）
SA-Sunoko03.png,autotile,https://yms.main.jp/dotartworld/page3/autotiles01.html,https://yms.main.jp/dotartworld/sozai/autotile2/autotile-old.zip,SA-Sunoko03.png,/home/main/.local/share/oprn/pixel-art-world-downloads/archive-images/autotile-old/autotile/SA-Sunoko03.png,96,128,3c32c8cd88efabea454916981d4aac6df62244ef386f760eac892d81a058b03d,extracted_verified,개인 로컬 수집; 소재 재배포 금지; 공개 작품에 Pixel Art World/ドット絵世界 크레딧. 조건: https://yms.main.jp/dotartworld/page1/rule.html; ZIP 중앙목록 및 전체 CRC 확인.; ZIP 내부 PNG만 별도 추출/전체 디코딩 확인. 아카이브 멤버 경로: autotile/SA-Sunoko03.png,1176,200,autotile/SA-Sunoko03.png,オートタイル1（屋外用）
SA-Wall01.png,autotile,https://yms.main.jp/dotartworld/page3/autotiles01.html,https://yms.main.jp/dotartworld/sozai/autotile2/autotile-old.zip,SA-Wall01.png,/home/main/.local/share/oprn/pixel-art-world-downloads/archive-images/autotile-old/autotile/SA-Wall01.png,96,128,7732b153bd79758151858409e92b74e49176047e41d5a09f100283dc1e42d861,extracted_verified,개인 로컬 수집; 소재 재배포 금지; 공개 작품에 Pixel Art World/ドット絵世界 크레딧. 조건: https://yms.main.jp/dotartworld/page1/rule.html; ZIP 중앙목록 및 전체 CRC 확인.; ZIP 내부 PNG만 별도 추출/전체 디코딩 확인. 아카이브 멤버 경로: autotile/SA-Wall01.png,444,200,autotile/SA-Wall01.png,オートタイル1（屋外用）
SA-Wall02.png,autotile,https://yms.main.jp/dotartworld/page3/autotiles01.html,https://yms.main.jp/dotartworld/sozai/autotile2/autotile-old.zip,SA-Wall02.png,/home/main/.local/share/oprn/pixel-art-world-downloads/archive-images/autotile-old/autotile/SA-Wall02.png,96,128,682d7a80bb67179422af40e063c4d4acf474e3f7e81e78c9512f5d1c93a8016a,extracted_verified,개인 로컬 수집; 소재 재배포 금지; 공개 작품에 Pixel Art World/ドット絵世界 크레딧. 조건: https://yms.main.jp/dotartworld/page1/rule.html; ZIP 중앙목록 및 전체 CRC 확인.; ZIP 내부 PNG만 별도 추출/전체 디코딩 확인. 아카이브 멤버 경로: autotile/SA-Wall02.png,286,200,autotile/SA-Wall02.png,オートタイル1（屋外用）
SA-Wall03.png,autotile,https://yms.main.jp/dotartworld/page3/autotiles01.html,https://yms.main.jp/dotartworld/sozai/autotile2/autotile-old.zip,SA-Wall03.png,/home/main/.local/share/oprn/pixel-art-world-downloads/archive-images/autotile-old/autotile/SA-Wall03.png,96,128,3123f01148956fa8c3cbf7d19ad9b8268fd859887d1f3230031fdfdd88b8af29,extracted_verified,개인 로컬 수집; 소재 재배포 금지; 공개 작품에 Pixel Art World/ドット絵世界 크레딧. 조건: https://yms.main.jp/dotartworld/page1/rule.html; ZIP 중앙목록 및 전체 CRC 확인.; ZIP 내부 PNG만 별도 추출/전체 디코딩 확인. 아카이브 멤버 경로: autotile/SA-Wall03.png,1489,200,autotile/SA-Wall03.png,オートタイル1（屋外用）
SA-Window01.png,autotile,https://yms.main.jp/dotartworld/page3/autotiles01.html,https://yms.main.jp/dotartworld/sozai/autotile2/autotile-old.zip,SA-Window01.png,/home/main/.local/share/oprn/pixel-art-world-downloads/archive-images/autotile-old/autotile/SA-Window01.png,96,128,1bf360bf97d9b0079c15c61ac71b6e3ac0e84397d6d5f2e5676d312a755dca48,extracted_verified,개인 로컬 수집; 소재 재배포 금지; 공개 작품에 Pixel Art World/ドット絵世界 크레딧. 조건: https://yms.main.jp/dotartworld/page1/rule.html; ZIP 중앙목록 및 전체 CRC 확인.; ZIP 내부 PNG만 별도 추출/전체 디코딩 확인. 아카이브 멤버 경로: autotile/SA-Window01.png,545,200,autotile/SA-Window01.png,オートタイル1（屋外用）
SA-Asphalt01.png,autotile,https://yms.main.jp/dotartworld/page3/autotiles01.html,https://yms.main.jp/dotartworld/sozai/autotile2/autotile-ex.zip,SA-Asphalt01.png,/home/main/.local/share/oprn/pixel-art-world-downloads/archive-images/autotile-ex/autotile-ex/SA-Asphalt01.png,96,128,ad12ed690dbdf8f8228c8dd62514463a71f091c4bab4d761abd244d5db4b4f99,extracted_verified,개인 로컬 수집; 소재 재배포 금지; 공개 작품에 Pixel Art World/ドット絵世界 크레딧. 조건: https://yms.main.jp/dotartworld/page1/rule.html; ZIP 중앙목록 및 전체 CRC 확인.; ZIP 내부 PNG만 별도 추출/전체 디코딩 확인. 아카이브 멤버 경로: autotile-ex/SA-Asphalt01.png,3068,200,autotile-ex/SA-Asphalt01.png,オートタイル1（屋外用）
SA-Asphalt02.png,autotile,https://yms.main.jp/dotartworld/page3/autotiles01.html,https://yms.main.jp/dotartworld/sozai/autotile2/autotile-ex.zip,SA-Asphalt02.png,/home/main/.local/share/oprn/pixel-art-world-downloads/archive-images/autotile-ex/autotile-ex/SA-Asphalt02.png,96,128,b52a639ecc8278243d594c2ab9d0341f7687e4b3b8ade8816ce0bf19f82b81cb,extracted_verified,개인 로컬 수집; 소재 재배포 금지; 공개 작품에 Pixel Art World/ドット絵世界 크레딧. 조건: https://yms.main.jp/dotartworld/page1/rule.html; ZIP 중앙목록 및 전체 CRC 확인.; ZIP 내부 PNG만 별도 추출/전체 디코딩 확인. 아카이브 멤버 경로: autotile-ex/SA-Asphalt02.png,2634,200,autotile-ex/SA-Asphalt02.png,オートタイル1（屋外用）
SA-AsphaltBase.png,autotile,https://yms.main.jp/dotartworld/page3/autotiles01.html,https://yms.main.jp/dotartworld/sozai/autotile2/autotile-ex.zip,SA-AsphaltBase.png,/home/main/.local/share/oprn/pixel-art-world-downloads/archive-images/autotile-ex/autotile-ex/SA-AsphaltBase.png,96,128,3ac2ab1dbe273efe71c09e1a0a31c11a760c364249d0aab9deaaa29fd1c55905,extracted_verified,개인 로컬 수집; 소재 재배포 금지; 공개 작품에 Pixel Art World/ドット絵世界 크레딧. 조건: https://yms.main.jp/dotartworld/page1/rule.html; ZIP 중앙목록 및 전체 CRC 확인.; ZIP 내부 PNG만 별도 추출/전체 디코딩 확인. 아카이브 멤버 경로: autotile-ex/SA-AsphaltBase.png,3558,200,autotile-ex/SA-AsphaltBase.png,オートタイル1（屋外用）
SA-AsphaltRoad01.png,autotile,https://yms.main.jp/dotartworld/page3/autotiles01.html,https://yms.main.jp/dotartworld/sozai/autotile2/autotile-ex.zip,SA-AsphaltRoad01.png,/home/main/.local/share/oprn/pixel-art-world-downloads/archive-images/autotile-ex/autotile-ex/SA-AsphaltRoad01.png,96,128,1defffef1fe5d051ce71e8b6814dbd3b64560c930e84a284ced4255df109395f,extracted_verified,개인 로컬 수집; 소재 재배포 금지; 공개 작품에 Pixel Art World/ドット絵世界 크레딧. 조건: https://yms.main.jp/dotartworld/page1/rule.html; ZIP 중앙목록 및 전체 CRC 확인.; ZIP 내부 PNG만 별도 추출/전체 디코딩 확인. 아카이브 멤버 경로: autotile-ex/SA-AsphaltRoad01.png,523,200,autotile-ex/SA-AsphaltRoad01.png,オートタイル1（屋外用）
SA-BSheet01.png,autotile,https://yms.main.jp/dotartworld/page3/autotiles01.html,https://yms.main.jp/dotartworld/sozai/autotile2/autotile-ex.zip,SA-BSheet01.png,/home/main/.local/share/oprn/pixel-art-world-downloads/archive-images/autotile-ex/autotile-ex/SA-BSheet01.png,96,128,713cc77d444f48aba977b00fd1fc374480d746124a6889ae5f66a2d3278dfb09,extracted_verified,개인 로컬 수집; 소재 재배포 금지; 공개 작품에 Pixel Art World/ドット絵世界 크레딧. 조건: https://yms.main.jp/dotartworld/page1/rule.html; ZIP 중앙목록 및 전체 CRC 확인.; ZIP 내부 PNG만 별도 추출/전체 디코딩 확인. 아카이브 멤버 경로: autotile-ex/SA-BSheet01.png,330,200,autotile-ex/SA-BSheet01.png,オートタイル1（屋外用）
SA-Concrete01.png,autotile,https://yms.main.jp/dotartworld/page3/autotiles01.html,https://yms.main.jp/dotartworld/sozai/autotile2/autotile-ex.zip,SA-Concrete01.png,/home/main/.local/share/oprn/pixel-art-world-downloads/archive-images/autotile-ex/autotile-ex/SA-Concrete01.png,96,128,016edc7b7572e20684cfa259e383312619d7ed4d52b55db3d4bb44b67c6aa1c0,extracted_verified,개인 로컬 수집; 소재 재배포 금지; 공개 작품에 Pixel Art World/ドット絵世界 크레딧. 조건: https://yms.main.jp/dotartworld/page1/rule.html; ZIP 중앙목록 및 전체 CRC 확인.; ZIP 내부 PNG만 별도 추출/전체 디코딩 확인. 아카이브 멤버 경로: autotile-ex/SA-Concrete01.png,970,200,autotile-ex/SA-Concrete01.png,オートタイル1（屋外用）
SA-Concrete02.png,autotile,https://yms.main.jp/dotartworld/page3/autotiles01.html,https://yms.main.jp/dotartworld/sozai/autotile2/autotile-ex.zip,SA-Concrete02.png,/home/main/.local/share/oprn/pixel-art-world-downloads/archive-images/autotile-ex/autotile-ex/SA-Concrete02.png,96,128,5b799e358a317b29b87d1d69e0e72b2526aaf155e3770da4b57c46e7bb5a95c9,extracted_verified,개인 로컬 수집; 소재 재배포 금지; 공개 작품에 Pixel Art World/ドット絵世界 크레딧. 조건: https://yms.main.jp/dotartworld/page1/rule.html; ZIP 중앙목록 및 전체 CRC 확인.; ZIP 내부 PNG만 별도 추출/전체 디코딩 확인. 아카이브 멤버 경로: autotile-ex/SA-Concrete02.png,702,200,autotile-ex/SA-Concrete02.png,オートタイル1（屋外用）
SA-Concrete03.png,autotile,https://yms.main.jp/dotartworld/page3/autotiles01.html,https://yms.main.jp/dotartworld/sozai/autotile2/autotile-ex.zip,SA-Concrete03.png,/home/main/.local/share/oprn/pixel-art-world-downloads/archive-images/autotile-ex/autotile-ex/SA-Concrete03.png,96,128,d3d589e1215cdcca23b17c4a2654d907cd5171e03eb5ec4d23d9ec602a726cad,extracted_verified,개인 로컬 수집; 소재 재배포 금지; 공개 작품에 Pixel Art World/ドット絵世界 크레딧. 조건: https://yms.main.jp/dotartworld/page1/rule.html; ZIP 중앙목록 및 전체 CRC 확인.; ZIP 내부 PNG만 별도 추출/전체 디코딩 확인. 아카이브 멤버 경로: autotile-ex/SA-Concrete03.png,741,200,autotile-ex/SA-Concrete03.png,オートタイル1（屋外用）
SA-Ditch01.png,autotile,https://yms.main.jp/dotartworld/page3/autotiles01.html,https://yms.main.jp/dotartworld/sozai/autotile2/autotile-ex.zip,SA-Ditch01.png,/home/main/.local/share/oprn/pixel-art-world-downloads/archive-images/autotile-ex/autotile-ex/SA-Ditch01.png,384,128,ce6b06ca456e3bae08680d1fb6dad2eada83c9ab78bfdd1fd5895be7a9b9b7dc,extracted_verified,개인 로컬 수집; 소재 재배포 금지; 공개 작품에 Pixel Art World/ドット絵世界 크레딧. 조건: https://yms.main.jp/dotartworld/page1/rule.html; ZIP 중앙목록 및 전체 CRC 확인.; ZIP 내부 PNG만 별도 추출/전체 디코딩 확인. 아카이브 멤버 경로: autotile-ex/SA-Ditch01.png,4112,200,autotile-ex/SA-Ditch01.png,オートタイル1（屋外用）
SA-Ditch02.png,autotile,https://yms.main.jp/dotartworld/page3/autotiles01.html,https://yms.main.jp/dotartworld/sozai/autotile2/autotile-ex.zip,SA-Ditch02.png,/home/main/.local/share/oprn/pixel-art-world-downloads/archive-images/autotile-ex/autotile-ex/SA-Ditch02.png,384,128,1807918dbe8edb5cc53cf4415d6a01939343992dde376733d59671256ed4a9cc,extracted_verified,개인 로컬 수집; 소재 재배포 금지; 공개 작품에 Pixel Art World/ドット絵世界 크레딧. 조건: https://yms.main.jp/dotartworld/page1/rule.html; ZIP 중앙목록 및 전체 CRC 확인.; ZIP 내부 PNG만 별도 추출/전체 디코딩 확인. 아카이브 멤버 경로: autotile-ex/SA-Ditch02.png,7081,200,autotile-ex/SA-Ditch02.png,オートタイル1（屋外用）
SA-Ditch03.png,autotile,https://yms.main.jp/dotartworld/page3/autotiles01.html,https://yms.main.jp/dotartworld/sozai/autotile2/autotile-ex.zip,SA-Ditch03.png,/home/main/.local/share/oprn/pixel-art-world-downloads/archive-images/autotile-ex/autotile-ex/SA-Ditch03.png,384,128,96e87341f368f714ae6f425e707bebec851a09a7bd409ab76736a8705fcb3efc,extracted_verified,개인 로컬 수집; 소재 재배포 금지; 공개 작품에 Pixel Art World/ドット絵世界 크레딧. 조건: https://yms.main.jp/dotartworld/page1/rule.html; ZIP 중앙목록 및 전체 CRC 확인.; ZIP 내부 PNG만 별도 추출/전체 디코딩 확인. 아카이브 멤버 경로: autotile-ex/SA-Ditch03.png,7061,200,autotile-ex/SA-Ditch03.png,オートタイル1（屋外用）
SA-Ditch04.png,autotile,https://yms.main.jp/dotartworld/page3/autotiles01.html,https://yms.main.jp/dotartworld/sozai/autotile2/autotile-ex.zip,SA-Ditch04.png,/home/main/.local/share/oprn/pixel-art-world-downloads/archive-images/autotile-ex/autotile-ex/SA-Ditch04.png,384,128,3dc2947162346fee2479d107ddc071c8c0c025526271d3461c5ffc2b3c5ca809,extracted_verified,개인 로컬 수집; 소재 재배포 금지; 공개 작품에 Pixel Art World/ドット絵世界 크레딧. 조건: https://yms.main.jp/dotartworld/page1/rule.html; ZIP 중앙목록 및 전체 CRC 확인.; ZIP 내부 PNG만 별도 추출/전체 디코딩 확인. 아카이브 멤버 경로: autotile-ex/SA-Ditch04.png,6960,200,autotile-ex/SA-Ditch04.png,オートタイル1（屋外用）
SA-DSRoad01.png,autotile,https://yms.main.jp/dotartworld/page3/autotiles01.html,https://yms.main.jp/dotartworld/sozai/autotile2/autotile-ex.zip,SA-DSRoad01.png,/home/main/.local/share/oprn/pixel-art-world-downloads/archive-images/autotile-ex/autotile-ex/SA-DSRoad01.png,96,128,6c0a5f24d219e3bb03097cfbf361c5a2ebc9ecf78f9a88438a3792f0b6d3720b,extracted_verified,개인 로컬 수집; 소재 재배포 금지; 공개 작품에 Pixel Art World/ドット絵世界 크레딧. 조건: https://yms.main.jp/dotartworld/page1/rule.html; ZIP 중앙목록 및 전체 CRC 확인.; ZIP 내부 PNG만 별도 추출/전체 디코딩 확인. 아카이브 멤버 경로: autotile-ex/SA-DSRoad01.png,9579,200,autotile-ex/SA-DSRoad01.png,オートタイル1（屋外用）
SA-DwayA01.png,autotile,https://yms.main.jp/dotartworld/page3/autotiles01.html,https://yms.main.jp/dotartworld/sozai/autotile2/autotile-ex.zip,SA-DwayA01.png,/home/main/.local/share/oprn/pixel-art-world-downloads/archive-images/autotile-ex/autotile-ex/SA-DwayA01.png,96,128,80110c41f17f349bd762dc5c5e9a3bf55f5eb60e7ee8daa11947c95999cf5d74,extracted_verified,개인 로컬 수집; 소재 재배포 금지; 공개 작품에 Pixel Art World/ドット絵世界 크레딧. 조건: https://yms.main.jp/dotartworld/page1/rule.html; ZIP 중앙목록 및 전체 CRC 확인.; ZIP 내부 PNG만 별도 추출/전체 디코딩 확인. 아카이브 멤버 경로: autotile-ex/SA-DwayA01.png,299,200,autotile-ex/SA-DwayA01.png,オートタイル1（屋外用）
SA-DwayA02.png,autotile,https://yms.main.jp/dotartworld/page3/autotiles01.html,https://yms.main.jp/dotartworld/sozai/autotile2/autotile-ex.zip,SA-DwayA02.png,/home/main/.local/share/oprn/pixel-art-world-downloads/archive-images/autotile-ex/autotile-ex/SA-DwayA02.png,96,128,c556bf8db2a7c0c89168c18d657747c2a9303b591a909662d6fdb4a1705d93a4,extracted_verified,개인 로컬 수집; 소재 재배포 금지; 공개 작품에 Pixel Art World/ドット絵世界 크레딧. 조건: https://yms.main.jp/dotartworld/page1/rule.html; ZIP 중앙목록 및 전체 CRC 확인.; ZIP 내부 PNG만 별도 추출/전체 디코딩 확인. 아카이브 멤버 경로: autotile-ex/SA-DwayA02.png,300,200,autotile-ex/SA-DwayA02.png,オートタイル1（屋外用）
SA-DwayB01.png,autotile,https://yms.main.jp/dotartworld/page3/autotiles01.html,https://yms.main.jp/dotartworld/sozai/autotile2/autotile-ex.zip,SA-DwayB01.png,/home/main/.local/share/oprn/pixel-art-world-downloads/archive-images/autotile-ex/autotile-ex/SA-DwayB01.png,96,128,e2dd3bbd80898b0ff97f8201df693862234a6debb07227a72b52cf8d7a0183e0,extracted_verified,개인 로컬 수집; 소재 재배포 금지; 공개 작품에 Pixel Art World/ドット絵世界 크레딧. 조건: https://yms.main.jp/dotartworld/page1/rule.html; ZIP 중앙목록 및 전체 CRC 확인.; ZIP 내부 PNG만 별도 추출/전체 디코딩 확인. 아카이브 멤버 경로: autotile-ex/SA-DwayB01.png,415,200,autotile-ex/SA-DwayB01.png,オートタイル1（屋外用）
SA-DwayB02.png,autotile,https://yms.main.jp/dotartworld/page3/autotiles01.html,https://yms.main.jp/dotartworld/sozai/autotile2/autotile-ex.zip,SA-DwayB02.png,/home/main/.local/share/oprn/pixel-art-world-downloads/archive-images/autotile-ex/autotile-ex/SA-DwayB02.png,96,128,7c99d41b353e93af972a331fe2a2a758fdf8d006c6ef7a88b16679ff7874abeb,extracted_verified,개인 로컬 수집; 소재 재배포 금지; 공개 작품에 Pixel Art World/ドット絵世界 크레딧. 조건: https://yms.main.jp/dotartworld/page1/rule.html; ZIP 중앙목록 및 전체 CRC 확인.; ZIP 내부 PNG만 별도 추출/전체 디코딩 확인. 아카이브 멤버 경로: autotile-ex/SA-DwayB02.png,409,200,autotile-ex/SA-DwayB02.png,オートタイル1（屋外用）
SA-DwayC01.png,autotile,https://yms.main.jp/dotartworld/page3/autotiles01.html,https://yms.main.jp/dotartworld/sozai/autotile2/autotile-ex.zip,SA-DwayC01.png,/home/main/.local/share/oprn/pixel-art-world-downloads/archive-images/autotile-ex/autotile-ex/SA-DwayC01.png,96,128,451daedeab8e739a683202d6c1c563f4a6fcd452785c591839dbbd929509998f,extracted_verified,개인 로컬 수집; 소재 재배포 금지; 공개 작품에 Pixel Art World/ドット絵世界 크레딧. 조건: https://yms.main.jp/dotartworld/page1/rule.html; ZIP 중앙목록 및 전체 CRC 확인.; ZIP 내부 PNG만 별도 추출/전체 디코딩 확인. 아카이브 멤버 경로: autotile-ex/SA-DwayC01.png,459,200,autotile-ex/SA-DwayC01.png,オートタイル1（屋外用）
SA-DwayC02.png,autotile,https://yms.main.jp/dotartworld/page3/autotiles01.html,https://yms.main.jp/dotartworld/sozai/autotile2/autotile-ex.zip,SA-DwayC02.png,/home/main/.local/share/oprn/pixel-art-world-downloads/archive-images/autotile-ex/autotile-ex/SA-DwayC02.png,96,128,7a5e91a10c19ec70e250baa962960785cf4dc22b64780d157659c3420ef3e6a0,extracted_verified,개인 로컬 수집; 소재 재배포 금지; 공개 작품에 Pixel Art World/ドット絵世界 크레딧. 조건: https://yms.main.jp/dotartworld/page1/rule.html; ZIP 중앙목록 및 전체 CRC 확인.; ZIP 내부 PNG만 별도 추출/전체 디코딩 확인. 아카이브 멤버 경로: autotile-ex/SA-DwayC02.png,459,200,autotile-ex/SA-DwayC02.png,オートタイル1（屋外用）
SA-DwayD01.png,autotile,https://yms.main.jp/dotartworld/page3/autotiles01.html,https://yms.main.jp/dotartworld/sozai/autotile2/autotile-ex.zip,SA-DwayD01.png,/home/main/.local/share/oprn/pixel-art-world-downloads/archive-images/autotile-ex/autotile-ex/SA-DwayD01.png,96,128,bafe03e12b7a9efae447f749b8bfd3c7e1c99b12a1d997caebcc83f268c2e047,extracted_verified,개인 로컬 수집; 소재 재배포 금지; 공개 작품에 Pixel Art World/ドット絵世界 크레딧. 조건: https://yms.main.jp/dotartworld/page1/rule.html; ZIP 중앙목록 및 전체 CRC 확인.; ZIP 내부 PNG만 별도 추출/전체 디코딩 확인. 아카이브 멤버 경로: autotile-ex/SA-DwayD01.png,878,200,autotile-ex/SA-DwayD01.png,オートタイル1（屋外用）
SA-Flower01.png,autotile,https://yms.main.jp/dotartworld/page3/autotiles01.html,https://yms.main.jp/dotartworld/sozai/autotile2/autotile-ex.zip,SA-Flower01.png,/home/main/.local/share/oprn/pixel-art-world-downloads/archive-images/autotile-ex/autotile-ex/SA-Flower01.png,96,128,bad6589aa0a5b577e87e5e1e335b33210bb50f9586978a016d162cb2a5eceb8f,extracted_verified,개인 로컬 수집; 소재 재배포 금지; 공개 작품에 Pixel Art World/ドット絵世界 크레딧. 조건: https://yms.main.jp/dotartworld/page1/rule.html; ZIP 중앙목록 및 전체 CRC 확인.; ZIP 내부 PNG만 별도 추출/전체 디코딩 확인. 아카이브 멤버 경로: autotile-ex/SA-Flower01.png,4894,200,autotile-ex/SA-Flower01.png,オートタイル1（屋外用）
SA-GBorderA01.png,autotile,https://yms.main.jp/dotartworld/page3/autotiles01.html,https://yms.main.jp/dotartworld/sozai/autotile2/autotile-ex.zip,SA-GBorderA01.png,/home/main/.local/share/oprn/pixel-art-world-downloads/archive-images/autotile-ex/autotile-ex/SA-GBorderA01.png,96,128,8b6daad6a51892ee50c3dd3eb595ced93e4428954483380f08481b6dc80ec0a2,extracted_verified,개인 로컬 수집; 소재 재배포 금지; 공개 작품에 Pixel Art World/ドット絵世界 크레딧. 조건: https://yms.main.jp/dotartworld/page1/rule.html; ZIP 중앙목록 및 전체 CRC 확인.; ZIP 내부 PNG만 별도 추출/전체 디코딩 확인. 아카이브 멤버 경로: autotile-ex/SA-GBorderA01.png,2294,200,autotile-ex/SA-GBorderA01.png,オートタイル1（屋外用）
SA-GBorderA02.png,autotile,https://yms.main.jp/dotartworld/page3/autotiles01.html,https://yms.main.jp/dotartworld/sozai/autotile2/autotile-ex.zip,SA-GBorderA02.png,/home/main/.local/share/oprn/pixel-art-world-downloads/archive-images/autotile-ex/autotile-ex/SA-GBorderA02.png,96,128,7a24cf7a6398ad1f6ccd6f57790d4487a684397c0ad969f0cabe83efd3f2f0bb,extracted_verified,개인 로컬 수집; 소재 재배포 금지; 공개 작품에 Pixel Art World/ドット絵世界 크레딧. 조건: https://yms.main.jp/dotartworld/page1/rule.html; ZIP 중앙목록 및 전체 CRC 확인.; ZIP 내부 PNG만 별도 추출/전체 디코딩 확인. 아카이브 멤버 경로: autotile-ex/SA-GBorderA02.png,2760,200,autotile-ex/SA-GBorderA02.png,オートタイル1（屋外用）
SA-GBorderB01.png,autotile,https://yms.main.jp/dotartworld/page3/autotiles01.html,https://yms.main.jp/dotartworld/sozai/autotile2/autotile-ex.zip,SA-GBorderB01.png,/home/main/.local/share/oprn/pixel-art-world-downloads/archive-images/autotile-ex/autotile-ex/SA-GBorderB01.png,96,128,d8687ddc3e78b75e302f7ad907fce193d72294d72a51ca560048eb5debc77409,extracted_verified,개인 로컬 수집; 소재 재배포 금지; 공개 작품에 Pixel Art World/ドット絵世界 크레딧. 조건: https://yms.main.jp/dotartworld/page1/rule.html; ZIP 중앙목록 및 전체 CRC 확인.; ZIP 내부 PNG만 별도 추출/전체 디코딩 확인. 아카이브 멤버 경로: autotile-ex/SA-GBorderB01.png,2641,200,autotile-ex/SA-GBorderB01.png,オートタイル1（屋外用）
SA-GBorderB02.png,autotile,https://yms.main.jp/dotartworld/page3/autotiles01.html,https://yms.main.jp/dotartworld/sozai/autotile2/autotile-ex.zip,SA-GBorderB02.png,/home/main/.local/share/oprn/pixel-art-world-downloads/archive-images/autotile-ex/autotile-ex/SA-GBorderB02.png,96,128,64062ac74e79ab7fccb291afd4f26408142d78b510ebdefbdb24b41c650dba1d,extracted_verified,개인 로컬 수집; 소재 재배포 금지; 공개 작품에 Pixel Art World/ドット絵世界 크레딧. 조건: https://yms.main.jp/dotartworld/page1/rule.html; ZIP 중앙목록 및 전체 CRC 확인.; ZIP 내부 PNG만 별도 추출/전체 디코딩 확인. 아카이브 멤버 경로: autotile-ex/SA-GBorderB02.png,3750,200,autotile-ex/SA-GBorderB02.png,オートタイル1（屋外用）
SA-GBorderC01.png,autotile,https://yms.main.jp/dotartworld/page3/autotiles01.html,https://yms.main.jp/dotartworld/sozai/autotile2/autotile-ex.zip,SA-GBorderC01.png,/home/main/.local/share/oprn/pixel-art-world-downloads/archive-images/autotile-ex/autotile-ex/SA-GBorderC01.png,96,128,f3755cd0c2b6b02a9c162222585b6b3bcceb44f6195a997122b755459fe3da59,extracted_verified,개인 로컬 수집; 소재 재배포 금지; 공개 작품에 Pixel Art World/ドット絵世界 크레딧. 조건: https://yms.main.jp/dotartworld/page1/rule.html; ZIP 중앙목록 및 전체 CRC 확인.; ZIP 내부 PNG만 별도 추출/전체 디코딩 확인. 아카이브 멤버 경로: autotile-ex/SA-GBorderC01.png,1383,200,autotile-ex/SA-GBorderC01.png,オートタイル1（屋外用）
SA-GBorderC02.png,autotile,https://yms.main.jp/dotartworld/page3/autotiles01.html,https://yms.main.jp/dotartworld/sozai/autotile2/autotile-ex.zip,SA-GBorderC02.png,/home/main/.local/share/oprn/pixel-art-world-downloads/archive-images/autotile-ex/autotile-ex/SA-GBorderC02.png,96,128,5099645c9ca3362cc1a692886eb354489b45d74bd5ceb3b6353aa0bc16564f2c,extracted_verified,개인 로컬 수집; 소재 재배포 금지; 공개 작품에 Pixel Art World/ドット絵世界 크레딧. 조건: https://yms.main.jp/dotartworld/page1/rule.html; ZIP 중앙목록 및 전체 CRC 확인.; ZIP 내부 PNG만 별도 추출/전체 디코딩 확인. 아카이브 멤버 경로: autotile-ex/SA-GBorderC02.png,1571,200,autotile-ex/SA-GBorderC02.png,オートタイル1（屋外用）
SA-GBorderC03.png,autotile,https://yms.main.jp/dotartworld/page3/autotiles01.html,https://yms.main.jp/dotartworld/sozai/autotile2/autotile-ex.zip,SA-GBorderC03.png,/home/main/.local/share/oprn/pixel-art-world-downloads/archive-images/autotile-ex/autotile-ex/SA-GBorderC03.png,96,128,526b8eaa252ecead2417d9799340805bb67044248da385407b33396d401991e4,extracted_verified,개인 로컬 수집; 소재 재배포 금지; 공개 작품에 Pixel Art World/ドット絵世界 크레딧. 조건: https://yms.main.jp/dotartworld/page1/rule.html; ZIP 중앙목록 및 전체 CRC 확인.; ZIP 내부 PNG만 별도 추출/전체 디코딩 확인. 아카이브 멤버 경로: autotile-ex/SA-GBorderC03.png,3447,200,autotile-ex/SA-GBorderC03.png,オートタイル1（屋外用）
SA-GrassC01.png,autotile,https://yms.main.jp/dotartworld/page3/autotiles01.html,https://yms.main.jp/dotartworld/sozai/autotile2/autotile-ex.zip,SA-GrassC01.png,/home/main/.local/share/oprn/pixel-art-world-downloads/archive-images/autotile-ex/autotile-ex/SA-GrassC01.png,96,128,707722057efcc37367c73a98cc1e78d51fb704afc9a743d03f65f56118afc97a,extracted_verified,개인 로컬 수집; 소재 재배포 금지; 공개 작품에 Pixel Art World/ドット絵世界 크레딧. 조건: https://yms.main.jp/dotartworld/page1/rule.html; ZIP 중앙목록 및 전체 CRC 확인.; ZIP 내부 PNG만 별도 추출/전체 디코딩 확인. 아카이브 멤버 경로: autotile-ex/SA-GrassC01.png,2036,200,autotile-ex/SA-GrassC01.png,オートタイル1（屋外用）
SA-GrassC02.png,autotile,https://yms.main.jp/dotartworld/page3/autotiles01.html,https://yms.main.jp/dotartworld/sozai/autotile2/autotile-ex.zip,SA-GrassC02.png,/home/main/.local/share/oprn/pixel-art-world-downloads/archive-images/autotile-ex/autotile-ex/SA-GrassC02.png,96,128,a09d78e5cb1997f2e8edd711732793868dee0228a9c51fc6ae932ce379c5699a,extracted_verified,개인 로컬 수집; 소재 재배포 금지; 공개 작품에 Pixel Art World/ドット絵世界 크레딧. 조건: https://yms.main.jp/dotartworld/page1/rule.html; ZIP 중앙목록 및 전체 CRC 확인.; ZIP 내부 PNG만 별도 추출/전체 디코딩 확인. 아카이브 멤버 경로: autotile-ex/SA-GrassC02.png,1923,200,autotile-ex/SA-GrassC02.png,オートタイル1（屋外用）
SA-GrassC03.png,autotile,https://yms.main.jp/dotartworld/page3/autotiles01.html,https://yms.main.jp/dotartworld/sozai/autotile2/autotile-ex.zip,SA-GrassC03.png,/home/main/.local/share/oprn/pixel-art-world-downloads/archive-images/autotile-ex/autotile-ex/SA-GrassC03.png,96,128,036bb7b541cd28a793125503d9db7b098879e1d366fe3c69414bcddd29f31c26,extracted_verified,개인 로컬 수집; 소재 재배포 금지; 공개 작품에 Pixel Art World/ドット絵世界 크레딧. 조건: https://yms.main.jp/dotartworld/page1/rule.html; ZIP 중앙목록 및 전체 CRC 확인.; ZIP 내부 PNG만 별도 추출/전체 디코딩 확인. 아카이브 멤버 경로: autotile-ex/SA-GrassC03.png,1331,200,autotile-ex/SA-GrassC03.png,オートタイル1（屋外用）
SA-GrassD01.png,autotile,https://yms.main.jp/dotartworld/page3/autotiles01.html,https://yms.main.jp/dotartworld/sozai/autotile2/autotile-ex.zip,SA-GrassD01.png,/home/main/.local/share/oprn/pixel-art-world-downloads/archive-images/autotile-ex/autotile-ex/SA-GrassD01.png,96,128,f742ce5684f839f580f2fed551c2dd094455b7d03972568525fbc8fcf9080e69,extracted_verified,개인 로컬 수집; 소재 재배포 금지; 공개 작품에 Pixel Art World/ドット絵世界 크레딧. 조건: https://yms.main.jp/dotartworld/page1/rule.html; ZIP 중앙목록 및 전체 CRC 확인.; ZIP 내부 PNG만 별도 추출/전체 디코딩 확인. 아카이브 멤버 경로: autotile-ex/SA-GrassD01.png,2036,200,autotile-ex/SA-GrassD01.png,オートタイル1（屋外用）
SA-GrassD02.png,autotile,https://yms.main.jp/dotartworld/page3/autotiles01.html,https://yms.main.jp/dotartworld/sozai/autotile2/autotile-ex.zip,SA-GrassD02.png,/home/main/.local/share/oprn/pixel-art-world-downloads/archive-images/autotile-ex/autotile-ex/SA-GrassD02.png,96,128,381c7aff9cb4835f9e63d30e1d6aba2ce13441ff2983a38fc4bd6825235de38d,extracted_verified,개인 로컬 수집; 소재 재배포 금지; 공개 작품에 Pixel Art World/ドット絵世界 크레딧. 조건: https://yms.main.jp/dotartworld/page1/rule.html; ZIP 중앙목록 및 전체 CRC 확인.; ZIP 내부 PNG만 별도 추출/전체 디코딩 확인. 아카이브 멤버 경로: autotile-ex/SA-GrassD02.png,1923,200,autotile-ex/SA-GrassD02.png,オートタイル1（屋外用）
SA-GrassD03.png,autotile,https://yms.main.jp/dotartworld/page3/autotiles01.html,https://yms.main.jp/dotartworld/sozai/autotile2/autotile-ex.zip,SA-GrassD03.png,/home/main/.local/share/oprn/pixel-art-world-downloads/archive-images/autotile-ex/autotile-ex/SA-GrassD03.png,96,128,c7553f8a6e583a8d7ce1fe1becd05671ef34e3d89ec125416bf42560c167134c,extracted_verified,개인 로컬 수집; 소재 재배포 금지; 공개 작품에 Pixel Art World/ドット絵世界 크레딧. 조건: https://yms.main.jp/dotartworld/page1/rule.html; ZIP 중앙목록 및 전체 CRC 확인.; ZIP 내부 PNG만 별도 추출/전체 디코딩 확인. 아카이브 멤버 경로: autotile-ex/SA-GrassD03.png,1334,200,autotile-ex/SA-GrassD03.png,オートタイル1（屋外用）
SA-GrassE01.png,autotile,https://yms.main.jp/dotartworld/page3/autotiles01.html,https://yms.main.jp/dotartworld/sozai/autotile2/autotile-ex.zip,SA-GrassE01.png,/home/main/.local/share/oprn/pixel-art-world-downloads/archive-images/autotile-ex/autotile-ex/SA-GrassE01.png,96,128,e3ed42d5e81d07a25abec24511f8c6be4ad8856ecc7bbd62a1e6987bb9565bd2,extracted_verified,개인 로컬 수집; 소재 재배포 금지; 공개 작품에 Pixel Art World/ドット絵世界 크레딧. 조건: https://yms.main.jp/dotartworld/page1/rule.html; ZIP 중앙목록 및 전체 CRC 확인.; ZIP 내부 PNG만 별도 추출/전체 디코딩 확인. 아카이브 멤버 경로: autotile-ex/SA-GrassE01.png,3129,200,autotile-ex/SA-GrassE01.png,オートタイル1（屋外用）
SA-GrassE02.png,autotile,https://yms.main.jp/dotartworld/page3/autotiles01.html,https://yms.main.jp/dotartworld/sozai/autotile2/autotile-ex.zip,SA-GrassE02.png,/home/main/.local/share/oprn/pixel-art-world-downloads/archive-images/autotile-ex/autotile-ex/SA-GrassE02.png,96,128,07995fa77a79f1181f6c91d3bc0eba573f6c561f8cf6b79e9c0820d1d490c9dc,extracted_verified,개인 로컬 수집; 소재 재배포 금지; 공개 작품에 Pixel Art World/ドット絵世界 크레딧. 조건: https://yms.main.jp/dotartworld/page1/rule.html; ZIP 중앙목록 및 전체 CRC 확인.; ZIP 내부 PNG만 별도 추출/전체 디코딩 확인. 아카이브 멤버 경로: autotile-ex/SA-GrassE02.png,3370,200,autotile-ex/SA-GrassE02.png,オートタイル1（屋外用）
SA-GrassE03.png,autotile,https://yms.main.jp/dotartworld/page3/autotiles01.html,https://yms.main.jp/dotartworld/sozai/autotile2/autotile-ex.zip,SA-GrassE03.png,/home/main/.local/share/oprn/pixel-art-world-downloads/archive-images/autotile-ex/autotile-ex/SA-GrassE03.png,96,128,42d80aa5706c9e0731847cbcccfee1fa6fdd1cb1d922dc57af83dfe2de4d3671,extracted_verified,개인 로컬 수집; 소재 재배포 금지; 공개 작품에 Pixel Art World/ドット絵世界 크레딧. 조건: https://yms.main.jp/dotartworld/page1/rule.html; ZIP 중앙목록 및 전체 CRC 확인.; ZIP 내부 PNG만 별도 추출/전체 디코딩 확인. 아카이브 멤버 경로: autotile-ex/SA-GrassE03.png,3069,200,autotile-ex/SA-GrassE03.png,オートタイル1（屋外用）
SA-GrassE04.png,autotile,https://yms.main.jp/dotartworld/page3/autotiles01.html,https://yms.main.jp/dotartworld/sozai/autotile2/autotile-ex.zip,SA-GrassE04.png,/home/main/.local/share/oprn/pixel-art-world-downloads/archive-images/autotile-ex/autotile-ex/SA-GrassE04.png,96,128,a5f2ec7743d4f6b297d2160237d3bec311ca8ab7e3b8fb3fe3258b67efe55ee5,extracted_verified,개인 로컬 수집; 소재 재배포 금지; 공개 작품에 Pixel Art World/ドット絵世界 크레딧. 조건: https://yms.main.jp/dotartworld/page1/rule.html; ZIP 중앙목록 및 전체 CRC 확인.; ZIP 내부 PNG만 별도 추출/전체 디코딩 확인. 아카이브 멤버 경로: autotile-ex/SA-GrassE04.png,5495,200,autotile-ex/SA-GrassE04.png,オートタイル1（屋外用）
SA-GrassE05.png,autotile,https://yms.main.jp/dotartworld/page3/autotiles01.html,https://yms.main.jp/dotartworld/sozai/autotile2/autotile-ex.zip,SA-GrassE05.png,/home/main/.local/share/oprn/pixel-art-world-downloads/archive-images/autotile-ex/autotile-ex/SA-GrassE05.png,96,128,7e45bf8a331251fce53effc385a85d4580ddfcc076a147790979a25cd82c4f95,extracted_verified,개인 로컬 수집; 소재 재배포 금지; 공개 작품에 Pixel Art World/ドット絵世界 크레딧. 조건: https://yms.main.jp/dotartworld/page1/rule.html; ZIP 중앙목록 및 전체 CRC 확인.; ZIP 내부 PNG만 별도 추출/전체 디코딩 확인. 아카이브 멤버 경로: autotile-ex/SA-GrassE05.png,4166,200,autotile-ex/SA-GrassE05.png,オートタイル1（屋外用）
SA-GrassE06.png,autotile,https://yms.main.jp/dotartworld/page3/autotiles01.html,https://yms.main.jp/dotartworld/sozai/autotile2/autotile-ex.zip,SA-GrassE06.png,/home/main/.local/share/oprn/pixel-art-world-downloads/archive-images/autotile-ex/autotile-ex/SA-GrassE06.png,96,128,e3f47c770799b1c44b91eb31c3947622a0ce4382c800d642f5c908f664237d78,extracted_verified,개인 로컬 수집; 소재 재배포 금지; 공개 작품에 Pixel Art World/ドット絵世界 크레딧. 조건: https://yms.main.jp/dotartworld/page1/rule.html; ZIP 중앙목록 및 전체 CRC 확인.; ZIP 내부 PNG만 별도 추출/전체 디코딩 확인. 아카이브 멤버 경로: autotile-ex/SA-GrassE06.png,4368,200,autotile-ex/SA-GrassE06.png,オートタイル1（屋外用）
SA-GRoad01.png,autotile,https://yms.main.jp/dotartworld/page3/autotiles01.html,https://yms.main.jp/dotartworld/sozai/autotile2/autotile-ex.zip,SA-GRoad01.png,/home/main/.local/share/oprn/pixel-art-world-downloads/archive-images/autotile-ex/autotile-ex/SA-GRoad01.png,96,128,065b747bc0b0562b1d1780786adfaac8338635927ea0ce5f3c9e09675eb291ce,extracted_verified,개인 로컬 수집; 소재 재배포 금지; 공개 작품에 Pixel Art World/ドット絵世界 크레딧. 조건: https://yms.main.jp/dotartworld/page1/rule.html; ZIP 중앙목록 및 전체 CRC 확인.; ZIP 내부 PNG만 별도 추출/전체 디코딩 확인. 아카이브 멤버 경로: autotile-ex/SA-GRoad01.png,3181,200,autotile-ex/SA-GRoad01.png,オートタイル1（屋外用）
SA-GRoad02.png,autotile,https://yms.main.jp/dotartworld/page3/autotiles01.html,https://yms.main.jp/dotartworld/sozai/autotile2/autotile-ex.zip,SA-GRoad02.png,/home/main/.local/share/oprn/pixel-art-world-downloads/archive-images/autotile-ex/autotile-ex/SA-GRoad02.png,96,128,63b35b9bc8da8f814c9fc872c7c3dfa7def7ac0a8b6767448561b09f790b31c7,extracted_verified,개인 로컬 수집; 소재 재배포 금지; 공개 작품에 Pixel Art World/ドット絵世界 크레딧. 조건: https://yms.main.jp/dotartworld/page1/rule.html; ZIP 중앙목록 및 전체 CRC 확인.; ZIP 내부 PNG만 별도 추출/전체 디코딩 확인. 아카이브 멤버 경로: autotile-ex/SA-GRoad02.png,3605,200,autotile-ex/SA-GRoad02.png,オートタイル1（屋外用）
SA-Ground01.png,autotile,https://yms.main.jp/dotartworld/page3/autotiles01.html,https://yms.main.jp/dotartworld/sozai/autotile2/autotile-ex.zip,SA-Ground01.png,/home/main/.local/share/oprn/pixel-art-world-downloads/archive-images/autotile-ex/autotile-ex/SA-Ground01.png,96,128,ec7f4f6d20889e27ae442ddb4fa9f6823b48f643abcaf31f30eb50cb6a7553ad,extracted_verified,개인 로컬 수집; 소재 재배포 금지; 공개 작품에 Pixel Art World/ドット絵世界 크레딧. 조건: https://yms.main.jp/dotartworld/page1/rule.html; ZIP 중앙목록 및 전체 CRC 확인.; ZIP 내부 PNG만 별도 추출/전체 디코딩 확인. 아카이브 멤버 경로: autotile-ex/SA-Ground01.png,10409,200,autotile-ex/SA-Ground01.png,オートタイル1（屋外用）
SA-Ground02.png,autotile,https://yms.main.jp/dotartworld/page3/autotiles01.html,https://yms.main.jp/dotartworld/sozai/autotile2/autotile-ex.zip,SA-Ground02.png,/home/main/.local/share/oprn/pixel-art-world-downloads/archive-images/autotile-ex/autotile-ex/SA-Ground02.png,96,128,2b794d7816e7e45cd1f3ec7d8b03364aadcd7e1905bd17585b15b15235eab19e,extracted_verified,개인 로컬 수집; 소재 재배포 금지; 공개 작품에 Pixel Art World/ドット絵世界 크레딧. 조건: https://yms.main.jp/dotartworld/page1/rule.html; ZIP 중앙목록 및 전체 CRC 확인.; ZIP 내부 PNG만 별도 추출/전체 디코딩 확인. 아카이브 멤버 경로: autotile-ex/SA-Ground02.png,11491,200,autotile-ex/SA-Ground02.png,オートタイル1（屋外用）
SA-Ground03.png,autotile,https://yms.main.jp/dotartworld/page3/autotiles01.html,https://yms.main.jp/dotartworld/sozai/autotile2/autotile-ex.zip,SA-Ground03.png,/home/main/.local/share/oprn/pixel-art-world-downloads/archive-images/autotile-ex/autotile-ex/SA-Ground03.png,96,128,d8bafd342b989100ee2b76cbf7a9528f4b345132b507a445147b8ad0227b5246,extracted_verified,개인 로컬 수집; 소재 재배포 금지; 공개 작품에 Pixel Art World/ドット絵世界 크레딧. 조건: https://yms.main.jp/dotartworld/page1/rule.html; ZIP 중앙목록 및 전체 CRC 확인.; ZIP 내부 PNG만 별도 추출/전체 디코딩 확인. 아카이브 멤버 경로: autotile-ex/SA-Ground03.png,11021,200,autotile-ex/SA-Ground03.png,オートタイル1（屋外用）
SA-GroundBase01.png,autotile,https://yms.main.jp/dotartworld/page3/autotiles01.html,https://yms.main.jp/dotartworld/sozai/autotile2/autotile-ex.zip,SA-GroundBase01.png,/home/main/.local/share/oprn/pixel-art-world-downloads/archive-images/autotile-ex/autotile-ex/SA-GroundBase01.png,96,128,df2f0cfbbbe3fac3a80c4cdedce08b57d7aa8373b457d1090f5773ac28b98b3d,extracted_verified,개인 로컬 수집; 소재 재배포 금지; 공개 작품에 Pixel Art World/ドット絵世界 크레딧. 조건: https://yms.main.jp/dotartworld/page1/rule.html; ZIP 중앙목록 및 전체 CRC 확인.; ZIP 내부 PNG만 별도 추출/전체 디코딩 확인. 아카이브 멤버 경로: autotile-ex/SA-GroundBase01.png,2097,200,autotile-ex/SA-GroundBase01.png,オートタイル1（屋外用）
SA-GroundG01.png,autotile,https://yms.main.jp/dotartworld/page3/autotiles01.html,https://yms.main.jp/dotartworld/sozai/autotile2/autotile-ex.zip,SA-GroundG01.png,/home/main/.local/share/oprn/pixel-art-world-downloads/archive-images/autotile-ex/autotile-ex/SA-GroundG01.png,96,128,5fde882a88c0fa15237776b74e4ac03f5e0fb0014f5e3e3771377e22999cde7c,extracted_verified,개인 로컬 수집; 소재 재배포 금지; 공개 작품에 Pixel Art World/ドット絵世界 크레딧. 조건: https://yms.main.jp/dotartworld/page1/rule.html; ZIP 중앙목록 및 전체 CRC 확인.; ZIP 내부 PNG만 별도 추출/전체 디코딩 확인. 아카이브 멤버 경로: autotile-ex/SA-GroundG01.png,966,200,autotile-ex/SA-GroundG01.png,オートタイル1（屋外用）
SA-GroundG02.png,autotile,https://yms.main.jp/dotartworld/page3/autotiles01.html,https://yms.main.jp/dotartworld/sozai/autotile2/autotile-ex.zip,SA-GroundG02.png,/home/main/.local/share/oprn/pixel-art-world-downloads/archive-images/autotile-ex/autotile-ex/SA-GroundG02.png,96,128,f498e1e462768f7a033c846852f88bbe97947d045585dfeb8cd26fc7b9c911a2,extracted_verified,개인 로컬 수집; 소재 재배포 금지; 공개 작품에 Pixel Art World/ドット絵世界 크레딧. 조건: https://yms.main.jp/dotartworld/page1/rule.html; ZIP 중앙목록 및 전체 CRC 확인.; ZIP 내부 PNG만 별도 추출/전체 디코딩 확인. 아카이브 멤버 경로: autotile-ex/SA-GroundG02.png,5382,200,autotile-ex/SA-GroundG02.png,オートタイル1（屋外用）
SA-GroundG03.png,autotile,https://yms.main.jp/dotartworld/page3/autotiles01.html,https://yms.main.jp/dotartworld/sozai/autotile2/autotile-ex.zip,SA-GroundG03.png,/home/main/.local/share/oprn/pixel-art-world-downloads/archive-images/autotile-ex/autotile-ex/SA-GroundG03.png,96,128,a203f079c921096fcd32f11362bbd2e3655a4c5593c6c29fe473875d31017736,extracted_verified,개인 로컬 수집; 소재 재배포 금지; 공개 작품에 Pixel Art World/ドット絵世界 크레딧. 조건: https://yms.main.jp/dotartworld/page1/rule.html; ZIP 중앙목록 및 전체 CRC 확인.; ZIP 내부 PNG만 별도 추출/전체 디코딩 확인. 아카이브 멤버 경로: autotile-ex/SA-GroundG03.png,3826,200,autotile-ex/SA-GroundG03.png,オートタイル1（屋外用）
SA-GroundG04.png,autotile,https://yms.main.jp/dotartworld/page3/autotiles01.html,https://yms.main.jp/dotartworld/sozai/autotile2/autotile-ex.zip,SA-GroundG04.png,/home/main/.local/share/oprn/pixel-art-world-downloads/archive-images/autotile-ex/autotile-ex/SA-GroundG04.png,96,128,db3badaa302e62a9f149086674446d94868049ea1fd77c825ac65732c97883a5,extracted_verified,개인 로컬 수집; 소재 재배포 금지; 공개 작품에 Pixel Art World/ドット絵世界 크레딧. 조건: https://yms.main.jp/dotartworld/page1/rule.html; ZIP 중앙목록 및 전체 CRC 확인.; ZIP 내부 PNG만 별도 추출/전체 디코딩 확인. 아카이브 멤버 경로: autotile-ex/SA-GroundG04.png,5224,200,autotile-ex/SA-GroundG04.png,オートタイル1（屋外用）
SA-GroundG05.png,autotile,https://yms.main.jp/dotartworld/page3/autotiles01.html,https://yms.main.jp/dotartworld/sozai/autotile2/autotile-ex.zip,SA-GroundG05.png,/home/main/.local/share/oprn/pixel-art-world-downloads/archive-images/autotile-ex/autotile-ex/SA-GroundG05.png,96,128,a46f40cf4b95631903da122862e75483e0b178597f5531f9a874c7ed4bfe0820,extracted_verified,개인 로컬 수집; 소재 재배포 금지; 공개 작품에 Pixel Art World/ドット絵世界 크레딧. 조건: https://yms.main.jp/dotartworld/page1/rule.html; ZIP 중앙목록 및 전체 CRC 확인.; ZIP 내부 PNG만 별도 추출/전체 디코딩 확인. 아카이브 멤버 경로: autotile-ex/SA-GroundG05.png,3618,200,autotile-ex/SA-GroundG05.png,オートタイル1（屋外用）
SA-GroundG06.png,autotile,https://yms.main.jp/dotartworld/page3/autotiles01.html,https://yms.main.jp/dotartworld/sozai/autotile2/autotile-ex.zip,SA-GroundG06.png,/home/main/.local/share/oprn/pixel-art-world-downloads/archive-images/autotile-ex/autotile-ex/SA-GroundG06.png,96,128,de4b193908be878d3814f433918e070190089b36dcc768cce03e00679203f37c,extracted_verified,개인 로컬 수집; 소재 재배포 금지; 공개 작품에 Pixel Art World/ドット絵世界 크레딧. 조건: https://yms.main.jp/dotartworld/page1/rule.html; ZIP 중앙목록 및 전체 CRC 확인.; ZIP 내부 PNG만 별도 추출/전체 디코딩 확인. 아카이브 멤버 경로: autotile-ex/SA-GroundG06.png,3372,200,autotile-ex/SA-GroundG06.png,オートタイル1（屋外用）
SA-GroundGS01.png,autotile,https://yms.main.jp/dotartworld/page3/autotiles01.html,https://yms.main.jp/dotartworld/sozai/autotile2/autotile-ex.zip,SA-GroundGS01.png,/home/main/.local/share/oprn/pixel-art-world-downloads/archive-images/autotile-ex/autotile-ex/SA-GroundGS01.png,96,128,715ea75793300a84c2d96c6399873fc58eeb479d5b572f6f55dbb93451be837f,extracted_verified,개인 로컬 수집; 소재 재배포 금지; 공개 작품에 Pixel Art World/ドット絵世界 크레딧. 조건: https://yms.main.jp/dotartworld/page1/rule.html; ZIP 중앙목록 및 전체 CRC 확인.; ZIP 내부 PNG만 별도 추출/전체 디코딩 확인. 아카이브 멤버 경로: autotile-ex/SA-GroundGS01.png,966,200,autotile-ex/SA-GroundGS01.png,オートタイル1（屋外用）
SA-GroundY01.png,autotile,https://yms.main.jp/dotartworld/page3/autotiles01.html,https://yms.main.jp/dotartworld/sozai/autotile2/autotile-ex.zip,SA-GroundY01.png,/home/main/.local/share/oprn/pixel-art-world-downloads/archive-images/autotile-ex/autotile-ex/SA-GroundY01.png,96,128,e551c1b70fde23a4b7f776a0da43e7d20402fdcfe9de59c18de25af694f6b786,extracted_verified,개인 로컬 수집; 소재 재배포 금지; 공개 작품에 Pixel Art World/ドット絵世界 크레딧. 조건: https://yms.main.jp/dotartworld/page1/rule.html; ZIP 중앙목록 및 전체 CRC 확인.; ZIP 내부 PNG만 별도 추출/전체 디코딩 확인. 아카이브 멤버 경로: autotile-ex/SA-GroundY01.png,5293,200,autotile-ex/SA-GroundY01.png,オートタイル1（屋外用）
SA-Hatake01.png,autotile,https://yms.main.jp/dotartworld/page3/autotiles01.html,https://yms.main.jp/dotartworld/sozai/autotile2/autotile-ex.zip,SA-Hatake01.png,/home/main/.local/share/oprn/pixel-art-world-downloads/archive-images/autotile-ex/autotile-ex/SA-Hatake01.png,96,128,cb33fb4239613479abb4f705faaabef10a9e940d60b349dd5a535a41f65d5da8,extracted_verified,개인 로컬 수집; 소재 재배포 금지; 공개 작품에 Pixel Art World/ドット絵世界 크레딧. 조건: https://yms.main.jp/dotartworld/page1/rule.html; ZIP 중앙목록 및 전체 CRC 확인.; ZIP 내부 PNG만 별도 추출/전체 디코딩 확인. 아카이브 멤버 경로: autotile-ex/SA-Hatake01.png,3655,200,autotile-ex/SA-Hatake01.png,オートタイル1（屋外用）
SA-Hatake02.png,autotile,https://yms.main.jp/dotartworld/page3/autotiles01.html,https://yms.main.jp/dotartworld/sozai/autotile2/autotile-ex.zip,SA-Hatake02.png,/home/main/.local/share/oprn/pixel-art-world-downloads/archive-images/autotile-ex/autotile-ex/SA-Hatake02.png,96,128,02042abd8b045fc5d784b0e98b21f5aff4000bedebc3b03c5a264a431447b144,extracted_verified,개인 로컬 수집; 소재 재배포 금지; 공개 작품에 Pixel Art World/ドット絵世界 크레딧. 조건: https://yms.main.jp/dotartworld/page1/rule.html; ZIP 중앙목록 및 전체 CRC 확인.; ZIP 내부 PNG만 별도 추출/전체 디코딩 확인. 아카이브 멤버 경로: autotile-ex/SA-Hatake02.png,3906,200,autotile-ex/SA-Hatake02.png,オートタイル1（屋外用）
SA-Hatake03.png,autotile,https://yms.main.jp/dotartworld/page3/autotiles01.html,https://yms.main.jp/dotartworld/sozai/autotile2/autotile-ex.zip,SA-Hatake03.png,/home/main/.local/share/oprn/pixel-art-world-downloads/archive-images/autotile-ex/autotile-ex/SA-Hatake03.png,96,128,f85f57fc22fb0b791b8528fb1329285750c3e85293ef9d11cdd61ddfb6fe7a69,extracted_verified,개인 로컬 수집; 소재 재배포 금지; 공개 작품에 Pixel Art World/ドット絵世界 크레딧. 조건: https://yms.main.jp/dotartworld/page1/rule.html; ZIP 중앙목록 및 전체 CRC 확인.; ZIP 내부 PNG만 별도 추출/전체 디코딩 확인. 아카이브 멤버 경로: autotile-ex/SA-Hatake03.png,3658,200,autotile-ex/SA-Hatake03.png,オートタイル1（屋外用）
SA-Hatake04.png,autotile,https://yms.main.jp/dotartworld/page3/autotiles01.html,https://yms.main.jp/dotartworld/sozai/autotile2/autotile-ex.zip,SA-Hatake04.png,/home/main/.local/share/oprn/pixel-art-world-downloads/archive-images/autotile-ex/autotile-ex/SA-Hatake04.png,96,128,7cbcb9991ffa4c3e576e5b149afe76c20b197b1766fc59ab19cf09ac882c1225,extracted_verified,개인 로컬 수집; 소재 재배포 금지; 공개 작품에 Pixel Art World/ドット絵世界 크레딧. 조건: https://yms.main.jp/dotartworld/page1/rule.html; ZIP 중앙목록 및 전체 CRC 확인.; ZIP 내부 PNG만 별도 추출/전체 디코딩 확인. 아카이브 멤버 경로: autotile-ex/SA-Hatake04.png,3673,200,autotile-ex/SA-Hatake04.png,オートタイル1（屋外用）
SA-Hatake05.png,autotile,https://yms.main.jp/dotartworld/page3/autotiles01.html,https://yms.main.jp/dotartworld/sozai/autotile2/autotile-ex.zip,SA-Hatake05.png,/home/main/.local/share/oprn/pixel-art-world-downloads/archive-images/autotile-ex/autotile-ex/SA-Hatake05.png,96,128,82aafb6427b178ad242dcd6415300b74361f314b55d303ccf695fbda58f7248e,extracted_verified,개인 로컬 수집; 소재 재배포 금지; 공개 작품에 Pixel Art World/ドット絵世界 크레딧. 조건: https://yms.main.jp/dotartworld/page1/rule.html; ZIP 중앙목록 및 전체 CRC 확인.; ZIP 내부 PNG만 별도 추출/전체 디코딩 확인. 아카이브 멤버 경로: autotile-ex/SA-Hatake05.png,3949,200,autotile-ex/SA-Hatake05.png,オートタイル1（屋外用）
SA-Hatake06.png,autotile,https://yms.main.jp/dotartworld/page3/autotiles01.html,https://yms.main.jp/dotartworld/sozai/autotile2/autotile-ex.zip,SA-Hatake06.png,/home/main/.local/share/oprn/pixel-art-world-downloads/archive-images/autotile-ex/autotile-ex/SA-Hatake06.png,96,128,99c3bcc6ccd4ead736b635c98c82a16ba6e24421550b0d431cff4144a8e53578,extracted_verified,개인 로컬 수집; 소재 재배포 금지; 공개 작품에 Pixel Art World/ドット絵世界 크레딧. 조건: https://yms.main.jp/dotartworld/page1/rule.html; ZIP 중앙목록 및 전체 CRC 확인.; ZIP 내부 PNG만 별도 추출/전체 디코딩 확인. 아카이브 멤버 경로: autotile-ex/SA-Hatake06.png,3788,200,autotile-ex/SA-Hatake06.png,オートタイル1（屋外用）
SA-HatakeB01.png,autotile,https://yms.main.jp/dotartworld/page3/autotiles01.html,https://yms.main.jp/dotartworld/sozai/autotile2/autotile-ex.zip,SA-HatakeB01.png,/home/main/.local/share/oprn/pixel-art-world-downloads/archive-images/autotile-ex/autotile-ex/SA-HatakeB01.png,96,128,9b12d0270dbd431b76c565e95f33ee7f51f9606415edfe3ecfcef92eb1c3b099,extracted_verified,개인 로컬 수집; 소재 재배포 금지; 공개 작품에 Pixel Art World/ドット絵世界 크레딧. 조건: https://yms.main.jp/dotartworld/page1/rule.html; ZIP 중앙목록 및 전체 CRC 확인.; ZIP 내부 PNG만 별도 추출/전체 디코딩 확인. 아카이브 멤버 경로: autotile-ex/SA-HatakeB01.png,3867,200,autotile-ex/SA-HatakeB01.png,オートタイル1（屋外用）
SA-HatakeB02.png,autotile,https://yms.main.jp/dotartworld/page3/autotiles01.html,https://yms.main.jp/dotartworld/sozai/autotile2/autotile-ex.zip,SA-HatakeB02.png,/home/main/.local/share/oprn/pixel-art-world-downloads/archive-images/autotile-ex/autotile-ex/SA-HatakeB02.png,96,128,da57b8718ee974a9482dcde762183a64e5925a07d3792f165c4e17a12bfcfff1,extracted_verified,개인 로컬 수집; 소재 재배포 금지; 공개 작품에 Pixel Art World/ドット絵世界 크레딧. 조건: https://yms.main.jp/dotartworld/page1/rule.html; ZIP 중앙목록 및 전체 CRC 확인.; ZIP 내부 PNG만 별도 추출/전체 디코딩 확인. 아카이브 멤버 경로: autotile-ex/SA-HatakeB02.png,3909,200,autotile-ex/SA-HatakeB02.png,オートタイル1（屋外用）
SA-HatakeB03.png,autotile,https://yms.main.jp/dotartworld/page3/autotiles01.html,https://yms.main.jp/dotartworld/sozai/autotile2/autotile-ex.zip,SA-HatakeB03.png,/home/main/.local/share/oprn/pixel-art-world-downloads/archive-images/autotile-ex/autotile-ex/SA-HatakeB03.png,96,128,a9b9ce37b9280984c5e3426157aeb716d693c089cd1999313d80dde56489d5a0,extracted_verified,개인 로컬 수집; 소재 재배포 금지; 공개 작품에 Pixel Art World/ドット絵世界 크레딧. 조건: https://yms.main.jp/dotartworld/page1/rule.html; ZIP 중앙목록 및 전체 CRC 확인.; ZIP 내부 PNG만 별도 추출/전체 디코딩 확인. 아카이브 멤버 경로: autotile-ex/SA-HatakeB03.png,3921,200,autotile-ex/SA-HatakeB03.png,オートタイル1（屋外用）
SA-HatakeB04.png,autotile,https://yms.main.jp/dotartworld/page3/autotiles01.html,https://yms.main.jp/dotartworld/sozai/autotile2/autotile-ex.zip,SA-HatakeB04.png,/home/main/.local/share/oprn/pixel-art-world-downloads/archive-images/autotile-ex/autotile-ex/SA-HatakeB04.png,96,128,01466cdfed00529581f8c14ba6b4f188212c07992cde88dddef7effb14ef0b78,extracted_verified,개인 로컬 수집; 소재 재배포 금지; 공개 작품에 Pixel Art World/ドット絵世界 크레딧. 조건: https://yms.main.jp/dotartworld/page1/rule.html; ZIP 중앙목록 및 전체 CRC 확인.; ZIP 내부 PNG만 별도 추출/전체 디코딩 확인. 아카이브 멤버 경로: autotile-ex/SA-HatakeB04.png,3853,200,autotile-ex/SA-HatakeB04.png,オートタイル1（屋外用）
SA-HatakeB05.png,autotile,https://yms.main.jp/dotartworld/page3/autotiles01.html,https://yms.main.jp/dotartworld/sozai/autotile2/autotile-ex.zip,SA-HatakeB05.png,/home/main/.local/share/oprn/pixel-art-world-downloads/archive-images/autotile-ex/autotile-ex/SA-HatakeB05.png,96,128,3ade22091f7c5f1a04be6dd16ecb7708fe88efcfa952c0ed1972ba8eac2aca2e,extracted_verified,개인 로컬 수집; 소재 재배포 금지; 공개 작품에 Pixel Art World/ドット絵世界 크레딧. 조건: https://yms.main.jp/dotartworld/page1/rule.html; ZIP 중앙목록 및 전체 CRC 확인.; ZIP 내부 PNG만 별도 추출/전체 디코딩 확인. 아카이브 멤버 경로: autotile-ex/SA-HatakeB05.png,3969,200,autotile-ex/SA-HatakeB05.png,オートタイル1（屋外用）
SA-HatakeB06.png,autotile,https://yms.main.jp/dotartworld/page3/autotiles01.html,https://yms.main.jp/dotartworld/sozai/autotile2/autotile-ex.zip,SA-HatakeB06.png,/home/main/.local/share/oprn/pixel-art-world-downloads/archive-images/autotile-ex/autotile-ex/SA-HatakeB06.png,96,128,04a7d0dd6bc45e674bd6d3ec684dbf412bad927e2741d22bfe3e3b5dcec2661c,extracted_verified,개인 로컬 수집; 소재 재배포 금지; 공개 작품에 Pixel Art World/ドット絵世界 크레딧. 조건: https://yms.main.jp/dotartworld/page1/rule.html; ZIP 중앙목록 및 전체 CRC 확인.; ZIP 내부 PNG만 별도 추출/전체 디코딩 확인. 아카이브 멤버 경로: autotile-ex/SA-HatakeB06.png,3750,200,autotile-ex/SA-HatakeB06.png,オートタイル1（屋外用）
SA-Ivy01.png,autotile,https://yms.main.jp/dotartworld/page3/autotiles01.html,https://yms.main.jp/dotartworld/sozai/autotile2/autotile-ex.zip,SA-Ivy01.png,/home/main/.local/share/oprn/pixel-art-world-downloads/archive-images/autotile-ex/autotile-ex/SA-Ivy01.png,96,128,de31471aeefa85e81acd0aff52ba49e3a23b843ef363e04b4f1b6fa8c9a91e22,extracted_verified,개인 로컬 수집; 소재 재배포 금지; 공개 작품에 Pixel Art World/ドット絵世界 크레딧. 조건: https://yms.main.jp/dotartworld/page1/rule.html; ZIP 중앙목록 및 전체 CRC 확인.; ZIP 내부 PNG만 별도 추출/전체 디코딩 확인. 아카이브 멤버 경로: autotile-ex/SA-Ivy01.png,3419,200,autotile-ex/SA-Ivy01.png,オートタイル1（屋外用）
SA-Kadan01.png,autotile,https://yms.main.jp/dotartworld/page3/autotiles01.html,https://yms.main.jp/dotartworld/sozai/autotile2/autotile-ex.zip,SA-Kadan01.png,/home/main/.local/share/oprn/pixel-art-world-downloads/archive-images/autotile-ex/autotile-ex/SA-Kadan01.png,96,128,3f9562e32f64a8a346eb8b8da71c98c45b4e183ac0de48b9782abfc5faedd4e9,extracted_verified,개인 로컬 수집; 소재 재배포 금지; 공개 작품에 Pixel Art World/ドット絵世界 크레딧. 조건: https://yms.main.jp/dotartworld/page1/rule.html; ZIP 중앙목록 및 전체 CRC 확인.; ZIP 내부 PNG만 별도 추출/전체 디코딩 확인. 아카이브 멤버 경로: autotile-ex/SA-Kadan01.png,2328,200,autotile-ex/SA-Kadan01.png,オートタイル1（屋外用）
SA-Kadan02.png,autotile,https://yms.main.jp/dotartworld/page3/autotiles01.html,https://yms.main.jp/dotartworld/sozai/autotile2/autotile-ex.zip,SA-Kadan02.png,/home/main/.local/share/oprn/pixel-art-world-downloads/archive-images/autotile-ex/autotile-ex/SA-Kadan02.png,96,128,22dd9be0d28919cbdd8569be3e12d37bde4e2f7c28b2c751d5452de37a928c57,extracted_verified,개인 로컬 수집; 소재 재배포 금지; 공개 작품에 Pixel Art World/ドット絵世界 크레딧. 조건: https://yms.main.jp/dotartworld/page1/rule.html; ZIP 중앙목록 및 전체 CRC 확인.; ZIP 내부 PNG만 별도 추출/전체 디코딩 확인. 아카이브 멤버 경로: autotile-ex/SA-Kadan02.png,2705,200,autotile-ex/SA-Kadan02.png,オートタイル1（屋外用）
SA-Kadan03.png,autotile,https://yms.main.jp/dotartworld/page3/autotiles01.html,https://yms.main.jp/dotartworld/sozai/autotile2/autotile-ex.zip,SA-Kadan03.png,/home/main/.local/share/oprn/pixel-art-world-downloads/archive-images/autotile-ex/autotile-ex/SA-Kadan03.png,96,128,01a01f5f03a6d63be300fd787519b230334253c1d3f21621ef5060a91a501c89,extracted_verified,개인 로컬 수집; 소재 재배포 금지; 공개 작품에 Pixel Art World/ドット絵世界 크레딧. 조건: https://yms.main.jp/dotartworld/page1/rule.html; ZIP 중앙목록 및 전체 CRC 확인.; ZIP 내부 PNG만 별도 추출/전체 디코딩 확인. 아카이브 멤버 경로: autotile-ex/SA-Kadan03.png,2280,200,autotile-ex/SA-Kadan03.png,オートタイル1（屋外用）
SA-Moss01.png,autotile,https://yms.main.jp/dotartworld/page3/autotiles01.html,https://yms.main.jp/dotartworld/sozai/autotile2/autotile-ex.zip,SA-Moss01.png,/home/main/.local/share/oprn/pixel-art-world-downloads/archive-images/autotile-ex/autotile-ex/SA-Moss01.png,96,128,6ddbe20dd0e74d00334116fd11872106c7fb37f7a3e22c77ba54ebbe82c6bceb,extracted_verified,개인 로컬 수집; 소재 재배포 금지; 공개 작품에 Pixel Art World/ドット絵世界 크레딧. 조건: https://yms.main.jp/dotartworld/page1/rule.html; ZIP 중앙목록 및 전체 CRC 확인.; ZIP 내부 PNG만 별도 추출/전체 디코딩 확인. 아카이브 멤버 경로: autotile-ex/SA-Moss01.png,3272,200,autotile-ex/SA-Moss01.png,オートタイル1（屋外用）
SA-Moss02.png,autotile,https://yms.main.jp/dotartworld/page3/autotiles01.html,https://yms.main.jp/dotartworld/sozai/autotile2/autotile-ex.zip,SA-Moss02.png,/home/main/.local/share/oprn/pixel-art-world-downloads/archive-images/autotile-ex/autotile-ex/SA-Moss02.png,96,128,86bb74f31e437d6dcb6937f7d4e2c76dcb333d0af30dbb7eea0753af10a35687,extracted_verified,개인 로컬 수집; 소재 재배포 금지; 공개 작품에 Pixel Art World/ドット絵世界 크레딧. 조건: https://yms.main.jp/dotartworld/page1/rule.html; ZIP 중앙목록 및 전체 CRC 확인.; ZIP 내부 PNG만 별도 추출/전체 디코딩 확인. 아카이브 멤버 경로: autotile-ex/SA-Moss02.png,2705,200,autotile-ex/SA-Moss02.png,オートタイル1（屋外用）
SA-Nanohana01.png,autotile,https://yms.main.jp/dotartworld/page3/autotiles01.html,https://yms.main.jp/dotartworld/sozai/autotile2/autotile-ex.zip,SA-Nanohana01.png,/home/main/.local/share/oprn/pixel-art-world-downloads/archive-images/autotile-ex/autotile-ex/SA-Nanohana01.png,96,128,67acc302f36b2d4188cbe7571f89251f8decedf9ce14fcb62c36e3c86bdc3e22,extracted_verified,개인 로컬 수집; 소재 재배포 금지; 공개 작품에 Pixel Art World/ドット絵世界 크레딧. 조건: https://yms.main.jp/dotartworld/page1/rule.html; ZIP 중앙목록 및 전체 CRC 확인.; ZIP 내부 PNG만 별도 추출/전체 디코딩 확인. 아카이브 멤버 경로: autotile-ex/SA-Nanohana01.png,3264,200,autotile-ex/SA-Nanohana01.png,オートタイル1（屋外用）
SA-Pool01.png,autotile,https://yms.main.jp/dotartworld/page3/autotiles01.html,https://yms.main.jp/dotartworld/sozai/autotile2/autotile-ex.zip,SA-Pool01.png,/home/main/.local/share/oprn/pixel-art-world-downloads/archive-images/autotile-ex/autotile-ex/SA-Pool01.png,96,128,c5d667991f48e48c9ec3ac09ae4e072370e0d6358cc2f10452c4b8c3f9b16b17,extracted_verified,개인 로컬 수집; 소재 재배포 금지; 공개 작품에 Pixel Art World/ドット絵世界 크레딧. 조건: https://yms.main.jp/dotartworld/page1/rule.html; ZIP 중앙목록 및 전체 CRC 확인.; ZIP 내부 PNG만 별도 추출/전체 디코딩 확인. 아카이브 멤버 경로: autotile-ex/SA-Pool01.png,2990,200,autotile-ex/SA-Pool01.png,オートタイル1（屋外用）
SA-Pool02.png,autotile,https://yms.main.jp/dotartworld/page3/autotiles01.html,https://yms.main.jp/dotartworld/sozai/autotile2/autotile-ex.zip,SA-Pool02.png,/home/main/.local/share/oprn/pixel-art-world-downloads/archive-images/autotile-ex/autotile-ex/SA-Pool02.png,96,128,014cf4fbd29c2ba9f32d53fc88fc4d123f04763f0b7c51075fc17ffdcfa97d96,extracted_verified,개인 로컬 수집; 소재 재배포 금지; 공개 작품에 Pixel Art World/ドット絵世界 크레딧. 조건: https://yms.main.jp/dotartworld/page1/rule.html; ZIP 중앙목록 및 전체 CRC 확인.; ZIP 내부 PNG만 별도 추출/전체 디코딩 확인. 아카이브 멤버 경로: autotile-ex/SA-Pool02.png,2988,200,autotile-ex/SA-Pool02.png,オートタイル1（屋外用）
SA-Pumkin01.png,autotile,https://yms.main.jp/dotartworld/page3/autotiles01.html,https://yms.main.jp/dotartworld/sozai/autotile2/autotile-ex.zip,SA-Pumkin01.png,/home/main/.local/share/oprn/pixel-art-world-downloads/archive-images/autotile-ex/autotile-ex/SA-Pumkin01.png,96,128,5aebdd6fb715e6ad043f48cbcebf8aa788f18cefc8eba85c2d71b4b74184e143,extracted_verified,개인 로컬 수집; 소재 재배포 금지; 공개 작품에 Pixel Art World/ドット絵世界 크레딧. 조건: https://yms.main.jp/dotartworld/page1/rule.html; ZIP 중앙목록 및 전체 CRC 확인.; ZIP 내부 PNG만 별도 추출/전체 디코딩 확인. 아카이브 멤버 경로: autotile-ex/SA-Pumkin01.png,3413,200,autotile-ex/SA-Pumkin01.png,オートタイル1（屋外用）
SA-Pumkin02.png,autotile,https://yms.main.jp/dotartworld/page3/autotiles01.html,https://yms.main.jp/dotartworld/sozai/autotile2/autotile-ex.zip,SA-Pumkin02.png,/home/main/.local/share/oprn/pixel-art-world-downloads/archive-images/autotile-ex/autotile-ex/SA-Pumkin02.png,96,128,46ccfa7c19423bd5af13519eaf7a645ca81fc941993bfdbf3953ddb1e69c06d9,extracted_verified,개인 로컬 수집; 소재 재배포 금지; 공개 작품에 Pixel Art World/ドット絵世界 크레딧. 조건: https://yms.main.jp/dotartworld/page1/rule.html; ZIP 중앙목록 및 전체 CRC 확인.; ZIP 내부 PNG만 별도 추출/전체 디코딩 확인. 아카이브 멤버 경로: autotile-ex/SA-Pumkin02.png,3030,200,autotile-ex/SA-Pumkin02.png,オートタイル1（屋外用）
SA-Pumkin03.png,autotile,https://yms.main.jp/dotartworld/page3/autotiles01.html,https://yms.main.jp/dotartworld/sozai/autotile2/autotile-ex.zip,SA-Pumkin03.png,/home/main/.local/share/oprn/pixel-art-world-downloads/archive-images/autotile-ex/autotile-ex/SA-Pumkin03.png,96,128,ae5d1a169d1d8c5cf9381b4589f0b4e6a0442c483de0748eb858c3ad804ef1b9,extracted_verified,개인 로컬 수집; 소재 재배포 금지; 공개 작품에 Pixel Art World/ドット絵世界 크레딧. 조건: https://yms.main.jp/dotartworld/page1/rule.html; ZIP 중앙목록 및 전체 CRC 확인.; ZIP 내부 PNG만 별도 추출/전체 디코딩 확인. 아카이브 멤버 경로: autotile-ex/SA-Pumkin03.png,1628,200,autotile-ex/SA-Pumkin03.png,オートタイル1（屋外用）
SA-Pumkin04.png,autotile,https://yms.main.jp/dotartworld/page3/autotiles01.html,https://yms.main.jp/dotartworld/sozai/autotile2/autotile-ex.zip,SA-Pumkin04.png,/home/main/.local/share/oprn/pixel-art-world-downloads/archive-images/autotile-ex/autotile-ex/SA-Pumkin04.png,96,128,6ccda5fccad164d65e695dd46b49841e70a2eb0875ce5194e36f0c7cfdc298e1,extracted_verified,개인 로컬 수집; 소재 재배포 금지; 공개 작품에 Pixel Art World/ドット絵世界 크레딧. 조건: https://yms.main.jp/dotartworld/page1/rule.html; ZIP 중앙목록 및 전체 CRC 확인.; ZIP 내부 PNG만 별도 추출/전체 디코딩 확인. 아카이브 멤버 경로: autotile-ex/SA-Pumkin04.png,2088,200,autotile-ex/SA-Pumkin04.png,オートタイル1（屋外用）
SA-Road01.png,autotile,https://yms.main.jp/dotartworld/page3/autotiles01.html,https://yms.main.jp/dotartworld/sozai/autotile2/autotile-ex.zip,SA-Road01.png,/home/main/.local/share/oprn/pixel-art-world-downloads/archive-images/autotile-ex/autotile-ex/SA-Road01.png,96,128,39eb3e4642f97c44d849f81815594b223b1dfb9f2edf0a6a51b50b862d0d8b1d,extracted_verified,개인 로컬 수집; 소재 재배포 금지; 공개 작품에 Pixel Art World/ドット絵世界 크레딧. 조건: https://yms.main.jp/dotartworld/page1/rule.html; ZIP 중앙목록 및 전체 CRC 확인.; ZIP 내부 PNG만 별도 추출/전체 디코딩 확인. 아카이브 멤버 경로: autotile-ex/SA-Road01.png,1397,200,autotile-ex/SA-Road01.png,オートタイル1（屋外用）
SA-Road02.png,autotile,https://yms.main.jp/dotartworld/page3/autotiles01.html,https://yms.main.jp/dotartworld/sozai/autotile2/autotile-ex.zip,SA-Road02.png,/home/main/.local/share/oprn/pixel-art-world-downloads/archive-images/autotile-ex/autotile-ex/SA-Road02.png,96,128,75143c8774d6bf9ede0850784c8878116f70ca08db2f8151b9a889095793c77a,extracted_verified,개인 로컬 수집; 소재 재배포 금지; 공개 작품에 Pixel Art World/ドット絵世界 크레딧. 조건: https://yms.main.jp/dotartworld/page1/rule.html; ZIP 중앙목록 및 전체 CRC 확인.; ZIP 내부 PNG만 별도 추출/전체 디코딩 확인. 아카이브 멤버 경로: autotile-ex/SA-Road02.png,1357,200,autotile-ex/SA-Road02.png,オートタイル1（屋外用）
SA-RoadT01.png,autotile,https://yms.main.jp/dotartworld/page3/autotiles01.html,https://yms.main.jp/dotartworld/sozai/autotile2/autotile-ex.zip,SA-RoadT01.png,/home/main/.local/share/oprn/pixel-art-world-downloads/archive-images/autotile-ex/autotile-ex/SA-RoadT01.png,96,128,8a8546dccddb2720e7f450efb5a1bf9926e4ad617158b440462a424fdb546b5b,extracted_verified,개인 로컬 수집; 소재 재배포 금지; 공개 작품에 Pixel Art World/ドット絵世界 크레딧. 조건: https://yms.main.jp/dotartworld/page1/rule.html; ZIP 중앙목록 및 전체 CRC 확인.; ZIP 내부 PNG만 별도 추출/전체 디코딩 확인. 아카이브 멤버 경로: autotile-ex/SA-RoadT01.png,6509,200,autotile-ex/SA-RoadT01.png,オートタイル1（屋外用）
SA-Roof01.png,autotile,https://yms.main.jp/dotartworld/page3/autotiles01.html,https://yms.main.jp/dotartworld/sozai/autotile2/autotile-ex.zip,SA-Roof01.png,/home/main/.local/share/oprn/pixel-art-world-downloads/archive-images/autotile-ex/autotile-ex/SA-Roof01.png,96,128,15d7faf904362bb07108b2e407fb750fd242f1c7db9c4ca2f5f27f2e0aec74bb,extracted_verified,개인 로컬 수집; 소재 재배포 금지; 공개 작품에 Pixel Art World/ドット絵世界 크레딧. 조건: https://yms.main.jp/dotartworld/page1/rule.html; ZIP 중앙목록 및 전체 CRC 확인.; ZIP 내부 PNG만 별도 추출/전체 디코딩 확인. 아카이브 멤버 경로: autotile-ex/SA-Roof01.png,965,200,autotile-ex/SA-Roof01.png,オートタイル1（屋外用）
SA-Roof02.png,autotile,https://yms.main.jp/dotartworld/page3/autotiles01.html,https://yms.main.jp/dotartworld/sozai/autotile2/autotile-ex.zip,SA-Roof02.png,/home/main/.local/share/oprn/pixel-art-world-downloads/archive-images/autotile-ex/autotile-ex/SA-Roof02.png,96,128,aeda7393c7487ad44f56349d57005c5b58419c5ac0864b566b2497850339a870,extracted_verified,개인 로컬 수집; 소재 재배포 금지; 공개 작품에 Pixel Art World/ドット絵世界 크레딧. 조건: https://yms.main.jp/dotartworld/page1/rule.html; ZIP 중앙목록 및 전체 CRC 확인.; ZIP 내부 PNG만 별도 추출/전체 디코딩 확인. 아카이브 멤버 경로: autotile-ex/SA-Roof02.png,840,200,autotile-ex/SA-Roof02.png,オートタイル1（屋外用）
SA-Roof03.png,autotile,https://yms.main.jp/dotartworld/page3/autotiles01.html,https://yms.main.jp/dotartworld/sozai/autotile2/autotile-ex.zip,SA-Roof03.png,/home/main/.local/share/oprn/pixel-art-world-downloads/archive-images/autotile-ex/autotile-ex/SA-Roof03.png,96,128,55d8e553744cff68e527f755b600ce978472f62c61684e127bb1da3c578d47ee,extracted_verified,개인 로컬 수집; 소재 재배포 금지; 공개 작품에 Pixel Art World/ドット絵世界 크레딧. 조건: https://yms.main.jp/dotartworld/page1/rule.html; ZIP 중앙목록 및 전체 CRC 확인.; ZIP 내부 PNG만 별도 추출/전체 디코딩 확인. 아카이브 멤버 경로: autotile-ex/SA-Roof03.png,2057,200,autotile-ex/SA-Roof03.png,オートタイル1（屋外用）
SA-Roof04.png,autotile,https://yms.main.jp/dotartworld/page3/autotiles01.html,https://yms.main.jp/dotartworld/sozai/autotile2/autotile-ex.zip,SA-Roof04.png,/home/main/.local/share/oprn/pixel-art-world-downloads/archive-images/autotile-ex/autotile-ex/SA-Roof04.png,96,128,66339559aa492af2d0cc973c7fce0e99ff73ab031a95abcb864c3a71bc9c3a3b,extracted_verified,개인 로컬 수집; 소재 재배포 금지; 공개 작품에 Pixel Art World/ドット絵世界 크레딧. 조건: https://yms.main.jp/dotartworld/page1/rule.html; ZIP 중앙목록 및 전체 CRC 확인.; ZIP 내부 PNG만 별도 추출/전체 디코딩 확인. 아카이브 멤버 경로: autotile-ex/SA-Roof04.png,1944,200,autotile-ex/SA-Roof04.png,オートタイル1（屋外用）
SA-Saku01.png,autotile,https://yms.main.jp/dotartworld/page3/autotiles01.html,https://yms.main.jp/dotartworld/sozai/autotile2/autotile-ex.zip,SA-Saku01.png,/home/main/.local/share/oprn/pixel-art-world-downloads/archive-images/autotile-ex/autotile-ex/SA-Saku01.png,96,128,989bd4ba92aecbc2503929010ead5e50690b45490868e391b593d47c163c0c38,extracted_verified,개인 로컬 수집; 소재 재배포 금지; 공개 작품에 Pixel Art World/ドット絵世界 크레딧. 조건: https://yms.main.jp/dotartworld/page1/rule.html; ZIP 중앙목록 및 전체 CRC 확인.; ZIP 내부 PNG만 별도 추출/전체 디코딩 확인. 아카이브 멤버 경로: autotile-ex/SA-Saku01.png,1037,200,autotile-ex/SA-Saku01.png,オートタイル1（屋外用）
SA-Seawds01.png,autotile,https://yms.main.jp/dotartworld/page3/autotiles01.html,https://yms.main.jp/dotartworld/sozai/autotile2/autotile-ex.zip,SA-Seawds01.png,/home/main/.local/share/oprn/pixel-art-world-downloads/archive-images/autotile-ex/autotile-ex/SA-Seawds01.png,96,128,d4cbc1540c7894c1e9832d8a1d896099a764dc59f3f32721d6832a78b637c693,extracted_verified,개인 로컬 수집; 소재 재배포 금지; 공개 작품에 Pixel Art World/ドット絵世界 크레딧. 조건: https://yms.main.jp/dotartworld/page1/rule.html; ZIP 중앙목록 및 전체 CRC 확인.; ZIP 내부 PNG만 별도 추출/전체 디코딩 확인. 아카이브 멤버 경로: autotile-ex/SA-Seawds01.png,1615,200,autotile-ex/SA-Seawds01.png,オートタイル1（屋外用）
SA-SRoad01.png,autotile,https://yms.main.jp/dotartworld/page3/autotiles01.html,https://yms.main.jp/dotartworld/sozai/autotile2/autotile-ex.zip,SA-SRoad01.png,/home/main/.local/share/oprn/pixel-art-world-downloads/archive-images/autotile-ex/autotile-ex/SA-SRoad01.png,96,128,f984b3e50ff5b2ccf1b94eb441c41f343eabfe7dd5ee1f64e48dbd0a0e12340f,extracted_verified,개인 로컬 수집; 소재 재배포 금지; 공개 작품에 Pixel Art World/ドット絵世界 크레딧. 조건: https://yms.main.jp/dotartworld/page1/rule.html; ZIP 중앙목록 및 전체 CRC 확인.; ZIP 내부 PNG만 별도 추출/전체 디코딩 확인. 아카이브 멤버 경로: autotile-ex/SA-SRoad01.png,4362,200,autotile-ex/SA-SRoad01.png,オートタイル1（屋外用）
SA-SRoad02.png,autotile,https://yms.main.jp/dotartworld/page3/autotiles01.html,https://yms.main.jp/dotartworld/sozai/autotile2/autotile-ex.zip,SA-SRoad02.png,/home/main/.local/share/oprn/pixel-art-world-downloads/archive-images/autotile-ex/autotile-ex/SA-SRoad02.png,96,128,a072e8ec0bbf0d5df83d16e526154df493c4975bdf3e2d1028cbbaac56fd2d90,extracted_verified,개인 로컬 수집; 소재 재배포 금지; 공개 작품에 Pixel Art World/ドット絵世界 크레딧. 조건: https://yms.main.jp/dotartworld/page1/rule.html; ZIP 중앙목록 및 전체 CRC 확인.; ZIP 내부 PNG만 별도 추출/전체 디코딩 확인. 아카이브 멤버 경로: autotile-ex/SA-SRoad02.png,4045,200,autotile-ex/SA-SRoad02.png,オートタイル1（屋外用）
SA-StFence01.png,autotile,https://yms.main.jp/dotartworld/page3/autotiles01.html,https://yms.main.jp/dotartworld/sozai/autotile2/autotile-ex.zip,SA-StFence01.png,/home/main/.local/share/oprn/pixel-art-world-downloads/archive-images/autotile-ex/autotile-ex/SA-StFence01.png,96,128,33c40faba03031fdca7b7bb5ebf2d9d93126b35da8b75f6d534c1a58bc03fbc4,extracted_verified,개인 로컬 수집; 소재 재배포 금지; 공개 작품에 Pixel Art World/ドット絵世界 크레딧. 조건: https://yms.main.jp/dotartworld/page1/rule.html; ZIP 중앙목록 및 전체 CRC 확인.; ZIP 내부 PNG만 별도 추출/전체 디코딩 확인. 아카이브 멤버 경로: autotile-ex/SA-StFence01.png,4070,200,autotile-ex/SA-StFence01.png,オートタイル1（屋外用）
SA-StFence02.png,autotile,https://yms.main.jp/dotartworld/page3/autotiles01.html,https://yms.main.jp/dotartworld/sozai/autotile2/autotile-ex.zip,SA-StFence02.png,/home/main/.local/share/oprn/pixel-art-world-downloads/archive-images/autotile-ex/autotile-ex/SA-StFence02.png,96,128,af0108cc4a48bb9c073a9d68d2d2dbef4049b7fb5c6ae7f975106fb62fc11c5f,extracted_verified,개인 로컬 수집; 소재 재배포 금지; 공개 작품에 Pixel Art World/ドット絵世界 크레딧. 조건: https://yms.main.jp/dotartworld/page1/rule.html; ZIP 중앙목록 및 전체 CRC 확인.; ZIP 내부 PNG만 별도 추출/전체 디코딩 확인. 아카이브 멤버 경로: autotile-ex/SA-StFence02.png,3561,200,autotile-ex/SA-StFence02.png,オートタイル1（屋外用）
SA-StFence03.png,autotile,https://yms.main.jp/dotartworld/page3/autotiles01.html,https://yms.main.jp/dotartworld/sozai/autotile2/autotile-ex.zip,SA-StFence03.png,/home/main/.local/share/oprn/pixel-art-world-downloads/archive-images/autotile-ex/autotile-ex/SA-StFence03.png,96,128,7840db31e83bde5e12c26a67392a2de4b061a24f9cd455a14422e6703593f61f,extracted_verified,개인 로컬 수집; 소재 재배포 금지; 공개 작품에 Pixel Art World/ドット絵世界 크레딧. 조건: https://yms.main.jp/dotartworld/page1/rule.html; ZIP 중앙목록 및 전체 CRC 확인.; ZIP 내부 PNG만 별도 추출/전체 디코딩 확인. 아카이브 멤버 경로: autotile-ex/SA-StFence03.png,9093,200,autotile-ex/SA-StFence03.png,オートタイル1（屋外用）
SA-StFenceBase.png,autotile,https://yms.main.jp/dotartworld/page3/autotiles01.html,https://yms.main.jp/dotartworld/sozai/autotile2/autotile-ex.zip,SA-StFenceBase.png,/home/main/.local/share/oprn/pixel-art-world-downloads/archive-images/autotile-ex/autotile-ex/SA-StFenceBase.png,96,128,1e1a5f5a1150d2fe918a9c16df2a0874df3dddd58ca6aede56910b353f26196c,extracted_verified,개인 로컬 수집; 소재 재배포 금지; 공개 작품에 Pixel Art World/ドット絵世界 크레딧. 조건: https://yms.main.jp/dotartworld/page1/rule.html; ZIP 중앙목록 및 전체 CRC 확인.; ZIP 내부 PNG만 별도 추출/전체 디코딩 확인. 아카이브 멤버 경로: autotile-ex/SA-StFenceBase.png,4078,200,autotile-ex/SA-StFenceBase.png,オートタイル1（屋外用）
SA-Stone01.png,autotile,https://yms.main.jp/dotartworld/page3/autotiles01.html,https://yms.main.jp/dotartworld/sozai/autotile2/autotile-ex.zip,SA-Stone01.png,/home/main/.local/share/oprn/pixel-art-world-downloads/archive-images/autotile-ex/autotile-ex/SA-Stone01.png,96,128,3a77115da410d18348181dd4ebc653cbe39a07d5ef3ea7451359765b53dec0f2,extracted_verified,개인 로컬 수집; 소재 재배포 금지; 공개 작품에 Pixel Art World/ドット絵世界 크레딧. 조건: https://yms.main.jp/dotartworld/page1/rule.html; ZIP 중앙목록 및 전체 CRC 확인.; ZIP 내부 PNG만 별도 추출/전체 디코딩 확인. 아카이브 멤버 경로: autotile-ex/SA-Stone01.png,17463,200,autotile-ex/SA-Stone01.png,オートタイル1（屋外用）
SA-Undulation01.png,autotile,https://yms.main.jp/dotartworld/page3/autotiles01.html,https://yms.main.jp/dotartworld/sozai/autotile2/autotile-ex.zip,SA-Undulation01.png,/home/main/.local/share/oprn/pixel-art-world-downloads/archive-images/autotile-ex/autotile-ex/SA-Undulation01.png,96,128,62a4ca19ebeeb1bdeabac07b17febd78534507cad722ac61ac9ee6b57e18d376,extracted_verified,개인 로컬 수집; 소재 재배포 금지; 공개 작품에 Pixel Art World/ドット絵世界 크레딧. 조건: https://yms.main.jp/dotartworld/page1/rule.html; ZIP 중앙목록 및 전체 CRC 확인.; ZIP 내부 PNG만 별도 추출/전체 디코딩 확인. 아카이브 멤버 경로: autotile-ex/SA-Undulation01.png,12186,200,autotile-ex/SA-Undulation01.png,オートタイル1（屋外用）
SA-Undulation02.png,autotile,https://yms.main.jp/dotartworld/page3/autotiles01.html,https://yms.main.jp/dotartworld/sozai/autotile2/autotile-ex.zip,SA-Undulation02.png,/home/main/.local/share/oprn/pixel-art-world-downloads/archive-images/autotile-ex/autotile-ex/SA-Undulation02.png,96,128,740f4bf70b52cd78d0214e2a1683c253fae3ab466a1a20faed9dd69cecbd5083,extracted_verified,개인 로컬 수집; 소재 재배포 금지; 공개 작품에 Pixel Art World/ドット絵世界 크레딧. 조건: https://yms.main.jp/dotartworld/page1/rule.html; ZIP 중앙목록 및 전체 CRC 확인.; ZIP 내부 PNG만 별도 추출/전체 디코딩 확인. 아카이브 멤버 경로: autotile-ex/SA-Undulation02.png,12602,200,autotile-ex/SA-Undulation02.png,オートタイル1（屋外用）
SA-Window01.png,autotile,https://yms.main.jp/dotartworld/page3/autotiles01.html,https://yms.main.jp/dotartworld/sozai/autotile2/autotile-ex.zip,SA-Window01.png,/home/main/.local/share/oprn/pixel-art-world-downloads/archive-images/autotile-ex/autotile-ex/SA-Window01.png,96,128,1bf360bf97d9b0079c15c61ac71b6e3ac0e84397d6d5f2e5676d312a755dca48,extracted_verified,개인 로컬 수집; 소재 재배포 금지; 공개 작품에 Pixel Art World/ドット絵世界 크레딧. 조건: https://yms.main.jp/dotartworld/page1/rule.html; ZIP 중앙목록 및 전체 CRC 확인.; ZIP 내부 PNG만 별도 추출/전체 디코딩 확인. 아카이브 멤버 경로: autotile-ex/SA-Window01.png,545,200,autotile-ex/SA-Window01.png,オートタイル1（屋外用）
SA-Carpet01.png,autotile,https://yms.main.jp/dotartworld/page3/autotiles02.html,https://yms.main.jp/dotartworld/sozai/autotile2/autotile-in.zip,SA-Carpet01.png,/home/main/.local/share/oprn/pixel-art-world-downloads/archive-images/autotile-in/autotile-in/SA-Carpet01.png,96,128,b8991a5b9efbf4bd806cd2bf282d6bd0452496dfecea722f103b964233ab21c3,extracted_verified,개인 로컬 수집; 소재 재배포 금지; 공개 작품에 Pixel Art World/ドット絵世界 크레딧. 조건: https://yms.main.jp/dotartworld/page1/rule.html; ZIP 중앙목록 및 전체 CRC 확인.; ZIP 내부 PNG만 별도 추출/전체 디코딩 확인. 아카이브 멤버 경로: autotile-in/SA-Carpet01.png,434,200,autotile-in/SA-Carpet01.png,オートタイル2
SA-Carpet02.png,autotile,https://yms.main.jp/dotartworld/page3/autotiles02.html,https://yms.main.jp/dotartworld/sozai/autotile2/autotile-in.zip,SA-Carpet02.png,/home/main/.local/share/oprn/pixel-art-world-downloads/archive-images/autotile-in/autotile-in/SA-Carpet02.png,96,128,f8828aeb938da60504f94c515e05aa0115c64d6f5eed01a443d9ec9e0a21935a,extracted_verified,개인 로컬 수집; 소재 재배포 금지; 공개 작품에 Pixel Art World/ドット絵世界 크레딧. 조건: https://yms.main.jp/dotartworld/page1/rule.html; ZIP 중앙목록 및 전체 CRC 확인.; ZIP 내부 PNG만 별도 추출/전체 디코딩 확인. 아카이브 멤버 경로: autotile-in/SA-Carpet02.png,423,200,autotile-in/SA-Carpet02.png,オートタイル2
SA-Carpet03.png,autotile,https://yms.main.jp/dotartworld/page3/autotiles02.html,https://yms.main.jp/dotartworld/sozai/autotile2/autotile-in.zip,SA-Carpet03.png,/home/main/.local/share/oprn/pixel-art-world-downloads/archive-images/autotile-in/autotile-in/SA-Carpet03.png,96,128,6b194460c767ab0d97d5987623ece3fed9fe41ea0dee249e0ad0e2406def83a6,extracted_verified,개인 로컬 수집; 소재 재배포 금지; 공개 작품에 Pixel Art World/ドット絵世界 크레딧. 조건: https://yms.main.jp/dotartworld/page1/rule.html; ZIP 중앙목록 및 전체 CRC 확인.; ZIP 내부 PNG만 별도 추출/전체 디코딩 확인. 아카이브 멤버 경로: autotile-in/SA-Carpet03.png,434,200,autotile-in/SA-Carpet03.png,オートタイル2
SA-Carpet04.png,autotile,https://yms.main.jp/dotartworld/page3/autotiles02.html,https://yms.main.jp/dotartworld/sozai/autotile2/autotile-in.zip,SA-Carpet04.png,/home/main/.local/share/oprn/pixel-art-world-downloads/archive-images/autotile-in/autotile-in/SA-Carpet04.png,96,128,77910ff16d3f72ad5b39924b7a7e98076f758e13ab2878c7730442ce248b88fa,extracted_verified,개인 로컬 수집; 소재 재배포 금지; 공개 작품에 Pixel Art World/ドット絵世界 크레딧. 조건: https://yms.main.jp/dotartworld/page1/rule.html; ZIP 중앙목록 및 전체 CRC 확인.; ZIP 내부 PNG만 별도 추출/전체 디코딩 확인. 아카이브 멤버 경로: autotile-in/SA-Carpet04.png,485,200,autotile-in/SA-Carpet04.png,オートタイル2
SA-Carpet05.png,autotile,https://yms.main.jp/dotartworld/page3/autotiles02.html,https://yms.main.jp/dotartworld/sozai/autotile2/autotile-in.zip,SA-Carpet05.png,/home/main/.local/share/oprn/pixel-art-world-downloads/archive-images/autotile-in/autotile-in/SA-Carpet05.png,96,128,2ac74ea68a1f00c80521242421df2f4342780884d3266540c0ad50c871666b5f,extracted_verified,개인 로컬 수집; 소재 재배포 금지; 공개 작품에 Pixel Art World/ドット絵世界 크레딧. 조건: https://yms.main.jp/dotartworld/page1/rule.html; ZIP 중앙목록 및 전체 CRC 확인.; ZIP 내부 PNG만 별도 추출/전체 디코딩 확인. 아카이브 멤버 경로: autotile-in/SA-Carpet05.png,434,200,autotile-in/SA-Carpet05.png,オートタイル2
SA-Carpet06.png,autotile,https://yms.main.jp/dotartworld/page3/autotiles02.html,https://yms.main.jp/dotartworld/sozai/autotile2/autotile-in.zip,SA-Carpet06.png,/home/main/.local/share/oprn/pixel-art-world-downloads/archive-images/autotile-in/autotile-in/SA-Carpet06.png,96,128,46e86f0e79c075978356eebb941ac3605a6e0df5372444ec09e8661778328854,extracted_verified,개인 로컬 수집; 소재 재배포 금지; 공개 작품에 Pixel Art World/ドット絵世界 크레딧. 조건: https://yms.main.jp/dotartworld/page1/rule.html; ZIP 중앙목록 및 전체 CRC 확인.; ZIP 내부 PNG만 별도 추출/전체 디코딩 확인. 아카이브 멤버 경로: autotile-in/SA-Carpet06.png,827,200,autotile-in/SA-Carpet06.png,オートタイル2
SA-Carpet07.png,autotile,https://yms.main.jp/dotartworld/page3/autotiles02.html,https://yms.main.jp/dotartworld/sozai/autotile2/autotile-in.zip,SA-Carpet07.png,/home/main/.local/share/oprn/pixel-art-world-downloads/archive-images/autotile-in/autotile-in/SA-Carpet07.png,96,128,9ecbc2432d31a804be46bf0580f9d37807ca5560cc9a9994b858d2463eb42d4b,extracted_verified,개인 로컬 수집; 소재 재배포 금지; 공개 작품에 Pixel Art World/ドット絵世界 크레딧. 조건: https://yms.main.jp/dotartworld/page1/rule.html; ZIP 중앙목록 및 전체 CRC 확인.; ZIP 내부 PNG만 별도 추출/전체 디코딩 확인. 아카이브 멤버 경로: autotile-in/SA-Carpet07.png,812,200,autotile-in/SA-Carpet07.png,オートタイル2
SA-Carpet08.png,autotile,https://yms.main.jp/dotartworld/page3/autotiles02.html,https://yms.main.jp/dotartworld/sozai/autotile2/autotile-in.zip,SA-Carpet08.png,/home/main/.local/share/oprn/pixel-art-world-downloads/archive-images/autotile-in/autotile-in/SA-Carpet08.png,96,128,0d9e2c378202c719d290dbdc5697956b45bd8c1daab443500ac2dde3b5645368,extracted_verified,개인 로컬 수집; 소재 재배포 금지; 공개 작품에 Pixel Art World/ドット絵世界 크레딧. 조건: https://yms.main.jp/dotartworld/page1/rule.html; ZIP 중앙목록 및 전체 CRC 확인.; ZIP 내부 PNG만 별도 추출/전체 디코딩 확인. 아카이브 멤버 경로: autotile-in/SA-Carpet08.png,827,200,autotile-in/SA-Carpet08.png,オートタイル2
SA-Carpet08ST.png,autotile,https://yms.main.jp/dotartworld/page3/autotiles02.html,https://yms.main.jp/dotartworld/sozai/autotile2/autotile-in.zip,SA-Carpet08ST.png,/home/main/.local/share/oprn/pixel-art-world-downloads/archive-images/autotile-in/autotile-in/SA-Carpet08ST.png,96,128,9f0dd0fae6383d793491b676b84914b4e27908faed3ea0e775a1c7ccb792dd88,extracted_verified,개인 로컬 수집; 소재 재배포 금지; 공개 작품에 Pixel Art World/ドット絵世界 크레딧. 조건: https://yms.main.jp/dotartworld/page1/rule.html; ZIP 중앙목록 및 전체 CRC 확인.; ZIP 내부 PNG만 별도 추출/전체 디코딩 확인. 아카이브 멤버 경로: autotile-in/SA-Carpet08ST.png,666,200,autotile-in/SA-Carpet08ST.png,オートタイル2
SA-Carpet09.png,autotile,https://yms.main.jp/dotartworld/page3/autotiles02.html,https://yms.main.jp/dotartworld/sozai/autotile2/autotile-in.zip,SA-Carpet09.png,/home/main/.local/share/oprn/pixel-art-world-downloads/archive-images/autotile-in/autotile-in/SA-Carpet09.png,96,128,ff5ae80c4eb7c901ecc2d0326aac9b0af1baae372c652ace218b428bf6df9a6f,extracted_verified,개인 로컬 수집; 소재 재배포 금지; 공개 작품에 Pixel Art World/ドット絵世界 크레딧. 조건: https://yms.main.jp/dotartworld/page1/rule.html; ZIP 중앙목록 및 전체 CRC 확인.; ZIP 내부 PNG만 별도 추출/전체 디코딩 확인. 아카이브 멤버 경로: autotile-in/SA-Carpet09.png,827,200,autotile-in/SA-Carpet09.png,オートタイル2
SA-Carpet09ST.png,autotile,https://yms.main.jp/dotartworld/page3/autotiles02.html,https://yms.main.jp/dotartworld/sozai/autotile2/autotile-in.zip,SA-Carpet09ST.png,/home/main/.local/share/oprn/pixel-art-world-downloads/archive-images/autotile-in/autotile-in/SA-Carpet09ST.png,96,128,11c2b9245f0b6e29c38a341d0fde6e8bbb09becd33bd96f79e2f155135759c65,extracted_verified,개인 로컬 수집; 소재 재배포 금지; 공개 작품에 Pixel Art World/ドット絵世界 크레딧. 조건: https://yms.main.jp/dotartworld/page1/rule.html; ZIP 중앙목록 및 전체 CRC 확인.; ZIP 내부 PNG만 별도 추출/전체 디코딩 확인. 아카이브 멤버 경로: autotile-in/SA-Carpet09ST.png,666,200,autotile-in/SA-Carpet09ST.png,オートタイル2
SA-Carpet10.png,autotile,https://yms.main.jp/dotartworld/page3/autotiles02.html,https://yms.main.jp/dotartworld/sozai/autotile2/autotile-in.zip,SA-Carpet10.png,/home/main/.local/share/oprn/pixel-art-world-downloads/archive-images/autotile-in/autotile-in/SA-Carpet10.png,96,128,9ee0dbb6c712bd5f6189e33c1dc56e4b3542946286679b5500e1c1bac07a9f11,extracted_verified,개인 로컬 수집; 소재 재배포 금지; 공개 작품에 Pixel Art World/ドット絵世界 크레딧. 조건: https://yms.main.jp/dotartworld/page1/rule.html; ZIP 중앙목록 및 전체 CRC 확인.; ZIP 내부 PNG만 별도 추출/전체 디코딩 확인. 아카이브 멤버 경로: autotile-in/SA-Carpet10.png,629,200,autotile-in/SA-Carpet10.png,オートタイル2
SA-Carpet11.png,autotile,https://yms.main.jp/dotartworld/page3/autotiles02.html,https://yms.main.jp/dotartworld/sozai/autotile2/autotile-in.zip,SA-Carpet11.png,/home/main/.local/share/oprn/pixel-art-world-downloads/archive-images/autotile-in/autotile-in/SA-Carpet11.png,96,128,7a0710a2b93af6189a1b8e0b75c126c6baa1452bb25a8547c4374ead5d7b35dc,extracted_verified,개인 로컬 수집; 소재 재배포 금지; 공개 작품에 Pixel Art World/ドット絵世界 크레딧. 조건: https://yms.main.jp/dotartworld/page1/rule.html; ZIP 중앙목록 및 전체 CRC 확인.; ZIP 내부 PNG만 별도 추출/전체 디코딩 확인. 아카이브 멤버 경로: autotile-in/SA-Carpet11.png,614,200,autotile-in/SA-Carpet11.png,オートタイル2
SA-Carpet12.png,autotile,https://yms.main.jp/dotartworld/page3/autotiles02.html,https://yms.main.jp/dotartworld/sozai/autotile2/autotile-in.zip,SA-Carpet12.png,/home/main/.local/share/oprn/pixel-art-world-downloads/archive-images/autotile-in/autotile-in/SA-Carpet12.png,96,128,c477c757d2185c9eb685f06614a8a8475f3cb9df74fc1114663cecfa0f4c508b,extracted_verified,개인 로컬 수집; 소재 재배포 금지; 공개 작품에 Pixel Art World/ドット絵世界 크레딧. 조건: https://yms.main.jp/dotartworld/page1/rule.html; ZIP 중앙목록 및 전체 CRC 확인.; ZIP 내부 PNG만 별도 추출/전체 디코딩 확인. 아카이브 멤버 경로: autotile-in/SA-Carpet12.png,614,200,autotile-in/SA-Carpet12.png,オートタイル2
SA-Carpet13.png,autotile,https://yms.main.jp/dotartworld/page3/autotiles02.html,https://yms.main.jp/dotartworld/sozai/autotile2/autotile-in.zip,SA-Carpet13.png,/home/main/.local/share/oprn/pixel-art-world-downloads/archive-images/autotile-in/autotile-in/SA-Carpet13.png,96,128,e40583d021d2a89ee3b787f1112b40d62e0e62e1f31701f1a7fe4dc54b313454,extracted_verified,개인 로컬 수집; 소재 재배포 금지; 공개 작품에 Pixel Art World/ドット絵世界 크레딧. 조건: https://yms.main.jp/dotartworld/page1/rule.html; ZIP 중앙목록 및 전체 CRC 확인.; ZIP 내부 PNG만 별도 추출/전체 디코딩 확인. 아카이브 멤버 경로: autotile-in/SA-Carpet13.png,7664,200,autotile-in/SA-Carpet13.png,オートタイル2
SA-Carpet-Rose01.png,autotile,https://yms.main.jp/dotartworld/page3/autotiles02.html,https://yms.main.jp/dotartworld/sozai/autotile2/autotile-in.zip,SA-Carpet-Rose01.png,/home/main/.local/share/oprn/pixel-art-world-downloads/archive-images/autotile-in/autotile-in/SA-Carpet-Rose01.png,96,128,33c6563645f89e189f6967506c4403fcc5151b91e6b786bdff0d2cf864c856c1,extracted_verified,개인 로컬 수집; 소재 재배포 금지; 공개 작품에 Pixel Art World/ドット絵世界 크레딧. 조건: https://yms.main.jp/dotartworld/page1/rule.html; ZIP 중앙목록 및 전체 CRC 확인.; ZIP 내부 PNG만 별도 추출/전체 디코딩 확인. 아카이브 멤버 경로: autotile-in/SA-Carpet-Rose01.png,6582,200,autotile-in/SA-Carpet-Rose01.png,オートタイル2
SA-Cartain01.png,autotile,https://yms.main.jp/dotartworld/page3/autotiles02.html,https://yms.main.jp/dotartworld/sozai/autotile2/autotile-in.zip,SA-Cartain01.png,/home/main/.local/share/oprn/pixel-art-world-downloads/archive-images/autotile-in/autotile-in/SA-Cartain01.png,96,128,eee762c26f2564455fe7ef8083cb3c86b8302f5e7a513decf785063e8ea7f50e,extracted_verified,개인 로컬 수집; 소재 재배포 금지; 공개 작품에 Pixel Art World/ドット絵世界 크레딧. 조건: https://yms.main.jp/dotartworld/page1/rule.html; ZIP 중앙목록 및 전체 CRC 확인.; ZIP 내부 PNG만 별도 추출/전체 디코딩 확인. 아카이브 멤버 경로: autotile-in/SA-Cartain01.png,965,200,autotile-in/SA-Cartain01.png,オートタイル2
SA-Cartain02.png,autotile,https://yms.main.jp/dotartworld/page3/autotiles02.html,https://yms.main.jp/dotartworld/sozai/autotile2/autotile-in.zip,SA-Cartain02.png,/home/main/.local/share/oprn/pixel-art-world-downloads/archive-images/autotile-in/autotile-in/SA-Cartain02.png,96,128,f690a42402c4343d505ea4693a26274f3642a34c2fe34cdc0698c158295d7354,extracted_verified,개인 로컬 수집; 소재 재배포 금지; 공개 작품에 Pixel Art World/ドット絵世界 크레딧. 조건: https://yms.main.jp/dotartworld/page1/rule.html; ZIP 중앙목록 및 전체 CRC 확인.; ZIP 내부 PNG만 별도 추출/전체 디코딩 확인. 아카이브 멤버 경로: autotile-in/SA-Cartain02.png,965,200,autotile-in/SA-Cartain02.png,オートタイル2
SA-FloorM01.png,autotile,https://yms.main.jp/dotartworld/page3/autotiles02.html,https://yms.main.jp/dotartworld/sozai/autotile2/autotile-in.zip,SA-FloorM01.png,/home/main/.local/share/oprn/pixel-art-world-downloads/archive-images/autotile-in/autotile-in/SA-FloorM01.png,96,128,3d482c3330296739272187b861c3b31075b3cb28604c645bd82d5bfa242bba5d,extracted_verified,개인 로컬 수집; 소재 재배포 금지; 공개 작품에 Pixel Art World/ドット絵世界 크레딧. 조건: https://yms.main.jp/dotartworld/page1/rule.html; ZIP 중앙목록 및 전체 CRC 확인.; ZIP 내부 PNG만 별도 추출/전체 디코딩 확인. 아카이브 멤버 경로: autotile-in/SA-FloorM01.png,609,200,autotile-in/SA-FloorM01.png,オートタイル2
SA-FloorM02.png,autotile,https://yms.main.jp/dotartworld/page3/autotiles02.html,https://yms.main.jp/dotartworld/sozai/autotile2/autotile-in.zip,SA-FloorM02.png,/home/main/.local/share/oprn/pixel-art-world-downloads/archive-images/autotile-in/autotile-in/SA-FloorM02.png,96,128,5314962bc1e81565813860ff1fe122fd320f6b3eabc18e205cf656f271221f08,extracted_verified,개인 로컬 수집; 소재 재배포 금지; 공개 작품에 Pixel Art World/ドット絵世界 크레딧. 조건: https://yms.main.jp/dotartworld/page1/rule.html; ZIP 중앙목록 및 전체 CRC 확인.; ZIP 내부 PNG만 별도 추출/전체 디코딩 확인. 아카이브 멤버 경로: autotile-in/SA-FloorM02.png,649,200,autotile-in/SA-FloorM02.png,オートタイル2
SA-FloorM03.png,autotile,https://yms.main.jp/dotartworld/page3/autotiles02.html,https://yms.main.jp/dotartworld/sozai/autotile2/autotile-in.zip,SA-FloorM03.png,/home/main/.local/share/oprn/pixel-art-world-downloads/archive-images/autotile-in/autotile-in/SA-FloorM03.png,96,128,0f45d19fe360255ebac51e6a0b927b2c3213aaec1b6a1d83f8fda64ea01e5415,extracted_verified,개인 로컬 수집; 소재 재배포 금지; 공개 작품에 Pixel Art World/ドット絵世界 크레딧. 조건: https://yms.main.jp/dotartworld/page1/rule.html; ZIP 중앙목록 및 전체 CRC 확인.; ZIP 내부 PNG만 별도 추출/전체 디코딩 확인. 아카이브 멤버 경로: autotile-in/SA-FloorM03.png,581,200,autotile-in/SA-FloorM03.png,オートタイル2
SA-FloorS01.png,autotile,https://yms.main.jp/dotartworld/page3/autotiles02.html,https://yms.main.jp/dotartworld/sozai/autotile2/autotile-in.zip,SA-FloorS01.png,/home/main/.local/share/oprn/pixel-art-world-downloads/archive-images/autotile-in/autotile-in/SA-FloorS01.png,96,128,d1cb6c161386034addad3abd9669fee43269bf2326b58ef25600bc76f17e5e12,extracted_verified,개인 로컬 수집; 소재 재배포 금지; 공개 작품에 Pixel Art World/ドット絵世界 크레딧. 조건: https://yms.main.jp/dotartworld/page1/rule.html; ZIP 중앙목록 및 전체 CRC 확인.; ZIP 내부 PNG만 별도 추출/전체 디코딩 확인. 아카이브 멤버 경로: autotile-in/SA-FloorS01.png,413,200,autotile-in/SA-FloorS01.png,オートタイル2
SA-FloorS02.png,autotile,https://yms.main.jp/dotartworld/page3/autotiles02.html,https://yms.main.jp/dotartworld/sozai/autotile2/autotile-in.zip,SA-FloorS02.png,/home/main/.local/share/oprn/pixel-art-world-downloads/archive-images/autotile-in/autotile-in/SA-FloorS02.png,96,128,889012989061b3a3f00aa10a054196db01aef84984c0a7db107a029fe779fc95,extracted_verified,개인 로컬 수집; 소재 재배포 금지; 공개 작품에 Pixel Art World/ドット絵世界 크레딧. 조건: https://yms.main.jp/dotartworld/page1/rule.html; ZIP 중앙목록 및 전체 CRC 확인.; ZIP 내부 PNG만 별도 추출/전체 디코딩 확인. 아카이브 멤버 경로: autotile-in/SA-FloorS02.png,413,200,autotile-in/SA-FloorS02.png,オートタイル2
SA-FloorS03.png,autotile,https://yms.main.jp/dotartworld/page3/autotiles02.html,https://yms.main.jp/dotartworld/sozai/autotile2/autotile-in.zip,SA-FloorS03.png,/home/main/.local/share/oprn/pixel-art-world-downloads/archive-images/autotile-in/autotile-in/SA-FloorS03.png,96,128,eee3d654d4f1978c99ab291b9cef9c8e54de3f43e413d8465b33aa9152d626f4,extracted_verified,개인 로컬 수집; 소재 재배포 금지; 공개 작품에 Pixel Art World/ドット絵世界 크레딧. 조건: https://yms.main.jp/dotartworld/page1/rule.html; ZIP 중앙목록 및 전체 CRC 확인.; ZIP 내부 PNG만 별도 추출/전체 디코딩 확인. 아카이브 멤버 경로: autotile-in/SA-FloorS03.png,416,200,autotile-in/SA-FloorS03.png,オートタイル2
SA-FloorS04.png,autotile,https://yms.main.jp/dotartworld/page3/autotiles02.html,https://yms.main.jp/dotartworld/sozai/autotile2/autotile-in.zip,SA-FloorS04.png,/home/main/.local/share/oprn/pixel-art-world-downloads/archive-images/autotile-in/autotile-in/SA-FloorS04.png,96,128,253dae0747db3e805e2e8f320546136118e663de06842771eec0614cce839073,extracted_verified,개인 로컬 수집; 소재 재배포 금지; 공개 작품에 Pixel Art World/ドット絵世界 크레딧. 조건: https://yms.main.jp/dotartworld/page1/rule.html; ZIP 중앙목록 및 전체 CRC 확인.; ZIP 내부 PNG만 별도 추출/전체 디코딩 확인. 아카이브 멤버 경로: autotile-in/SA-FloorS04.png,416,200,autotile-in/SA-FloorS04.png,オートタイル2
SA-FloorS05.png,autotile,https://yms.main.jp/dotartworld/page3/autotiles02.html,https://yms.main.jp/dotartworld/sozai/autotile2/autotile-in.zip,SA-FloorS05.png,/home/main/.local/share/oprn/pixel-art-world-downloads/archive-images/autotile-in/autotile-in/SA-FloorS05.png,96,128,71649fa46885b07a21c03fb2f08bdd011652ab9185275c90e48f22a8c523b406,extracted_verified,개인 로컬 수집; 소재 재배포 금지; 공개 작품에 Pixel Art World/ドット絵世界 크레딧. 조건: https://yms.main.jp/dotartworld/page1/rule.html; ZIP 중앙목록 및 전체 CRC 확인.; ZIP 내부 PNG만 별도 추출/전체 디코딩 확인. 아카이브 멤버 경로: autotile-in/SA-FloorS05.png,1365,200,autotile-in/SA-FloorS05.png,オートタイル2
SA-Floor-Stone01.png,autotile,https://yms.main.jp/dotartworld/page3/autotiles02.html,https://yms.main.jp/dotartworld/sozai/autotile2/autotile-in.zip,SA-Floor-Stone01.png,/home/main/.local/share/oprn/pixel-art-world-downloads/archive-images/autotile-in/autotile-in/SA-Floor-Stone01.png,96,128,cc441cb84baef7583fa13483dc064c7e32bec2ffd896d9f8d7040411ed21996c,extracted_verified,개인 로컬 수집; 소재 재배포 금지; 공개 작품에 Pixel Art World/ドット絵世界 크레딧. 조건: https://yms.main.jp/dotartworld/page1/rule.html; ZIP 중앙목록 및 전체 CRC 확인.; ZIP 내부 PNG만 별도 추출/전체 디코딩 확인. 아카이브 멤버 경로: autotile-in/SA-Floor-Stone01.png,3534,200,autotile-in/SA-Floor-Stone01.png,オートタイル2
SA-FloorT01.png,autotile,https://yms.main.jp/dotartworld/page3/autotiles02.html,https://yms.main.jp/dotartworld/sozai/autotile2/autotile-in.zip,SA-FloorT01.png,/home/main/.local/share/oprn/pixel-art-world-downloads/archive-images/autotile-in/autotile-in/SA-FloorT01.png,96,128,07ffb846c7f174a9265fb2ac0b348a47fc93e24a12415419664ea77f2d341f4a,extracted_verified,개인 로컬 수집; 소재 재배포 금지; 공개 작품에 Pixel Art World/ドット絵世界 크레딧. 조건: https://yms.main.jp/dotartworld/page1/rule.html; ZIP 중앙목록 및 전체 CRC 확인.; ZIP 내부 PNG만 별도 추출/전체 디코딩 확인. 아카이브 멤버 경로: autotile-in/SA-FloorT01.png,482,200,autotile-in/SA-FloorT01.png,オートタイル2
SA-FloorT02.png,autotile,https://yms.main.jp/dotartworld/page3/autotiles02.html,https://yms.main.jp/dotartworld/sozai/autotile2/autotile-in.zip,SA-FloorT02.png,/home/main/.local/share/oprn/pixel-art-world-downloads/archive-images/autotile-in/autotile-in/SA-FloorT02.png,96,128,da2ede2a823451e9fa3965e2701810fc2b2ed7742004157eb5209bf38d19362c,extracted_verified,개인 로컬 수집; 소재 재배포 금지; 공개 작품에 Pixel Art World/ドット絵世界 크레딧. 조건: https://yms.main.jp/dotartworld/page1/rule.html; ZIP 중앙목록 및 전체 CRC 확인.; ZIP 내부 PNG만 별도 추출/전체 디코딩 확인. 아카이브 멤버 경로: autotile-in/SA-FloorT02.png,482,200,autotile-in/SA-FloorT02.png,オートタイル2
SA-FloorT03.png,autotile,https://yms.main.jp/dotartworld/page3/autotiles02.html,https://yms.main.jp/dotartworld/sozai/autotile2/autotile-in.zip,SA-FloorT03.png,/home/main/.local/share/oprn/pixel-art-world-downloads/archive-images/autotile-in/autotile-in/SA-FloorT03.png,96,128,36e7379aac03b503961f8f20147f9d782429e371121a0f09b1b0bac084d9a07c,extracted_verified,개인 로컬 수집; 소재 재배포 금지; 공개 작품에 Pixel Art World/ドット絵世界 크레딧. 조건: https://yms.main.jp/dotartworld/page1/rule.html; ZIP 중앙목록 및 전체 CRC 확인.; ZIP 내부 PNG만 별도 추출/전체 디코딩 확인. 아카이브 멤버 경로: autotile-in/SA-FloorT03.png,790,200,autotile-in/SA-FloorT03.png,オートタイル2
SA-FloorT04.png,autotile,https://yms.main.jp/dotartworld/page3/autotiles02.html,https://yms.main.jp/dotartworld/sozai/autotile2/autotile-in.zip,SA-FloorT04.png,/home/main/.local/share/oprn/pixel-art-world-downloads/archive-images/autotile-in/autotile-in/SA-FloorT04.png,96,128,733c83ec3c6df090ee678105b070d8f3c8ac8625abbffc8dccdfef5c94c0f610,extracted_verified,개인 로컬 수집; 소재 재배포 금지; 공개 작품에 Pixel Art World/ドット絵世界 크레딧. 조건: https://yms.main.jp/dotartworld/page1/rule.html; ZIP 중앙목록 및 전체 CRC 확인.; ZIP 내부 PNG만 별도 추출/전체 디코딩 확인. 아카이브 멤버 경로: autotile-in/SA-FloorT04.png,794,200,autotile-in/SA-FloorT04.png,オートタイル2
SA-Floor-T06.png,autotile,https://yms.main.jp/dotartworld/page3/autotiles02.html,https://yms.main.jp/dotartworld/sozai/autotile2/autotile-in.zip,SA-Floor-T06.png,/home/main/.local/share/oprn/pixel-art-world-downloads/archive-images/autotile-in/autotile-in/SA-Floor-T06.png,96,128,e822fd398149740720105a70f63becd3071674f1b5e3048a4ae8243455e038c4,extracted_verified,개인 로컬 수집; 소재 재배포 금지; 공개 작품에 Pixel Art World/ドット絵世界 크레딧. 조건: https://yms.main.jp/dotartworld/page1/rule.html; ZIP 중앙목록 및 전체 CRC 확인.; ZIP 내부 PNG만 별도 추출/전체 디코딩 확인. 아카이브 멤버 경로: autotile-in/SA-Floor-T06.png,1765,200,autotile-in/SA-Floor-T06.png,オートタイル2
SA-Floor-T07.png,autotile,https://yms.main.jp/dotartworld/page3/autotiles02.html,https://yms.main.jp/dotartworld/sozai/autotile2/autotile-in.zip,SA-Floor-T07.png,/home/main/.local/share/oprn/pixel-art-world-downloads/archive-images/autotile-in/autotile-in/SA-Floor-T07.png,96,128,0575c2838cf81065b9f4ef3490891bc64dd2eb10d493717a53a9ddfce28137e0,extracted_verified,개인 로컬 수집; 소재 재배포 금지; 공개 작품에 Pixel Art World/ドット絵世界 크레딧. 조건: https://yms.main.jp/dotartworld/page1/rule.html; ZIP 중앙목록 및 전체 CRC 확인.; ZIP 내부 PNG만 별도 추출/전체 디코딩 확인. 아카이브 멤버 경로: autotile-in/SA-Floor-T07.png,693,200,autotile-in/SA-Floor-T07.png,オートタイル2
SA-Floor-T08.png,autotile,https://yms.main.jp/dotartworld/page3/autotiles02.html,https://yms.main.jp/dotartworld/sozai/autotile2/autotile-in.zip,SA-Floor-T08.png,/home/main/.local/share/oprn/pixel-art-world-downloads/archive-images/autotile-in/autotile-in/SA-Floor-T08.png,96,128,32a31deea040395612455d75a9a78d0d0963d1a1c405226a860832dbf0e12acb,extracted_verified,개인 로컬 수집; 소재 재배포 금지; 공개 작품에 Pixel Art World/ドット絵世界 크레딧. 조건: https://yms.main.jp/dotartworld/page1/rule.html; ZIP 중앙목록 및 전체 CRC 확인.; ZIP 내부 PNG만 별도 추출/전체 디코딩 확인. 아카이브 멤버 경로: autotile-in/SA-Floor-T08.png,434,200,autotile-in/SA-Floor-T08.png,オートタイル2
SA-Floor-T09.png,autotile,https://yms.main.jp/dotartworld/page3/autotiles02.html,https://yms.main.jp/dotartworld/sozai/autotile2/autotile-in.zip,SA-Floor-T09.png,/home/main/.local/share/oprn/pixel-art-world-downloads/archive-images/autotile-in/autotile-in/SA-Floor-T09.png,96,128,c810e1a36f668ad0250f060eed2851cc7f0faa77fc3742126e62bfc3b13681ae,extracted_verified,개인 로컬 수집; 소재 재배포 금지; 공개 작품에 Pixel Art World/ドット絵世界 크레딧. 조건: https://yms.main.jp/dotartworld/page1/rule.html; ZIP 중앙목록 및 전체 CRC 확인.; ZIP 내부 PNG만 별도 추출/전체 디코딩 확인. 아카이브 멤버 경로: autotile-in/SA-Floor-T09.png,434,200,autotile-in/SA-Floor-T09.png,オートタイル2
SA-Floor-T10.png,autotile,https://yms.main.jp/dotartworld/page3/autotiles02.html,https://yms.main.jp/dotartworld/sozai/autotile2/autotile-in.zip,SA-Floor-T10.png,/home/main/.local/share/oprn/pixel-art-world-downloads/archive-images/autotile-in/autotile-in/SA-Floor-T10.png,96,128,58878cc2a33584a9886b5eb701c977ba64477e65460253d85b5a428754ecf704,extracted_verified,개인 로컬 수집; 소재 재배포 금지; 공개 작품에 Pixel Art World/ドット絵世界 크레딧. 조건: https://yms.main.jp/dotartworld/page1/rule.html; ZIP 중앙목록 및 전체 CRC 확인.; ZIP 내부 PNG만 별도 추출/전체 디코딩 확인. 아카이브 멤버 경로: autotile-in/SA-Floor-T10.png,3764,200,autotile-in/SA-Floor-T10.png,オートタイル2
SA-Floor-T11.png,autotile,https://yms.main.jp/dotartworld/page3/autotiles02.html,https://yms.main.jp/dotartworld/sozai/autotile2/autotile-in.zip,SA-Floor-T11.png,/home/main/.local/share/oprn/pixel-art-world-downloads/archive-images/autotile-in/autotile-in/SA-Floor-T11.png,96,128,cb41acb5762814f9f844980343b3af6e059914e321571929efb68fbf1f08d9a3,extracted_verified,개인 로컬 수집; 소재 재배포 금지; 공개 작품에 Pixel Art World/ドット絵世界 크레딧. 조건: https://yms.main.jp/dotartworld/page1/rule.html; ZIP 중앙목록 및 전체 CRC 확인.; ZIP 내부 PNG만 별도 추출/전체 디코딩 확인. 아카이브 멤버 경로: autotile-in/SA-Floor-T11.png,3920,200,autotile-in/SA-Floor-T11.png,オートタイル2
SA-Floor-T12.png,autotile,https://yms.main.jp/dotartworld/page3/autotiles02.html,https://yms.main.jp/dotartworld/sozai/autotile2/autotile-in.zip,SA-Floor-T12.png,/home/main/.local/share/oprn/pixel-art-world-downloads/archive-images/autotile-in/autotile-in/SA-Floor-T12.png,96,128,25ec118cbf09cb64d86ec6afdb5c724ee34db8f41c8e88b6623f046b5543bf01,extracted_verified,개인 로컬 수집; 소재 재배포 금지; 공개 작품에 Pixel Art World/ドット絵世界 크레딧. 조건: https://yms.main.jp/dotartworld/page1/rule.html; ZIP 중앙목록 및 전체 CRC 확인.; ZIP 내부 PNG만 별도 추출/전체 디코딩 확인. 아카이브 멤버 경로: autotile-in/SA-Floor-T12.png,1224,200,autotile-in/SA-Floor-T12.png,オートタイル2
SA-Fur01.png,autotile,https://yms.main.jp/dotartworld/page3/autotiles02.html,https://yms.main.jp/dotartworld/sozai/autotile2/autotile-in.zip,SA-Fur01.png,/home/main/.local/share/oprn/pixel-art-world-downloads/archive-images/autotile-in/autotile-in/SA-Fur01.png,96,128,d64cf199977c60817a78c4699640f182fa631ce4c519067bb4188c96a0a229d2,extracted_verified,개인 로컬 수집; 소재 재배포 금지; 공개 작품에 Pixel Art World/ドット絵世界 크레딧. 조건: https://yms.main.jp/dotartworld/page1/rule.html; ZIP 중앙목록 및 전체 CRC 확인.; ZIP 내부 PNG만 별도 추출/전체 디코딩 확인. 아카이브 멤버 경로: autotile-in/SA-Fur01.png,2054,200,autotile-in/SA-Fur01.png,オートタイル2
SA-Fur02.png,autotile,https://yms.main.jp/dotartworld/page3/autotiles02.html,https://yms.main.jp/dotartworld/sozai/autotile2/autotile-in.zip,SA-Fur02.png,/home/main/.local/share/oprn/pixel-art-world-downloads/archive-images/autotile-in/autotile-in/SA-Fur02.png,96,128,c6293c7437d5c561f455e5826d459cc2ceea2700366f847162c864b19b0b87bf,extracted_verified,개인 로컬 수집; 소재 재배포 금지; 공개 작품에 Pixel Art World/ドット絵世界 크레딧. 조건: https://yms.main.jp/dotartworld/page1/rule.html; ZIP 중앙목록 및 전체 CRC 확인.; ZIP 내부 PNG만 별도 추출/전체 디코딩 확인. 아카이브 멤버 경로: autotile-in/SA-Fur02.png,2037,200,autotile-in/SA-Fur02.png,オートタイル2
SA-Fur03.png,autotile,https://yms.main.jp/dotartworld/page3/autotiles02.html,https://yms.main.jp/dotartworld/sozai/autotile2/autotile-in.zip,SA-Fur03.png,/home/main/.local/share/oprn/pixel-art-world-downloads/archive-images/autotile-in/autotile-in/SA-Fur03.png,96,128,415bf7315f6b9bc3eb4e174a123b115d534f99bc198754dd78855a6a70c83c92,extracted_verified,개인 로컬 수집; 소재 재배포 금지; 공개 작품에 Pixel Art World/ドット絵世界 크레딧. 조건: https://yms.main.jp/dotartworld/page1/rule.html; ZIP 중앙목록 및 전체 CRC 확인.; ZIP 내부 PNG만 별도 추출/전체 디코딩 확인. 아카이브 멤버 경로: autotile-in/SA-Fur03.png,1961,200,autotile-in/SA-Fur03.png,オートタイル2
SA-Goza01.png,autotile,https://yms.main.jp/dotartworld/page3/autotiles02.html,https://yms.main.jp/dotartworld/sozai/autotile2/autotile-in.zip,SA-Goza01.png,/home/main/.local/share/oprn/pixel-art-world-downloads/archive-images/autotile-in/autotile-in/SA-Goza01.png,96,128,1294843d13ba76a7ae4aac4949e93a2c1fb887a42c19019c07d49560bcebd692,extracted_verified,개인 로컬 수집; 소재 재배포 금지; 공개 작품에 Pixel Art World/ドット絵世界 크레딧. 조건: https://yms.main.jp/dotartworld/page1/rule.html; ZIP 중앙목록 및 전체 CRC 확인.; ZIP 내부 PNG만 별도 추출/전체 디코딩 확인. 아카이브 멤버 경로: autotile-in/SA-Goza01.png,7959,200,autotile-in/SA-Goza01.png,オートタイル2
SA-Goza02.png,autotile,https://yms.main.jp/dotartworld/page3/autotiles02.html,https://yms.main.jp/dotartworld/sozai/autotile2/autotile-in.zip,SA-Goza02.png,/home/main/.local/share/oprn/pixel-art-world-downloads/archive-images/autotile-in/autotile-in/SA-Goza02.png,96,128,2ce6f69b5822b0b090034a6a9bd892fd86d29420fc21e808596c45c51e68441a,extracted_verified,개인 로컬 수집; 소재 재배포 금지; 공개 작품에 Pixel Art World/ドット絵世界 크레딧. 조건: https://yms.main.jp/dotartworld/page1/rule.html; ZIP 중앙목록 및 전체 CRC 확인.; ZIP 내부 PNG만 별도 추출/전체 디코딩 확인. 아카이브 멤버 경로: autotile-in/SA-Goza02.png,1721,200,autotile-in/SA-Goza02.png,オートタイル2
SA-Goza03.png,autotile,https://yms.main.jp/dotartworld/page3/autotiles02.html,https://yms.main.jp/dotartworld/sozai/autotile2/autotile-in.zip,SA-Goza03.png,/home/main/.local/share/oprn/pixel-art-world-downloads/archive-images/autotile-in/autotile-in/SA-Goza03.png,96,128,be0a2aafb566253c4b63af44421850f1ecd5b3553bf19bf6cc450d389d711e95,extracted_verified,개인 로컬 수집; 소재 재배포 금지; 공개 작품에 Pixel Art World/ドット絵世界 크레딧. 조건: https://yms.main.jp/dotartworld/page1/rule.html; ZIP 중앙목록 및 전체 CRC 확인.; ZIP 내부 PNG만 별도 추출/전체 디코딩 확인. 아카이브 멤버 경로: autotile-in/SA-Goza03.png,4518,200,autotile-in/SA-Goza03.png,オートタイル2
SA-Kotatsu01.png,autotile,https://yms.main.jp/dotartworld/page3/autotiles02.html,https://yms.main.jp/dotartworld/sozai/autotile2/autotile-in.zip,SA-Kotatsu01.png,/home/main/.local/share/oprn/pixel-art-world-downloads/archive-images/autotile-in/autotile-in/SA-Kotatsu01.png,96,128,16376c2e6dff8aa51f74d43d9bc3db24c300f13586482cce9f5b866828e9dd35,extracted_verified,개인 로컬 수집; 소재 재배포 금지; 공개 작품에 Pixel Art World/ドット絵世界 크레딧. 조건: https://yms.main.jp/dotartworld/page1/rule.html; ZIP 중앙목록 및 전체 CRC 확인.; ZIP 내부 PNG만 별도 추출/전체 디코딩 확인. 아카이브 멤버 경로: autotile-in/SA-Kotatsu01.png,711,200,autotile-in/SA-Kotatsu01.png,オートタイル2
SA-Kotatsu02.png,autotile,https://yms.main.jp/dotartworld/page3/autotiles02.html,https://yms.main.jp/dotartworld/sozai/autotile2/autotile-in.zip,SA-Kotatsu02.png,/home/main/.local/share/oprn/pixel-art-world-downloads/archive-images/autotile-in/autotile-in/SA-Kotatsu02.png,96,128,64d84e0abe9969f4db1e78fd4f5f1150ad9e1a0660352186ff01b33f73a355c6,extracted_verified,개인 로컬 수집; 소재 재배포 금지; 공개 작품에 Pixel Art World/ドット絵世界 크레딧. 조건: https://yms.main.jp/dotartworld/page1/rule.html; ZIP 중앙목록 및 전체 CRC 확인.; ZIP 내부 PNG만 별도 추출/전체 디코딩 확인. 아카이브 멤버 경로: autotile-in/SA-Kotatsu02.png,718,200,autotile-in/SA-Kotatsu02.png,オートタイル2
SA-Kyodan01.png,autotile,https://yms.main.jp/dotartworld/page3/autotiles02.html,https://yms.main.jp/dotartworld/sozai/autotile2/autotile-in.zip,SA-Kyodan01.png,/home/main/.local/share/oprn/pixel-art-world-downloads/archive-images/autotile-in/autotile-in/SA-Kyodan01.png,96,128,9f2cadd502a10b79d30a2b42665f778c3c85d5e02f9633d46b1bb6348169777f,extracted_verified,개인 로컬 수집; 소재 재배포 금지; 공개 작품에 Pixel Art World/ドット絵世界 크레딧. 조건: https://yms.main.jp/dotartworld/page1/rule.html; ZIP 중앙목록 및 전체 CRC 확인.; ZIP 내부 PNG만 별도 추출/전체 디코딩 확인. 아카이브 멤버 경로: autotile-in/SA-Kyodan01.png,1104,200,autotile-in/SA-Kyodan01.png,オートタイル2
SA-Mat01.png,autotile,https://yms.main.jp/dotartworld/page3/autotiles02.html,https://yms.main.jp/dotartworld/sozai/autotile2/autotile-in.zip,SA-Mat01.png,/home/main/.local/share/oprn/pixel-art-world-downloads/archive-images/autotile-in/autotile-in/SA-Mat01.png,96,128,a322f549ff6b35b11532a1da51a13a51dd79ebd110a3f6af116e00e7e6893683,extracted_verified,개인 로컬 수집; 소재 재배포 금지; 공개 작품에 Pixel Art World/ドット絵世界 크레딧. 조건: https://yms.main.jp/dotartworld/page1/rule.html; ZIP 중앙목록 및 전체 CRC 확인.; ZIP 내부 PNG만 별도 추출/전체 디코딩 확인. 아카이브 멤버 경로: autotile-in/SA-Mat01.png,375,200,autotile-in/SA-Mat01.png,オートタイル2
SA-Sunoko01.png,autotile,https://yms.main.jp/dotartworld/page3/autotiles02.html,https://yms.main.jp/dotartworld/sozai/autotile2/autotile-in.zip,SA-Sunoko01.png,/home/main/.local/share/oprn/pixel-art-world-downloads/archive-images/autotile-in/autotile-in/SA-Sunoko01.png,96,128,5d4a786302e66d963ba7e2f4b64ad75334abefce4dc5604fb134e128cc9c8eea,extracted_verified,개인 로컬 수집; 소재 재배포 금지; 공개 작품에 Pixel Art World/ドット絵世界 크레딧. 조건: https://yms.main.jp/dotartworld/page1/rule.html; ZIP 중앙목록 및 전체 CRC 확인.; ZIP 내부 PNG만 별도 추출/전체 디코딩 확인. 아카이브 멤버 경로: autotile-in/SA-Sunoko01.png,939,200,autotile-in/SA-Sunoko01.png,オートタイル2
SA-Sunoko02.png,autotile,https://yms.main.jp/dotartworld/page3/autotiles02.html,https://yms.main.jp/dotartworld/sozai/autotile2/autotile-in.zip,SA-Sunoko02.png,/home/main/.local/share/oprn/pixel-art-world-downloads/archive-images/autotile-in/autotile-in/SA-Sunoko02.png,96,128,0eb57527f3f5bc059145399cab23f66a80e10e5690fa70cb03a3262b97d4d638,extracted_verified,개인 로컬 수집; 소재 재배포 금지; 공개 작품에 Pixel Art World/ドット絵世界 크레딧. 조건: https://yms.main.jp/dotartworld/page1/rule.html; ZIP 중앙목록 및 전체 CRC 확인.; ZIP 내부 PNG만 별도 추출/전체 디코딩 확인. 아카이브 멤버 경로: autotile-in/SA-Sunoko02.png,1122,200,autotile-in/SA-Sunoko02.png,オートタイル2
SA-Sunoko03.png,autotile,https://yms.main.jp/dotartworld/page3/autotiles02.html,https://yms.main.jp/dotartworld/sozai/autotile2/autotile-in.zip,SA-Sunoko03.png,/home/main/.local/share/oprn/pixel-art-world-downloads/archive-images/autotile-in/autotile-in/SA-Sunoko03.png,96,128,3c32c8cd88efabea454916981d4aac6df62244ef386f760eac892d81a058b03d,extracted_verified,개인 로컬 수집; 소재 재배포 금지; 공개 작품에 Pixel Art World/ドット絵世界 크레딧. 조건: https://yms.main.jp/dotartworld/page1/rule.html; ZIP 중앙목록 및 전체 CRC 확인.; ZIP 내부 PNG만 별도 추출/전체 디코딩 확인. 아카이브 멤버 경로: autotile-in/SA-Sunoko03.png,1176,200,autotile-in/SA-Sunoko03.png,オートタイル2
SA-WallA01.png,autotile,https://yms.main.jp/dotartworld/page3/autotiles02.html,https://yms.main.jp/dotartworld/sozai/autotile2/autotile-in.zip,SA-WallA01.png,/home/main/.local/share/oprn/pixel-art-world-downloads/archive-images/autotile-in/autotile-in/SA-WallA01.png,96,128,7732b153bd79758151858409e92b74e49176047e41d5a09f100283dc1e42d861,extracted_verified,개인 로컬 수집; 소재 재배포 금지; 공개 작품에 Pixel Art World/ドット絵世界 크레딧. 조건: https://yms.main.jp/dotartworld/page1/rule.html; ZIP 중앙목록 및 전체 CRC 확인.; ZIP 내부 PNG만 별도 추출/전체 디코딩 확인. 아카이브 멤버 경로: autotile-in/SA-WallA01.png,444,200,autotile-in/SA-WallA01.png,オートタイル2
SA-WallA02.png,autotile,https://yms.main.jp/dotartworld/page3/autotiles02.html,https://yms.main.jp/dotartworld/sozai/autotile2/autotile-in.zip,SA-WallA02.png,/home/main/.local/share/oprn/pixel-art-world-downloads/archive-images/autotile-in/autotile-in/SA-WallA02.png,96,128,3123f01148956fa8c3cbf7d19ad9b8268fd859887d1f3230031fdfdd88b8af29,extracted_verified,개인 로컬 수집; 소재 재배포 금지; 공개 작품에 Pixel Art World/ドット絵世界 크레딧. 조건: https://yms.main.jp/dotartworld/page1/rule.html; ZIP 중앙목록 및 전체 CRC 확인.; ZIP 내부 PNG만 별도 추출/전체 디코딩 확인. 아카이브 멤버 경로: autotile-in/SA-WallA02.png,1489,200,autotile-in/SA-WallA02.png,オートタイル2
SA-WallD01.png,autotile,https://yms.main.jp/dotartworld/page3/autotiles02.html,https://yms.main.jp/dotartworld/sozai/autotile2/autotile-in.zip,SA-WallD01.png,/home/main/.local/share/oprn/pixel-art-world-downloads/archive-images/autotile-in/autotile-in/SA-WallD01.png,96,128,682d7a80bb67179422af40e063c4d4acf474e3f7e81e78c9512f5d1c93a8016a,extracted_verified,개인 로컬 수집; 소재 재배포 금지; 공개 작품에 Pixel Art World/ドット絵世界 크레딧. 조건: https://yms.main.jp/dotartworld/page1/rule.html; ZIP 중앙목록 및 전체 CRC 확인.; ZIP 내부 PNG만 별도 추출/전체 디코딩 확인. 아카이브 멤버 경로: autotile-in/SA-WallD01.png,286,200,autotile-in/SA-WallD01.png,オートタイル2
SA-Concrete03.png,sample_package_image,https://yms.main.jp/dotartworld/page2/samplemap01.html,https://yms.main.jp/dotartworld/sozai/tileset/pack/sample-map-xp03.zip,SA-Concrete03.png,/home/main/.local/share/oprn/pixel-art-world-downloads/sample-game-images/sample-map-xp03/sample-map-xp03/Graphics/Autotiles/SA-Concrete03.png,96,128,8785057093c3090d9329a26ad92cc411f0b7d28c180994bd98a329217c5457f5,extracted_verified,개인 로컬 수집; 소재 재배포 금지; 공개 작품에 Pixel Art World/ドット絵世界 크레딧. 조건: https://yms.main.jp/dotartworld/page1/rule.html; 샘플 게임 ZIP; 칩셋 개수에 포함하지 않음. RTP/코드/음성 등 혼재할 수 있으며 파일별 저작자 검토 전 범용 배포 금지. 실행하지 않음.; ZIP 중앙목록 및 전체 CRC 확인.; ZIP 내부 PNG만 별도 추출/전체 디코딩 확인. 아카이브 멤버 경로: sample-map-xp03/Graphics/Autotiles/SA-Concrete03.png; 샘플게임 유래 이미지. 일반 독립 배포 소재 개수에서 제외; 원래 용도 추정 autotile; 개별 저작권 검토 미완료.,727,200,sample-map-xp03/Graphics/Autotiles/SA-Concrete03.png,サンプルマップＸＰ
SA-Ditch01.png,sample_package_image,https://yms.main.jp/dotartworld/page2/samplemap01.html,https://yms.main.jp/dotartworld/sozai/tileset/pack/sample-map-xp03.zip,SA-Ditch01.png,/home/main/.local/share/oprn/pixel-art-world-downloads/sample-game-images/sample-map-xp03/sample-map-xp03/Graphics/Autotiles/SA-Ditch01.png,384,128,35a5a06fbe0633b11e2b5fddf33ed9f2b86e099d40a3f5ab256ff25a518aa791,extracted_verified,개인 로컬 수집; 소재 재배포 금지; 공개 작품에 Pixel Art World/ドット絵世界 크레딧. 조건: https://yms.main.jp/dotartworld/page1/rule.html; 샘플 게임 ZIP; 칩셋 개수에 포함하지 않음. RTP/코드/음성 등 혼재할 수 있으며 파일별 저작자 검토 전 범용 배포 금지. 실행하지 않음.; ZIP 중앙목록 및 전체 CRC 확인.; ZIP 내부 PNG만 별도 추출/전체 디코딩 확인. 아카이브 멤버 경로: sample-map-xp03/Graphics/Autotiles/SA-Ditch01.png; 샘플게임 유래 이미지. 일반 독립 배포 소재 개수에서 제외; 원래 용도 추정 autotile; 개별 저작권 검토 미완료.,4117,200,sample-map-xp03/Graphics/Autotiles/SA-Ditch01.png,サンプルマップＸＰ
SA-FloorS05.png,sample_package_image,https://yms.main.jp/dotartworld/page2/samplemap01.html,https://yms.main.jp/dotartworld/sozai/tileset/pack/sample-map-xp03.zip,SA-FloorS05.png,/home/main/.local/share/oprn/pixel-art-world-downloads/sample-game-images/sample-map-xp03/sample-map-xp03/Graphics/Autotiles/SA-FloorS05.png,96,128,b7613a997e3d997c6972de9f8a163dc6691d3cbc0578ca1c8b921e3ba6896235,extracted_verified,개인 로컬 수집; 소재 재배포 금지; 공개 작품에 Pixel Art World/ドット絵世界 크레딧. 조건: https://yms.main.jp/dotartworld/page1/rule.html; 샘플 게임 ZIP; 칩셋 개수에 포함하지 않음. RTP/코드/음성 등 혼재할 수 있으며 파일별 저작자 검토 전 범용 배포 금지. 실행하지 않음.; ZIP 중앙목록 및 전체 CRC 확인.; ZIP 내부 PNG만 별도 추출/전체 디코딩 확인. 아카이브 멤버 경로: sample-map-xp03/Graphics/Autotiles/SA-FloorS05.png; 샘플게임 유래 이미지. 일반 독립 배포 소재 개수에서 제외; 원래 용도 추정 autotile; 개별 저작권 검토 미완료.,1190,200,sample-map-xp03/Graphics/Autotiles/SA-FloorS05.png,サンプルマップＸＰ
SA-Floor-T10.png,sample_package_image,https://yms.main.jp/dotartworld/page2/samplemap01.html,https://yms.main.jp/dotartworld/sozai/tileset/pack/sample-map-xp03.zip,SA-Floor-T10.png,/home/main/.local/share/oprn/pixel-art-world-downloads/sample-game-images/sample-map-xp03/sample-map-xp03/Graphics/Autotiles/SA-Floor-T10.png,96,128,e03044b630a28c63b68c8df309ec26f0fe2b6c5dfe5e4db0918875e18dc8d5c1,extracted_verified,개인 로컬 수집; 소재 재배포 금지; 공개 작품에 Pixel Art World/ドット絵世界 크레딧. 조건: https://yms.main.jp/dotartworld/page1/rule.html; 샘플 게임 ZIP; 칩셋 개수에 포함하지 않음. RTP/코드/음성 등 혼재할 수 있으며 파일별 저작자 검토 전 범용 배포 금지. 실행하지 않음.; ZIP 중앙목록 및 전체 CRC 확인.; ZIP 내부 PNG만 별도 추출/전체 디코딩 확인. 아카이브 멤버 경로: sample-map-xp03/Graphics/Autotiles/SA-Floor-T10.png; 샘플게임 유래 이미지. 일반 독립 배포 소재 개수에서 제외; 원래 용도 추정 autotile; 개별 저작권 검토 미완료.,3501,200,sample-map-xp03/Graphics/Autotiles/SA-Floor-T10.png,サンプルマップＸＰ
SA-Floor-T11.png,sample_package_image,https://yms.main.jp/dotartworld/page2/samplemap01.html,https://yms.main.jp/dotartworld/sozai/tileset/pack/sample-map-xp03.zip,SA-Floor-T11.png,/home/main/.local/share/oprn/pixel-art-world-downloads/sample-game-images/sample-map-xp03/sample-map-xp03/Graphics/Autotiles/SA-Floor-T11.png,96,128,a69c9f48e793ae4f09b00e1fc25c70f9499d882f71409c5f0df157dca197228b,extracted_verified,개인 로컬 수집; 소재 재배포 금지; 공개 작품에 Pixel Art World/ドット絵世界 크레딧. 조건: https://yms.main.jp/dotartworld/page1/rule.html; 샘플 게임 ZIP; 칩셋 개수에 포함하지 않음. RTP/코드/음성 등 혼재할 수 있으며 파일별 저작자 검토 전 범용 배포 금지. 실행하지 않음.; ZIP 중앙목록 및 전체 CRC 확인.; ZIP 내부 PNG만 별도 추출/전체 디코딩 확인. 아카이브 멤버 경로: sample-map-xp03/Graphics/Autotiles/SA-Floor-T11.png; 샘플게임 유래 이미지. 일반 독립 배포 소재 개수에서 제외; 원래 용도 추정 autotile; 개별 저작권 검토 미완료.,3487,200,sample-map-xp03/Graphics/Autotiles/SA-Floor-T11.png,サンプルマップＸＰ
SA-GBorderC01.png,sample_package_image,https://yms.main.jp/dotartworld/page2/samplemap01.html,https://yms.main.jp/dotartworld/sozai/tileset/pack/sample-map-xp03.zip,SA-GBorderC01.png,/home/main/.local/share/oprn/pixel-art-world-downloads/sample-game-images/sample-map-xp03/sample-map-xp03/Graphics/Autotiles/SA-GBorderC01.png,96,128,9642a01004988cdeac6b749deded1632129b08704754314608a22dcb7d51ec55,extracted_verified,개인 로컬 수집; 소재 재배포 금지; 공개 작품에 Pixel Art World/ドット絵世界 크레딧. 조건: https://yms.main.jp/dotartworld/page1/rule.html; 샘플 게임 ZIP; 칩셋 개수에 포함하지 않음. RTP/코드/음성 등 혼재할 수 있으며 파일별 저작자 검토 전 범용 배포 금지. 실행하지 않음.; ZIP 중앙목록 및 전체 CRC 확인.; ZIP 내부 PNG만 별도 추출/전체 디코딩 확인. 아카이브 멤버 경로: sample-map-xp03/Graphics/Autotiles/SA-GBorderC01.png; 샘플게임 유래 이미지. 일반 독립 배포 소재 개수에서 제외; 원래 용도 추정 autotile; 개별 저작권 검토 미완료.,1356,200,sample-map-xp03/Graphics/Autotiles/SA-GBorderC01.png,サンプルマップＸＰ
SA-GrassE05.png,sample_package_image,https://yms.main.jp/dotartworld/page2/samplemap01.html,https://yms.main.jp/dotartworld/sozai/tileset/pack/sample-map-xp03.zip,SA-GrassE05.png,/home/main/.local/share/oprn/pixel-art-world-downloads/sample-game-images/sample-map-xp03/sample-map-xp03/Graphics/Autotiles/SA-GrassE05.png,96,128,123cb2981feae2a4b9c04e2e8e57aa4a589dfba3dda2ad082c9da441377957be,extracted_verified,개인 로컬 수집; 소재 재배포 금지; 공개 작품에 Pixel Art World/ドット絵世界 크레딧. 조건: https://yms.main.jp/dotartworld/page1/rule.html; 샘플 게임 ZIP; 칩셋 개수에 포함하지 않음. RTP/코드/음성 등 혼재할 수 있으며 파일별 저작자 검토 전 범용 배포 금지. 실행하지 않음.; ZIP 중앙목록 및 전체 CRC 확인.; ZIP 내부 PNG만 별도 추출/전체 디코딩 확인. 아카이브 멤버 경로: sample-map-xp03/Graphics/Autotiles/SA-GrassE05.png; 샘플게임 유래 이미지. 일반 독립 배포 소재 개수에서 제외; 원래 용도 추정 autotile; 개별 저작권 검토 미완료.,3176,200,sample-map-xp03/Graphics/Autotiles/SA-GrassE05.png,サンプルマップＸＰ
SA-GrassE06.png,sample_package_image,https://yms.main.jp/dotartworld/page2/samplemap01.html,https://yms.main.jp/dotartworld/sozai/tileset/pack/sample-map-xp03.zip,SA-GrassE06.png,/home/main/.local/share/oprn/pixel-art-world-downloads/sample-game-images/sample-map-xp03/sample-map-xp03/Graphics/Autotiles/SA-GrassE06.png,96,128,59e8b7890b8080c1956fd0c26ee2284e88a4dd0bb556270c07db998580587eeb,extracted_verified,개인 로컬 수집; 소재 재배포 금지; 공개 작품에 Pixel Art World/ドット絵世界 크레딧. 조건: https://yms.main.jp/dotartworld/page1/rule.html; 샘플 게임 ZIP; 칩셋 개수에 포함하지 않음. RTP/코드/음성 등 혼재할 수 있으며 파일별 저작자 검토 전 범용 배포 금지. 실행하지 않음.; ZIP 중앙목록 및 전체 CRC 확인.; ZIP 내부 PNG만 별도 추출/전체 디코딩 확인. 아카이브 멤버 경로: sample-map-xp03/Graphics/Autotiles/SA-GrassE06.png; 샘플게임 유래 이미지. 일반 독립 배포 소재 개수에서 제외; 원래 용도 추정 autotile; 개별 저작권 검토 미완료.,3103,200,sample-map-xp03/Graphics/Autotiles/SA-GrassE06.png,サンプルマップＸＰ
SA-Ground03.png,sample_package_image,https://yms.main.jp/dotartworld/page2/samplemap01.html,https://yms.main.jp/dotartworld/sozai/tileset/pack/sample-map-xp03.zip,SA-Ground03.png,/home/main/.local/share/oprn/pixel-art-world-downloads/sample-game-images/sample-map-xp03/sample-map-xp03/Graphics/Autotiles/SA-Ground03.png,96,128,06ea0714b94aa44d33fbb43aa44cabf3b919a8a82d7849cdfe0c785ce9f6080e,extracted_verified,개인 로컬 수집; 소재 재배포 금지; 공개 작품에 Pixel Art World/ドット絵世界 크레딧. 조건: https://yms.main.jp/dotartworld/page1/rule.html; 샘플 게임 ZIP; 칩셋 개수에 포함하지 않음. RTP/코드/음성 등 혼재할 수 있으며 파일별 저작자 검토 전 범용 배포 금지. 실행하지 않음.; ZIP 중앙목록 및 전체 CRC 확인.; ZIP 내부 PNG만 별도 추출/전체 디코딩 확인. 아카이브 멤버 경로: sample-map-xp03/Graphics/Autotiles/SA-Ground03.png; 샘플게임 유래 이미지. 일반 독립 배포 소재 개수에서 제외; 원래 용도 추정 autotile; 개별 저작권 검토 미완료.,8559,200,sample-map-xp03/Graphics/Autotiles/SA-Ground03.png,サンプルマップＸＰ
SA-GroundG03.png,sample_package_image,https://yms.main.jp/dotartworld/page2/samplemap01.html,https://yms.main.jp/dotartworld/sozai/tileset/pack/sample-map-xp03.zip,SA-GroundG03.png,/home/main/.local/share/oprn/pixel-art-world-downloads/sample-game-images/sample-map-xp03/sample-map-xp03/Graphics/Autotiles/SA-GroundG03.png,96,128,cbdf0baef512487a69fa044eb2098735b6f274d6dce2d23e0c8aede2ca146688,extracted_verified,개인 로컬 수집; 소재 재배포 금지; 공개 작품에 Pixel Art World/ドット絵世界 크레딧. 조건: https://yms.main.jp/dotartworld/page1/rule.html; 샘플 게임 ZIP; 칩셋 개수에 포함하지 않음. RTP/코드/음성 등 혼재할 수 있으며 파일별 저작자 검토 전 범용 배포 금지. 실행하지 않음.; ZIP 중앙목록 및 전체 CRC 확인.; ZIP 내부 PNG만 별도 추출/전체 디코딩 확인. 아카이브 멤버 경로: sample-map-xp03/Graphics/Autotiles/SA-GroundG03.png; 샘플게임 유래 이미지. 일반 독립 배포 소재 개수에서 제외; 원래 용도 추정 autotile; 개별 저작권 검토 미완료.,3911,200,sample-map-xp03/Graphics/Autotiles/SA-GroundG03.png,サンプルマップＸＰ
SA-Kadan03.png,sample_package_image,https://yms.main.jp/dotartworld/page2/samplemap01.html,https://yms.main.jp/dotartworld/sozai/tileset/pack/sample-map-xp03.zip,SA-Kadan03.png,/home/main/.local/share/oprn/pixel-art-world-downloads/sample-game-images/sample-map-xp03/sample-map-xp03/Graphics/Autotiles/SA-Kadan03.png,96,128,b881857ff045b78ea34372676bb31d4381df6a8efe80e281682b9140d5bfca51,extracted_verified,개인 로컬 수집; 소재 재배포 금지; 공개 작품에 Pixel Art World/ドット絵世界 크레딧. 조건: https://yms.main.jp/dotartworld/page1/rule.html; 샘플 게임 ZIP; 칩셋 개수에 포함하지 않음. RTP/코드/음성 등 혼재할 수 있으며 파일별 저작자 검토 전 범용 배포 금지. 실행하지 않음.; ZIP 중앙목록 및 전체 CRC 확인.; ZIP 내부 PNG만 별도 추출/전체 디코딩 확인. 아카이브 멤버 경로: sample-map-xp03/Graphics/Autotiles/SA-Kadan03.png; 샘플게임 유래 이미지. 일반 독립 배포 소재 개수에서 제외; 원래 용도 추정 autotile; 개별 저작권 검토 미완료.,2311,200,sample-map-xp03/Graphics/Autotiles/SA-Kadan03.png,サンプルマップＸＰ
SA-Kyodan01.png,sample_package_image,https://yms.main.jp/dotartworld/page2/samplemap01.html,https://yms.main.jp/dotartworld/sozai/tileset/pack/sample-map-xp03.zip,SA-Kyodan01.png,/home/main/.local/share/oprn/pixel-art-world-downloads/sample-game-images/sample-map-xp03/sample-map-xp03/Graphics/Autotiles/SA-Kyodan01.png,96,128,be1f50df169ffaa2ddbb2410e189f5fc58eb270f25a25adb99d646e21327b85d,extracted_verified,개인 로컬 수집; 소재 재배포 금지; 공개 작품에 Pixel Art World/ドット絵世界 크레딧. 조건: https://yms.main.jp/dotartworld/page1/rule.html; 샘플 게임 ZIP; 칩셋 개수에 포함하지 않음. RTP/코드/음성 등 혼재할 수 있으며 파일별 저작자 검토 전 범용 배포 금지. 실행하지 않음.; ZIP 중앙목록 및 전체 CRC 확인.; ZIP 내부 PNG만 별도 추출/전체 디코딩 확인. 아카이브 멤버 경로: sample-map-xp03/Graphics/Autotiles/SA-Kyodan01.png; 샘플게임 유래 이미지. 일반 독립 배포 소재 개수에서 제외; 원래 용도 추정 autotile; 개별 저작권 검토 미완료.,1119,200,sample-map-xp03/Graphics/Autotiles/SA-Kyodan01.png,サンプルマップＸＰ
SA-Nanohana01.png,sample_package_image,https://yms.main.jp/dotartworld/page2/samplemap01.html,https://yms.main.jp/dotartworld/sozai/tileset/pack/sample-map-xp03.zip,SA-Nanohana01.png,/home/main/.local/share/oprn/pixel-art-world-downloads/sample-game-images/sample-map-xp03/sample-map-xp03/Graphics/Autotiles/SA-Nanohana01.png,96,128,9128a21dddea796ab801a3915294eb14a04adb16706eb7779d97d522fe3d6b02,extracted_verified,개인 로컬 수집; 소재 재배포 금지; 공개 작품에 Pixel Art World/ドット絵世界 크레딧. 조건: https://yms.main.jp/dotartworld/page1/rule.html; 샘플 게임 ZIP; 칩셋 개수에 포함하지 않음. RTP/코드/음성 등 혼재할 수 있으며 파일별 저작자 검토 전 범용 배포 금지. 실행하지 않음.; ZIP 중앙목록 및 전체 CRC 확인.; ZIP 내부 PNG만 별도 추출/전체 디코딩 확인. 아카이브 멤버 경로: sample-map-xp03/Graphics/Autotiles/SA-Nanohana01.png; 샘플게임 유래 이미지. 일반 독립 배포 소재 개수에서 제외; 원래 용도 추정 autotile; 개별 저작권 검토 미완료.,2485,200,sample-map-xp03/Graphics/Autotiles/SA-Nanohana01.png,サンプルマップＸＰ
SA-Roof01.png,sample_package_image,https://yms.main.jp/dotartworld/page2/samplemap01.html,https://yms.main.jp/dotartworld/sozai/tileset/pack/sample-map-xp03.zip,SA-Roof01.png,/home/main/.local/share/oprn/pixel-art-world-downloads/sample-game-images/sample-map-xp03/sample-map-xp03/Graphics/Autotiles/SA-Roof01.png,96,128,a6367b0745b05eae572c7fbde199fce45fdf525b86d8009dcc93c9921552a4de,extracted_verified,개인 로컬 수집; 소재 재배포 금지; 공개 작품에 Pixel Art World/ドット絵世界 크레딧. 조건: https://yms.main.jp/dotartworld/page1/rule.html; 샘플 게임 ZIP; 칩셋 개수에 포함하지 않음. RTP/코드/음성 등 혼재할 수 있으며 파일별 저작자 검토 전 범용 배포 금지. 실행하지 않음.; ZIP 중앙목록 및 전체 CRC 확인.; ZIP 내부 PNG만 별도 추출/전체 디코딩 확인. 아카이브 멤버 경로: sample-map-xp03/Graphics/Autotiles/SA-Roof01.png; 샘플게임 유래 이미지. 일반 독립 배포 소재 개수에서 제외; 원래 용도 추정 autotile; 개별 저작권 검토 미완료.,939,200,sample-map-xp03/Graphics/Autotiles/SA-Roof01.png,サンプルマップＸＰ
SA-Roof02.png,sample_package_image,https://yms.main.jp/dotartworld/page2/samplemap01.html,https://yms.main.jp/dotartworld/sozai/tileset/pack/sample-map-xp03.zip,SA-Roof02.png,/home/main/.local/share/oprn/pixel-art-world-downloads/sample-game-images/sample-map-xp03/sample-map-xp03/Graphics/Autotiles/SA-Roof02.png,96,128,6bbfe149149d7e8f3044a9c6d3c8ce5df862df34e7d2dbca123c850f1242e80a,extracted_verified,개인 로컬 수집; 소재 재배포 금지; 공개 작품에 Pixel Art World/ドット絵世界 크레딧. 조건: https://yms.main.jp/dotartworld/page1/rule.html; 샘플 게임 ZIP; 칩셋 개수에 포함하지 않음. RTP/코드/음성 등 혼재할 수 있으며 파일별 저작자 검토 전 범용 배포 금지. 실행하지 않음.; ZIP 중앙목록 및 전체 CRC 확인.; ZIP 내부 PNG만 별도 추출/전체 디코딩 확인. 아카이브 멤버 경로: sample-map-xp03/Graphics/Autotiles/SA-Roof02.png; 샘플게임 유래 이미지. 일반 독립 배포 소재 개수에서 제외; 원래 용도 추정 autotile; 개별 저작권 검토 미완료.,808,200,sample-map-xp03/Graphics/Autotiles/SA-Roof02.png,サンプルマップＸＰ
SA-Sunoko02.png,sample_package_image,https://yms.main.jp/dotartworld/page2/samplemap01.html,https://yms.main.jp/dotartworld/sozai/tileset/pack/sample-map-xp03.zip,SA-Sunoko02.png,/home/main/.local/share/oprn/pixel-art-world-downloads/sample-game-images/sample-map-xp03/sample-map-xp03/Graphics/Autotiles/SA-Sunoko02.png,96,128,2925abaf4d3c36f63686bb155b2e8b40e3a00152273b3a5454bb46dee331ef9c,extracted_verified,개인 로컬 수집; 소재 재배포 금지; 공개 작품에 Pixel Art World/ドット絵世界 크레딧. 조건: https://yms.main.jp/dotartworld/page1/rule.html; 샘플 게임 ZIP; 칩셋 개수에 포함하지 않음. RTP/코드/음성 등 혼재할 수 있으며 파일별 저작자 검토 전 범용 배포 금지. 실행하지 않음.; ZIP 중앙목록 및 전체 CRC 확인.; ZIP 내부 PNG만 별도 추출/전체 디코딩 확인. 아카이브 멤버 경로: sample-map-xp03/Graphics/Autotiles/SA-Sunoko02.png; 샘플게임 유래 이미지. 일반 독립 배포 소재 개수에서 제외; 원래 용도 추정 autotile; 개별 저작권 검토 미완료.,1129,200,sample-map-xp03/Graphics/Autotiles/SA-Sunoko02.png,サンプルマップＸＰ
SA-Undulation02.png,sample_package_image,https://yms.main.jp/dotartworld/page2/samplemap01.html,https://yms.main.jp/dotartworld/sozai/tileset/pack/sample-map-xp03.zip,SA-Undulation02.png,/home/main/.local/share/oprn/pixel-art-world-downloads/sample-game-images/sample-map-xp03/sample-map-xp03/Graphics/Autotiles/SA-Undulation02.png,96,128,1c009dd959b0d265e337294717154dbd38deda5f518e180b47c45f11f9bfa425,extracted_verified,개인 로컬 수집; 소재 재배포 금지; 공개 작품에 Pixel Art World/ドット絵世界 크레딧. 조건: https://yms.main.jp/dotartworld/page1/rule.html; 샘플 게임 ZIP; 칩셋 개수에 포함하지 않음. RTP/코드/음성 등 혼재할 수 있으며 파일별 저작자 검토 전 범용 배포 금지. 실행하지 않음.; ZIP 중앙목록 및 전체 CRC 확인.; ZIP 내부 PNG만 별도 추출/전체 디코딩 확인. 아카이브 멤버 경로: sample-map-xp03/Graphics/Autotiles/SA-Undulation02.png; 샘플게임 유래 이미지. 일반 독립 배포 소재 개수에서 제외; 원래 용도 추정 autotile; 개별 저작권 검토 미완료.,6717,200,sample-map-xp03/Graphics/Autotiles/SA-Undulation02.png,サンプルマップＸＰ
SA-WallA01.png,sample_package_image,https://yms.main.jp/dotartworld/page2/samplemap01.html,https://yms.main.jp/dotartworld/sozai/tileset/pack/sample-map-xp03.zip,SA-WallA01.png,/home/main/.local/share/oprn/pixel-art-world-downloads/sample-game-images/sample-map-xp03/sample-map-xp03/Graphics/Autotiles/SA-WallA01.png,96,128,c78e2ec9039483573a30e4dce164f3a833aac733640d34bb6900ecdf2f43f21e,extracted_verified,개인 로컬 수집; 소재 재배포 금지; 공개 작품에 Pixel Art World/ドット絵世界 크레딧. 조건: https://yms.main.jp/dotartworld/page1/rule.html; 샘플 게임 ZIP; 칩셋 개수에 포함하지 않음. RTP/코드/음성 등 혼재할 수 있으며 파일별 저작자 검토 전 범용 배포 금지. 실행하지 않음.; ZIP 중앙목록 및 전체 CRC 확인.; ZIP 내부 PNG만 별도 추출/전체 디코딩 확인. 아카이브 멤버 경로: sample-map-xp03/Graphics/Autotiles/SA-WallA01.png; 샘플게임 유래 이미지. 일반 독립 배포 소재 개수에서 제외; 원래 용도 추정 autotile; 개별 저작권 검토 미완료.,394,200,sample-map-xp03/Graphics/Autotiles/SA-WallA01.png,サンプルマップＸＰ
SA-WallA02.png,sample_package_image,https://yms.main.jp/dotartworld/page2/samplemap01.html,https://yms.main.jp/dotartworld/sozai/tileset/pack/sample-map-xp03.zip,SA-WallA02.png,/home/main/.local/share/oprn/pixel-art-world-downloads/sample-game-images/sample-map-xp03/sample-map-xp03/Graphics/Autotiles/SA-WallA02.png,96,128,a3c2eece9fccd48f2d8229a88a2d133fce7a5da8b8f4957269cd33c2c01b2af6,extracted_verified,개인 로컬 수집; 소재 재배포 금지; 공개 작품에 Pixel Art World/ドット絵世界 크레딧. 조건: https://yms.main.jp/dotartworld/page1/rule.html; 샘플 게임 ZIP; 칩셋 개수에 포함하지 않음. RTP/코드/음성 등 혼재할 수 있으며 파일별 저작자 검토 전 범용 배포 금지. 실행하지 않음.; ZIP 중앙목록 및 전체 CRC 확인.; ZIP 내부 PNG만 별도 추출/전체 디코딩 확인. 아카이브 멤버 경로: sample-map-xp03/Graphics/Autotiles/SA-WallA02.png; 샘플게임 유래 이미지. 일반 독립 배포 소재 개수에서 제외; 원래 용도 추정 autotile; 개별 저작권 검토 미완료.,1451,200,sample-map-xp03/Graphics/Autotiles/SA-WallA02.png,サンプルマップＸＰ
SC-CtainH01.png,sample_package_image,https://yms.main.jp/dotartworld/page2/samplemap01.html,https://yms.main.jp/dotartworld/sozai/tileset/pack/sample-map-xp03.zip,SC-CtainH01.png,/home/main/.local/share/oprn/pixel-art-world-downloads/sample-game-images/sample-map-xp03/sample-map-xp03/Graphics/Characters/SC-CtainH01.png,384,384,51f32b20d1e816e06d3c4c2a8eb122dcda3af45e1c5a9feb1a0f958be19292cc,extracted_verified,개인 로컬 수집; 소재 재배포 금지; 공개 작품에 Pixel Art World/ドット絵世界 크레딧. 조건: https://yms.main.jp/dotartworld/page1/rule.html; 샘플 게임 ZIP; 칩셋 개수에 포함하지 않음. RTP/코드/음성 등 혼재할 수 있으며 파일별 저작자 검토 전 범용 배포 금지. 실행하지 않음.; ZIP 중앙목록 및 전체 CRC 확인.; ZIP 내부 PNG만 별도 추출/전체 디코딩 확인. 아카이브 멤버 경로: sample-map-xp03/Graphics/Characters/SC-CtainH01.png; 샘플게임 유래 이미지. 일반 독립 배포 소재 개수에서 제외; 원래 용도 추정 event_or_character_sprite; 개별 저작권 검토 미완료.,9098,200,sample-map-xp03/Graphics/Characters/SC-CtainH01.png,サンプルマップＸＰ
SC-Cupboard02.png,sample_package_image,https://yms.main.jp/dotartworld/page2/samplemap01.html,https://yms.main.jp/dotartworld/sozai/tileset/pack/sample-map-xp03.zip,SC-Cupboard02.png,/home/main/.local/share/oprn/pixel-art-world-downloads/sample-game-images/sample-map-xp03/sample-map-xp03/Graphics/Characters/SC-Cupboard02.png,128,384,ca061c817a4596bbbe976e43c8cacb1f94d28baa0f52964517a3289c713a7574,extracted_verified,개인 로컬 수집; 소재 재배포 금지; 공개 작품에 Pixel Art World/ドット絵世界 크레딧. 조건: https://yms.main.jp/dotartworld/page1/rule.html; 샘플 게임 ZIP; 칩셋 개수에 포함하지 않음. RTP/코드/음성 등 혼재할 수 있으며 파일별 저작자 검토 전 범용 배포 금지. 실행하지 않음.; ZIP 중앙목록 및 전체 CRC 확인.; ZIP 내부 PNG만 별도 추출/전체 디코딩 확인. 아카이브 멤버 경로: sample-map-xp03/Graphics/Characters/SC-Cupboard02.png; 샘플게임 유래 이미지. 일반 독립 배포 소재 개수에서 제외; 원래 용도 추정 event_or_character_sprite; 개별 저작권 검토 미완료.,3796,200,sample-map-xp03/Graphics/Characters/SC-Cupboard02.png,サンプルマップＸＰ
SC-Door01.png,sample_package_image,https://yms.main.jp/dotartworld/page2/samplemap01.html,https://yms.main.jp/dotartworld/sozai/tileset/pack/sample-map-xp03.zip,SC-Door01.png,/home/main/.local/share/oprn/pixel-art-world-downloads/sample-game-images/sample-map-xp03/sample-map-xp03/Graphics/Characters/SC-Door01.png,128,256,1c8ec1c45a33d1604b20018a976303f8964bd02df5e647e458b934051bc1b524,extracted_verified,개인 로컬 수집; 소재 재배포 금지; 공개 작품에 Pixel Art World/ドット絵世界 크레딧. 조건: https://yms.main.jp/dotartworld/page1/rule.html; 샘플 게임 ZIP; 칩셋 개수에 포함하지 않음. RTP/코드/음성 등 혼재할 수 있으며 파일별 저작자 검토 전 범용 배포 금지. 실행하지 않음.; ZIP 중앙목록 및 전체 CRC 확인.; ZIP 내부 PNG만 별도 추출/전체 디코딩 확인. 아카이브 멤버 경로: sample-map-xp03/Graphics/Characters/SC-Door01.png; 샘플게임 유래 이미지. 일반 독립 배포 소재 개수에서 제외; 원래 용도 추정 event_or_character_sprite; 개별 저작권 검토 미완료.,3441,200,sample-map-xp03/Graphics/Characters/SC-Door01.png,サンプルマップＸＰ
SC-Door-Arch01.png,sample_package_image,https://yms.main.jp/dotartworld/page2/samplemap01.html,https://yms.main.jp/dotartworld/sozai/tileset/pack/sample-map-xp03.zip,SC-Door-Arch01.png,/home/main/.local/share/oprn/pixel-art-world-downloads/sample-game-images/sample-map-xp03/sample-map-xp03/Graphics/Characters/SC-Door-Arch01.png,384,384,0401cf5e2873d757fcef3719d7b487f8e73e04806ecbf7c3fceb94a2acedf0ae,extracted_verified,개인 로컬 수집; 소재 재배포 금지; 공개 작품에 Pixel Art World/ドット絵世界 크레딧. 조건: https://yms.main.jp/dotartworld/page1/rule.html; 샘플 게임 ZIP; 칩셋 개수에 포함하지 않음. RTP/코드/음성 등 혼재할 수 있으며 파일별 저작자 검토 전 범용 배포 금지. 실행하지 않음.; ZIP 중앙목록 및 전체 CRC 확인.; ZIP 내부 PNG만 별도 추출/전체 디코딩 확인. 아카이브 멤버 경로: sample-map-xp03/Graphics/Characters/SC-Door-Arch01.png; 샘플게임 유래 이미지. 일반 독립 배포 소재 개수에서 제외; 원래 용도 추정 event_or_character_sprite; 개별 저작권 검토 미완료.,11294,200,sample-map-xp03/Graphics/Characters/SC-Door-Arch01.png,サンプルマップＸＰ
SC-Door-AutoBM.png,sample_package_image,https://yms.main.jp/dotartworld/page2/samplemap01.html,https://yms.main.jp/dotartworld/sozai/tileset/pack/sample-map-xp03.zip,SC-Door-AutoBM.png,/home/main/.local/share/oprn/pixel-art-world-downloads/sample-game-images/sample-map-xp03/sample-map-xp03/Graphics/Characters/SC-Door-AutoBM.png,384,384,52342f75955c5bf9b57cc0e8747e47cfffedbc61c6613e908061946243475063,extracted_verified,개인 로컬 수집; 소재 재배포 금지; 공개 작품에 Pixel Art World/ドット絵世界 크레딧. 조건: https://yms.main.jp/dotartworld/page1/rule.html; 샘플 게임 ZIP; 칩셋 개수에 포함하지 않음. RTP/코드/음성 등 혼재할 수 있으며 파일별 저작자 검토 전 범용 배포 금지. 실행하지 않음.; ZIP 중앙목록 및 전체 CRC 확인.; ZIP 내부 PNG만 별도 추출/전체 디코딩 확인. 아카이브 멤버 경로: sample-map-xp03/Graphics/Characters/SC-Door-AutoBM.png; 샘플게임 유래 이미지. 일반 독립 배포 소재 개수에서 제외; 원래 용도 추정 event_or_character_sprite; 개별 저작권 검토 미완료.,5274,200,sample-map-xp03/Graphics/Characters/SC-Door-AutoBM.png,サンプルマップＸＰ
SC-Door-Convi01.png,sample_package_image,https://yms.main.jp/dotartworld/page2/samplemap01.html,https://yms.main.jp/dotartworld/sozai/tileset/pack/sample-map-xp03.zip,SC-Door-Convi01.png,/home/main/.local/share/oprn/pixel-art-world-downloads/sample-game-images/sample-map-xp03/sample-map-xp03/Graphics/Characters/SC-Door-Convi01.png,384,256,7605fad6a899f434a8ac9d79ef2fe611984a534b4f9dbde9d4b1e326289fa612,extracted_verified,개인 로컬 수집; 소재 재배포 금지; 공개 작품에 Pixel Art World/ドット絵世界 크레딧. 조건: https://yms.main.jp/dotartworld/page1/rule.html; 샘플 게임 ZIP; 칩셋 개수에 포함하지 않음. RTP/코드/음성 등 혼재할 수 있으며 파일별 저작자 검토 전 범용 배포 금지. 실행하지 않음.; ZIP 중앙목록 및 전체 CRC 확인.; ZIP 내부 PNG만 별도 추출/전체 디코딩 확인. 아카이브 멤버 경로: sample-map-xp03/Graphics/Characters/SC-Door-Convi01.png; 샘플게임 유래 이미지. 일반 독립 배포 소재 개수에서 제외; 원래 용도 추정 event_or_character_sprite; 개별 저작권 검토 미완료.,5072,200,sample-map-xp03/Graphics/Characters/SC-Door-Convi01.png,サンプルマップＸＰ
SC-Door-Convi02.png,sample_package_image,https://yms.main.jp/dotartworld/page2/samplemap01.html,https://yms.main.jp/dotartworld/sozai/tileset/pack/sample-map-xp03.zip,SC-Door-Convi02.png,/home/main/.local/share/oprn/pixel-art-world-downloads/sample-game-images/sample-map-xp03/sample-map-xp03/Graphics/Characters/SC-Door-Convi02.png,512,256,11cc7bc4e5a98c75e0f591a92ca65c3b9e69cc0e40dec3cc51d4bc36e3c2fe0d,extracted_verified,개인 로컬 수집; 소재 재배포 금지; 공개 작품에 Pixel Art World/ドット絵世界 크레딧. 조건: https://yms.main.jp/dotartworld/page1/rule.html; 샘플 게임 ZIP; 칩셋 개수에 포함하지 않음. RTP/코드/음성 등 혼재할 수 있으며 파일별 저작자 검토 전 범용 배포 금지. 실행하지 않음.; ZIP 중앙목록 및 전체 CRC 확인.; ZIP 내부 PNG만 별도 추출/전체 디코딩 확인. 아카이브 멤버 경로: sample-map-xp03/Graphics/Characters/SC-Door-Convi02.png; 샘플게임 유래 이미지. 일반 독립 배포 소재 개수에서 제외; 원래 용도 추정 event_or_character_sprite; 개별 저작권 검토 미완료.,5579,200,sample-map-xp03/Graphics/Characters/SC-Door-Convi02.png,サンプルマップＸＰ
SC-Door-Entce01.png,sample_package_image,https://yms.main.jp/dotartworld/page2/samplemap01.html,https://yms.main.jp/dotartworld/sozai/tileset/pack/sample-map-xp03.zip,SC-Door-Entce01.png,/home/main/.local/share/oprn/pixel-art-world-downloads/sample-game-images/sample-map-xp03/sample-map-xp03/Graphics/Characters/SC-Door-Entce01.png,384,256,b31e97d32cc4624b21f348c190a7539b6797f6e40e60abaf26d393c0ccf3c249,extracted_verified,개인 로컬 수집; 소재 재배포 금지; 공개 작품에 Pixel Art World/ドット絵世界 크레딧. 조건: https://yms.main.jp/dotartworld/page1/rule.html; 샘플 게임 ZIP; 칩셋 개수에 포함하지 않음. RTP/코드/음성 등 혼재할 수 있으며 파일별 저작자 검토 전 범용 배포 금지. 실행하지 않음.; ZIP 중앙목록 및 전체 CRC 확인.; ZIP 내부 PNG만 별도 추출/전체 디코딩 확인. 아카이브 멤버 경로: sample-map-xp03/Graphics/Characters/SC-Door-Entce01.png; 샘플게임 유래 이미지. 일반 독립 배포 소재 개수에서 제외; 원래 용도 추정 event_or_character_sprite; 개별 저작권 검토 미완료.,3722,200,sample-map-xp03/Graphics/Characters/SC-Door-Entce01.png,サンプルマップＸＰ
SC-Door-Entce02.png,sample_package_image,https://yms.main.jp/dotartworld/page2/samplemap01.html,https://yms.main.jp/dotartworld/sozai/tileset/pack/sample-map-xp03.zip,SC-Door-Entce02.png,/home/main/.local/share/oprn/pixel-art-world-downloads/sample-game-images/sample-map-xp03/sample-map-xp03/Graphics/Characters/SC-Door-Entce02.png,384,256,7a8f218961c463cdfab12a5ca22cdafed8e32701c3a80a25c3c0904a1aec8e62,extracted_verified,개인 로컬 수집; 소재 재배포 금지; 공개 작품에 Pixel Art World/ドット絵世界 크레딧. 조건: https://yms.main.jp/dotartworld/page1/rule.html; 샘플 게임 ZIP; 칩셋 개수에 포함하지 않음. RTP/코드/음성 등 혼재할 수 있으며 파일별 저작자 검토 전 범용 배포 금지. 실행하지 않음.; ZIP 중앙목록 및 전체 CRC 확인.; ZIP 내부 PNG만 별도 추출/전체 디코딩 확인. 아카이브 멤버 경로: sample-map-xp03/Graphics/Characters/SC-Door-Entce02.png; 샘플게임 유래 이미지. 일반 독립 배포 소재 개수에서 제외; 원래 용도 추정 event_or_character_sprite; 개별 저작권 검토 미완료.,3674,200,sample-map-xp03/Graphics/Characters/SC-Door-Entce02.png,サンプルマップＸＰ
SC-Door-Entce04.png,sample_package_image,https://yms.main.jp/dotartworld/page2/samplemap01.html,https://yms.main.jp/dotartworld/sozai/tileset/pack/sample-map-xp03.zip,SC-Door-Entce04.png,/home/main/.local/share/oprn/pixel-art-world-downloads/sample-game-images/sample-map-xp03/sample-map-xp03/Graphics/Characters/SC-Door-Entce04.png,384,256,d0999ad74e66bed3d539f93786e7bf9c93c8e29a27470ba119744523ff6efb36,extracted_verified,개인 로컬 수집; 소재 재배포 금지; 공개 작품에 Pixel Art World/ドット絵世界 크레딧. 조건: https://yms.main.jp/dotartworld/page1/rule.html; 샘플 게임 ZIP; 칩셋 개수에 포함하지 않음. RTP/코드/음성 등 혼재할 수 있으며 파일별 저작자 검토 전 범용 배포 금지. 실행하지 않음.; ZIP 중앙목록 및 전체 CRC 확인.; ZIP 내부 PNG만 별도 추출/전체 디코딩 확인. 아카이브 멤버 경로: sample-map-xp03/Graphics/Characters/SC-Door-Entce04.png; 샘플게임 유래 이미지. 일반 독립 배포 소재 개수에서 제외; 원래 용도 추정 event_or_character_sprite; 개별 저작권 검토 미완료.,8480,200,sample-map-xp03/Graphics/Characters/SC-Door-Entce04.png,サンプルマップＸＰ
SC-Door-Entce05.png,sample_package_image,https://yms.main.jp/dotartworld/page2/samplemap01.html,https://yms.main.jp/dotartworld/sozai/tileset/pack/sample-map-xp03.zip,SC-Door-Entce05.png,/home/main/.local/share/oprn/pixel-art-world-downloads/sample-game-images/sample-map-xp03/sample-map-xp03/Graphics/Characters/SC-Door-Entce05.png,384,256,331bde9fd50fb2a5cae54f6b78848734fd0ecae529512f531efbcff706cc50c3,extracted_verified,개인 로컬 수집; 소재 재배포 금지; 공개 작품에 Pixel Art World/ドット絵世界 크레딧. 조건: https://yms.main.jp/dotartworld/page1/rule.html; 샘플 게임 ZIP; 칩셋 개수에 포함하지 않음. RTP/코드/음성 등 혼재할 수 있으며 파일별 저작자 검토 전 범용 배포 금지. 실행하지 않음.; ZIP 중앙목록 및 전체 CRC 확인.; ZIP 내부 PNG만 별도 추출/전체 디코딩 확인. 아카이브 멤버 경로: sample-map-xp03/Graphics/Characters/SC-Door-Entce05.png; 샘플게임 유래 이미지. 일반 독립 배포 소재 개수에서 제외; 원래 용도 추정 event_or_character_sprite; 개별 저작권 검토 미완료.,7616,200,sample-map-xp03/Graphics/Characters/SC-Door-Entce05.png,サンプルマップＸＰ
SC-Door-Ev01.png,sample_package_image,https://yms.main.jp/dotartworld/page2/samplemap01.html,https://yms.main.jp/dotartworld/sozai/tileset/pack/sample-map-xp03.zip,SC-Door-Ev01.png,/home/main/.local/share/oprn/pixel-art-world-downloads/sample-game-images/sample-map-xp03/sample-map-xp03/Graphics/Characters/SC-Door-Ev01.png,384,256,1a65f58dc43b8199a3bf8544537332ce52b52d7f0efeb6410656eb0cac5f1339,extracted_verified,개인 로컬 수집; 소재 재배포 금지; 공개 작품에 Pixel Art World/ドット絵世界 크레딧. 조건: https://yms.main.jp/dotartworld/page1/rule.html; 샘플 게임 ZIP; 칩셋 개수에 포함하지 않음. RTP/코드/음성 등 혼재할 수 있으며 파일별 저작자 검토 전 범용 배포 금지. 실행하지 않음.; ZIP 중앙목록 및 전체 CRC 확인.; ZIP 내부 PNG만 별도 추출/전체 디코딩 확인. 아카이브 멤버 경로: sample-map-xp03/Graphics/Characters/SC-Door-Ev01.png; 샘플게임 유래 이미지. 일반 독립 배포 소재 개수에서 제외; 원래 용도 추정 event_or_character_sprite; 개별 저작권 검토 미완료.,2407,200,sample-map-xp03/Graphics/Characters/SC-Door-Ev01.png,サンプルマップＸＰ
SC-Door-Schl01.png,sample_package_image,https://yms.main.jp/dotartworld/page2/samplemap01.html,https://yms.main.jp/dotartworld/sozai/tileset/pack/sample-map-xp03.zip,SC-Door-Schl01.png,/home/main/.local/share/oprn/pixel-art-world-downloads/sample-game-images/sample-map-xp03/sample-map-xp03/Graphics/Characters/SC-Door-Schl01.png,384,256,3639412cd5fcbe8556cfd119dddaf9e1e05cd9fef9b164eb2bdb01a3978d0df0,extracted_verified,개인 로컬 수집; 소재 재배포 금지; 공개 작품에 Pixel Art World/ドット絵世界 크레딧. 조건: https://yms.main.jp/dotartworld/page1/rule.html; 샘플 게임 ZIP; 칩셋 개수에 포함하지 않음. RTP/코드/음성 등 혼재할 수 있으며 파일별 저작자 검토 전 범용 배포 금지. 실행하지 않음.; ZIP 중앙목록 및 전체 CRC 확인.; ZIP 내부 PNG만 별도 추출/전체 디코딩 확인. 아카이브 멤버 경로: sample-map-xp03/Graphics/Characters/SC-Door-Schl01.png; 샘플게임 유래 이미지. 일반 독립 배포 소재 개수에서 제외; 원래 용도 추정 event_or_character_sprite; 개별 저작권 검토 미완료.,4170,200,sample-map-xp03/Graphics/Characters/SC-Door-Schl01.png,サンプルマップＸＰ
SC-Door-Schl02.png,sample_package_image,https://yms.main.jp/dotartworld/page2/samplemap01.html,https://yms.main.jp/dotartworld/sozai/tileset/pack/sample-map-xp03.zip,SC-Door-Schl02.png,/home/main/.local/share/oprn/pixel-art-world-downloads/sample-game-images/sample-map-xp03/sample-map-xp03/Graphics/Characters/SC-Door-Schl02.png,384,256,e4aaa8ebedc71884e949249acccc60c67c9859593d7cc979921548d37a1751c3,extracted_verified,개인 로컬 수집; 소재 재배포 금지; 공개 작품에 Pixel Art World/ドット絵世界 크레딧. 조건: https://yms.main.jp/dotartworld/page1/rule.html; 샘플 게임 ZIP; 칩셋 개수에 포함하지 않음. RTP/코드/음성 등 혼재할 수 있으며 파일별 저작자 검토 전 범용 배포 금지. 실행하지 않음.; ZIP 중앙목록 및 전체 CRC 확인.; ZIP 내부 PNG만 별도 추출/전체 디코딩 확인. 아카이브 멤버 경로: sample-map-xp03/Graphics/Characters/SC-Door-Schl02.png; 샘플게임 유래 이미지. 일반 독립 배포 소재 개수에서 제외; 원래 용도 추정 event_or_character_sprite; 개별 저작권 검토 미완료.,3736,200,sample-map-xp03/Graphics/Characters/SC-Door-Schl02.png,サンプルマップＸＰ
SC-Door-SchlG01.png,sample_package_image,https://yms.main.jp/dotartworld/page2/samplemap01.html,https://yms.main.jp/dotartworld/sozai/tileset/pack/sample-map-xp03.zip,SC-Door-SchlG01.png,/home/main/.local/share/oprn/pixel-art-world-downloads/sample-game-images/sample-map-xp03/sample-map-xp03/Graphics/Characters/SC-Door-SchlG01.png,384,256,2890a4c66fa9daed89e366deac34dea0dd1cf580abebdc152b039ad76a27485e,extracted_verified,개인 로컬 수집; 소재 재배포 금지; 공개 작품에 Pixel Art World/ドット絵世界 크레딧. 조건: https://yms.main.jp/dotartworld/page1/rule.html; 샘플 게임 ZIP; 칩셋 개수에 포함하지 않음. RTP/코드/음성 등 혼재할 수 있으며 파일별 저작자 검토 전 범용 배포 금지. 실행하지 않음.; ZIP 중앙목록 및 전체 CRC 확인.; ZIP 내부 PNG만 별도 추출/전체 디코딩 확인. 아카이브 멤버 경로: sample-map-xp03/Graphics/Characters/SC-Door-SchlG01.png; 샘플게임 유래 이미지. 일반 독립 배포 소재 개수에서 제외; 원래 용도 추정 event_or_character_sprite; 개별 저작권 검토 미완료.,3619,200,sample-map-xp03/Graphics/Characters/SC-Door-SchlG01.png,サンプルマップＸＰ
SC-Door-Tolt01.png,sample_package_image,https://yms.main.jp/dotartworld/page2/samplemap01.html,https://yms.main.jp/dotartworld/sozai/tileset/pack/sample-map-xp03.zip,SC-Door-Tolt01.png,/home/main/.local/share/oprn/pixel-art-world-downloads/sample-game-images/sample-map-xp03/sample-map-xp03/Graphics/Characters/SC-Door-Tolt01.png,128,384,4243d0d8fd5b0f450581793e9f63fb25b4db321129deda9d94dda052cab6d7b7,extracted_verified,개인 로컬 수집; 소재 재배포 금지; 공개 작품에 Pixel Art World/ドット絵世界 크레딧. 조건: https://yms.main.jp/dotartworld/page1/rule.html; 샘플 게임 ZIP; 칩셋 개수에 포함하지 않음. RTP/코드/음성 등 혼재할 수 있으며 파일별 저작자 검토 전 범용 배포 금지. 실행하지 않음.; ZIP 중앙목록 및 전체 CRC 확인.; ZIP 내부 PNG만 별도 추출/전체 디코딩 확인. 아카이브 멤버 경로: sample-map-xp03/Graphics/Characters/SC-Door-Tolt01.png; 샘플게임 유래 이미지. 일반 독립 배포 소재 개수에서 제외; 원래 용도 추정 event_or_character_sprite; 개별 저작권 검토 미완료.,3825,200,sample-map-xp03/Graphics/Characters/SC-Door-Tolt01.png,サンプルマップＸＰ
SC-Door-Tolt02.png,sample_package_image,https://yms.main.jp/dotartworld/page2/samplemap01.html,https://yms.main.jp/dotartworld/sozai/tileset/pack/sample-map-xp03.zip,SC-Door-Tolt02.png,/home/main/.local/share/oprn/pixel-art-world-downloads/sample-game-images/sample-map-xp03/sample-map-xp03/Graphics/Characters/SC-Door-Tolt02.png,128,384,7536b931de6a92e4e71ddc09c27af825627107047ba0161ea66304912d5862f7,extracted_verified,개인 로컬 수집; 소재 재배포 금지; 공개 작품에 Pixel Art World/ドット絵世界 크레딧. 조건: https://yms.main.jp/dotartworld/page1/rule.html; 샘플 게임 ZIP; 칩셋 개수에 포함하지 않음. RTP/코드/음성 등 혼재할 수 있으며 파일별 저작자 검토 전 범용 배포 금지. 실행하지 않음.; ZIP 중앙목록 및 전체 CRC 확인.; ZIP 내부 PNG만 별도 추출/전체 디코딩 확인. 아카이브 멤버 경로: sample-map-xp03/Graphics/Characters/SC-Door-Tolt02.png; 샘플게임 유래 이미지. 일반 독립 배포 소재 개수에서 제외; 원래 용도 추정 event_or_character_sprite; 개별 저작권 검토 미완료.,2809,200,sample-map-xp03/Graphics/Characters/SC-Door-Tolt02.png,サンプルマップＸＰ
SC-Lama01.png,sample_package_image,https://yms.main.jp/dotartworld/page2/samplemap01.html,https://yms.main.jp/dotartworld/sozai/tileset/pack/sample-map-xp03.zip,SC-Lama01.png,/home/main/.local/share/oprn/pixel-art-world-downloads/sample-game-images/sample-map-xp03/sample-map-xp03/Graphics/Characters/SC-Lama01.png,192,256,ecd31f0c6639018da94a6a1bf939d018a53426860959f60bea1bb4c9ff65728f,extracted_verified,개인 로컬 수집; 소재 재배포 금지; 공개 작품에 Pixel Art World/ドット絵世界 크레딧. 조건: https://yms.main.jp/dotartworld/page1/rule.html; 샘플 게임 ZIP; 칩셋 개수에 포함하지 않음. RTP/코드/음성 등 혼재할 수 있으며 파일별 저작자 검토 전 범용 배포 금지. 실행하지 않음.; ZIP 중앙목록 및 전체 CRC 확인.; ZIP 내부 PNG만 별도 추출/전체 디코딩 확인. 아카이브 멤버 경로: sample-map-xp03/Graphics/Characters/SC-Lama01.png; 샘플게임 유래 이미지. 일반 독립 배포 소재 개수에서 제외; 원래 용도 추정 event_or_character_sprite; 개별 저작권 검토 미완료.,5158,200,sample-map-xp03/Graphics/Characters/SC-Lama01.png,サンプルマップＸＰ
SC-VdgMacine01.png,sample_package_image,https://yms.main.jp/dotartworld/page2/samplemap01.html,https://yms.main.jp/dotartworld/sozai/tileset/pack/sample-map-xp03.zip,SC-VdgMacine01.png,/home/main/.local/share/oprn/pixel-art-world-downloads/sample-game-images/sample-map-xp03/sample-map-xp03/Graphics/Characters/SC-VdgMacine01.png,128,384,227cf6e862cee7b3e6a13eafbdf1eb6e19e68b0e0f7a8dfc17109cc69c3b1275,extracted_verified,개인 로컬 수집; 소재 재배포 금지; 공개 작품에 Pixel Art World/ドット絵世界 크레딧. 조건: https://yms.main.jp/dotartworld/page1/rule.html; 샘플 게임 ZIP; 칩셋 개수에 포함하지 않음. RTP/코드/음성 등 혼재할 수 있으며 파일별 저작자 검토 전 범용 배포 금지. 실행하지 않음.; ZIP 중앙목록 및 전체 CRC 확인.; ZIP 내부 PNG만 별도 추출/전체 디코딩 확인. 아카이브 멤버 경로: sample-map-xp03/Graphics/Characters/SC-VdgMacine01.png; 샘플게임 유래 이미지. 일반 독립 배포 소재 개수에서 제외; 원래 용도 추정 event_or_character_sprite; 개별 저작권 검토 미완료.,9213,200,sample-map-xp03/Graphics/Characters/SC-VdgMacine01.png,サンプルマップＸＰ
ST-Convi-E01.png,sample_package_image,https://yms.main.jp/dotartworld/page2/samplemap01.html,https://yms.main.jp/dotartworld/sozai/tileset/pack/sample-map-xp03.zip,ST-Convi-E01.png,/home/main/.local/share/oprn/pixel-art-world-downloads/sample-game-images/sample-map-xp03/sample-map-xp03/Graphics/Tilesets/ST-Convi-E01.png,256,1728,7b1f15d72ea3142d19a99aa92c378bb9e076f235352e1dad563edc849e20cfa6,extracted_verified,개인 로컬 수집; 소재 재배포 금지; 공개 작품에 Pixel Art World/ドット絵世界 크레딧. 조건: https://yms.main.jp/dotartworld/page1/rule.html; 샘플 게임 ZIP; 칩셋 개수에 포함하지 않음. RTP/코드/음성 등 혼재할 수 있으며 파일별 저작자 검토 전 범용 배포 금지. 실행하지 않음.; ZIP 중앙목록 및 전체 CRC 확인.; ZIP 내부 PNG만 별도 추출/전체 디코딩 확인. 아카이브 멤버 경로: sample-map-xp03/Graphics/Tilesets/ST-Convi-E01.png; 샘플게임 유래 이미지. 일반 독립 배포 소재 개수에서 제외; 원래 용도 추정 tileset; 개별 저작권 검토 미완료.,115437,200,sample-map-xp03/Graphics/Tilesets/ST-Convi-E01.png,サンプルマップＸＰ
ST-Convi-I01.png,sample_package_image,https://yms.main.jp/dotartworld/page2/samplemap01.html,https://yms.main.jp/dotartworld/sozai/tileset/pack/sample-map-xp03.zip,ST-Convi-I01.png,/home/main/.local/share/oprn/pixel-art-world-downloads/sample-game-images/sample-map-xp03/sample-map-xp03/Graphics/Tilesets/ST-Convi-I01.png,256,1280,359dc59a170d38b23f4788642f1cd7a45063dfa0db2145aee0a9e1be6755d7b1,extracted_verified,개인 로컬 수집; 소재 재배포 금지; 공개 작품에 Pixel Art World/ドット絵世界 크레딧. 조건: https://yms.main.jp/dotartworld/page1/rule.html; 샘플 게임 ZIP; 칩셋 개수에 포함하지 않음. RTP/코드/음성 등 혼재할 수 있으며 파일별 저작자 검토 전 범용 배포 금지. 실행하지 않음.; ZIP 중앙목록 및 전체 CRC 확인.; ZIP 내부 PNG만 별도 추출/전체 디코딩 확인. 아카이브 멤버 경로: sample-map-xp03/Graphics/Tilesets/ST-Convi-I01.png; 샘플게임 유래 이미지. 일반 독립 배포 소재 개수에서 제외; 원래 용도 추정 tileset; 개별 저작권 검토 미완료.,67459,200,sample-map-xp03/Graphics/Tilesets/ST-Convi-I01.png,サンプルマップＸＰ
ST-Geru-E01.png,sample_package_image,https://yms.main.jp/dotartworld/page2/samplemap01.html,https://yms.main.jp/dotartworld/sozai/tileset/pack/sample-map-xp03.zip,ST-Geru-E01.png,/home/main/.local/share/oprn/pixel-art-world-downloads/sample-game-images/sample-map-xp03/sample-map-xp03/Graphics/Tilesets/ST-Geru-E01.png,256,608,564b92501fda3eb12edfbb299d1c5bdad9292622d484e0e188ab5aaa6db55e1b,extracted_verified,개인 로컬 수집; 소재 재배포 금지; 공개 작품에 Pixel Art World/ドット絵世界 크레딧. 조건: https://yms.main.jp/dotartworld/page1/rule.html; 샘플 게임 ZIP; 칩셋 개수에 포함하지 않음. RTP/코드/음성 등 혼재할 수 있으며 파일별 저작자 검토 전 범용 배포 금지. 실행하지 않음.; ZIP 중앙목록 및 전체 CRC 확인.; ZIP 내부 PNG만 별도 추출/전체 디코딩 확인. 아카이브 멤버 경로: sample-map-xp03/Graphics/Tilesets/ST-Geru-E01.png; 샘플게임 유래 이미지. 일반 독립 배포 소재 개수에서 제외; 원래 용도 추정 tileset; 개별 저작권 검토 미완료.,55477,200,sample-map-xp03/Graphics/Tilesets/ST-Geru-E01.png,サンプルマップＸＰ
ST-Geru-I01.png,sample_package_image,https://yms.main.jp/dotartworld/page2/samplemap01.html,https://yms.main.jp/dotartworld/sozai/tileset/pack/sample-map-xp03.zip,ST-Geru-I01.png,/home/main/.local/share/oprn/pixel-art-world-downloads/sample-game-images/sample-map-xp03/sample-map-xp03/Graphics/Tilesets/ST-Geru-I01.png,256,992,45863d4e787423a52c13021647c1f235b56328530d532d2874648a4f44b6dff0,extracted_verified,개인 로컬 수집; 소재 재배포 금지; 공개 작품에 Pixel Art World/ドット絵世界 크레딧. 조건: https://yms.main.jp/dotartworld/page1/rule.html; 샘플 게임 ZIP; 칩셋 개수에 포함하지 않음. RTP/코드/음성 등 혼재할 수 있으며 파일별 저작자 검토 전 범용 배포 금지. 실행하지 않음.; ZIP 중앙목록 및 전체 CRC 확인.; ZIP 내부 PNG만 별도 추출/전체 디코딩 확인. 아카이브 멤버 경로: sample-map-xp03/Graphics/Tilesets/ST-Geru-I01.png; 샘플게임 유래 이미지. 일반 독립 배포 소재 개수에서 제외; 원래 용도 추정 tileset; 개별 저작권 검토 미완료.,67686,200,sample-map-xp03/Graphics/Tilesets/ST-Geru-I01.png,サンプルマップＸＰ
ST-Hospital-I01.png,sample_package_image,https://yms.main.jp/dotartworld/page2/samplemap01.html,https://yms.main.jp/dotartworld/sozai/tileset/pack/sample-map-xp03.zip,ST-Hospital-I01.png,/home/main/.local/share/oprn/pixel-art-world-downloads/sample-game-images/sample-map-xp03/sample-map-xp03/Graphics/Tilesets/ST-Hospital-I01.png,256,1856,0a1bb926828cb137f95f0a2308c7580884764c6d40eba299d76423f5d3bc5176,extracted_verified,개인 로컬 수집; 소재 재배포 금지; 공개 작품에 Pixel Art World/ドット絵世界 크레딧. 조건: https://yms.main.jp/dotartworld/page1/rule.html; 샘플 게임 ZIP; 칩셋 개수에 포함하지 않음. RTP/코드/음성 등 혼재할 수 있으며 파일별 저작자 검토 전 범용 배포 금지. 실행하지 않음.; ZIP 중앙목록 및 전체 CRC 확인.; ZIP 내부 PNG만 별도 추출/전체 디코딩 확인. 아카이브 멤버 경로: sample-map-xp03/Graphics/Tilesets/ST-Hospital-I01.png; 샘플게임 유래 이미지. 일반 독립 배포 소재 개수에서 제외; 원래 용도 추정 tileset; 개별 저작권 검토 미완료.,81941,200,sample-map-xp03/Graphics/Tilesets/ST-Hospital-I01.png,サンプルマップＸＰ
ST-Office-I01.png,sample_package_image,https://yms.main.jp/dotartworld/page2/samplemap01.html,https://yms.main.jp/dotartworld/sozai/tileset/pack/sample-map-xp03.zip,ST-Office-I01.png,/home/main/.local/share/oprn/pixel-art-world-downloads/sample-game-images/sample-map-xp03/sample-map-xp03/Graphics/Tilesets/ST-Office-I01.png,256,1856,c6a8232f21c6554a8d2ae7c01433269cc6b7987aeb6a993193211138f6d909e9,extracted_verified,개인 로컬 수집; 소재 재배포 금지; 공개 작품에 Pixel Art World/ドット絵世界 크레딧. 조건: https://yms.main.jp/dotartworld/page1/rule.html; 샘플 게임 ZIP; 칩셋 개수에 포함하지 않음. RTP/코드/음성 등 혼재할 수 있으며 파일별 저작자 검토 전 범용 배포 금지. 실행하지 않음.; ZIP 중앙목록 및 전체 CRC 확인.; ZIP 내부 PNG만 별도 추출/전체 디코딩 확인. 아카이브 멤버 경로: sample-map-xp03/Graphics/Tilesets/ST-Office-I01.png; 샘플게임 유래 이미지. 일반 독립 배포 소재 개수에서 제외; 원래 용도 추정 tileset; 개별 저작권 검토 미완료.,61228,200,sample-map-xp03/Graphics/Tilesets/ST-Office-I01.png,サンプルマップＸＰ
ST-Outside-Test01.png,sample_package_image,https://yms.main.jp/dotartworld/page2/samplemap01.html,https://yms.main.jp/dotartworld/sozai/tileset/pack/sample-map-xp03.zip,ST-Outside-Test01.png,/home/main/.local/share/oprn/pixel-art-world-downloads/sample-game-images/sample-map-xp03/sample-map-xp03/Graphics/Tilesets/ST-Outside-Test01.png,256,1728,401e278eef3ecadecbfecda1d9d9a01cd42565c96403a77cfe28dec518e3df91,extracted_verified,개인 로컬 수집; 소재 재배포 금지; 공개 작품에 Pixel Art World/ドット絵世界 크레딧. 조건: https://yms.main.jp/dotartworld/page1/rule.html; 샘플 게임 ZIP; 칩셋 개수에 포함하지 않음. RTP/코드/음성 등 혼재할 수 있으며 파일별 저작자 검토 전 범용 배포 금지. 실행하지 않음.; ZIP 중앙목록 및 전체 CRC 확인.; ZIP 내부 PNG만 별도 추출/전체 디코딩 확인. 아카이브 멤버 경로: sample-map-xp03/Graphics/Tilesets/ST-Outside-Test01.png; 샘플게임 유래 이미지. 일반 독립 배포 소재 개수에서 제외; 원래 용도 추정 tileset; 개별 저작권 검토 미완료.,117987,200,sample-map-xp03/Graphics/Tilesets/ST-Outside-Test01.png,サンプルマップＸＰ
ST-Schl-E01.png,sample_package_image,https://yms.main.jp/dotartworld/page2/samplemap01.html,https://yms.main.jp/dotartworld/sozai/tileset/pack/sample-map-xp03.zip,ST-Schl-E01.png,/home/main/.local/share/oprn/pixel-art-world-downloads/sample-game-images/sample-map-xp03/sample-map-xp03/Graphics/Tilesets/ST-Schl-E01.png,256,1824,8d9714def678137b8bc9cbcc3f70c411ddcf87c8b82287f13723f20494660412,extracted_verified,개인 로컬 수집; 소재 재배포 금지; 공개 작품에 Pixel Art World/ドット絵世界 크레딧. 조건: https://yms.main.jp/dotartworld/page1/rule.html; 샘플 게임 ZIP; 칩셋 개수에 포함하지 않음. RTP/코드/음성 등 혼재할 수 있으며 파일별 저작자 검토 전 범용 배포 금지. 실행하지 않음.; ZIP 중앙목록 및 전체 CRC 확인.; ZIP 내부 PNG만 별도 추출/전체 디코딩 확인. 아카이브 멤버 경로: sample-map-xp03/Graphics/Tilesets/ST-Schl-E01.png; 샘플게임 유래 이미지. 일반 독립 배포 소재 개수에서 제외; 원래 용도 추정 tileset; 개별 저작권 검토 미완료.,128501,200,sample-map-xp03/Graphics/Tilesets/ST-Schl-E01.png,サンプルマップＸＰ
ST-Schl-Gym.png,sample_package_image,https://yms.main.jp/dotartworld/page2/samplemap01.html,https://yms.main.jp/dotartworld/sozai/tileset/pack/sample-map-xp03.zip,ST-Schl-Gym.png,/home/main/.local/share/oprn/pixel-art-world-downloads/sample-game-images/sample-map-xp03/sample-map-xp03/Graphics/Tilesets/ST-Schl-Gym.png,256,1600,3eb4c7108b7b40676add21d95ea655cd8c24f596aee460942dadcd98bac36d92,extracted_verified,개인 로컬 수집; 소재 재배포 금지; 공개 작품에 Pixel Art World/ドット絵世界 크레딧. 조건: https://yms.main.jp/dotartworld/page1/rule.html; 샘플 게임 ZIP; 칩셋 개수에 포함하지 않음. RTP/코드/음성 등 혼재할 수 있으며 파일별 저작자 검토 전 범용 배포 금지. 실행하지 않음.; ZIP 중앙목록 및 전체 CRC 확인.; ZIP 내부 PNG만 별도 추출/전체 디코딩 확인. 아카이브 멤버 경로: sample-map-xp03/Graphics/Tilesets/ST-Schl-Gym.png; 샘플게임 유래 이미지. 일반 독립 배포 소재 개수에서 제외; 원래 용도 추정 tileset; 개별 저작권 검토 미완료.,59037,200,sample-map-xp03/Graphics/Tilesets/ST-Schl-Gym.png,サンプルマップＸＰ
ST-Schl-I01.png,sample_package_image,https://yms.main.jp/dotartworld/page2/samplemap01.html,https://yms.main.jp/dotartworld/sozai/tileset/pack/sample-map-xp03.zip,ST-Schl-I01.png,/home/main/.local/share/oprn/pixel-art-world-downloads/sample-game-images/sample-map-xp03/sample-map-xp03/Graphics/Tilesets/ST-Schl-I01.png,256,1600,968cf744994c012c8a973019ccb175b4a3c6703e69b9ac659881a109212dc4b9,extracted_verified,개인 로컬 수집; 소재 재배포 금지; 공개 작품에 Pixel Art World/ドット絵世界 크레딧. 조건: https://yms.main.jp/dotartworld/page1/rule.html; 샘플 게임 ZIP; 칩셋 개수에 포함하지 않음. RTP/코드/음성 등 혼재할 수 있으며 파일별 저작자 검토 전 범용 배포 금지. 실행하지 않음.; ZIP 중앙목록 및 전체 CRC 확인.; ZIP 내부 PNG만 별도 추출/전체 디코딩 확인. 아카이브 멤버 경로: sample-map-xp03/Graphics/Tilesets/ST-Schl-I01.png; 샘플게임 유래 이미지. 일반 독립 배포 소재 개수에서 제외; 원래 용도 추정 tileset; 개별 저작권 검토 미완료.,59145,200,sample-map-xp03/Graphics/Tilesets/ST-Schl-I01.png,サンプルマップＸＰ
ST-Schl-I02.png,sample_package_image,https://yms.main.jp/dotartworld/page2/samplemap01.html,https://yms.main.jp/dotartworld/sozai/tileset/pack/sample-map-xp03.zip,ST-Schl-I02.png,/home/main/.local/share/oprn/pixel-art-world-downloads/sample-game-images/sample-map-xp03/sample-map-xp03/Graphics/Tilesets/ST-Schl-I02.png,256,1600,04a11f58da08579cef524701bc7450ac69e2b0bcc6600f6e2d0b6c2d39954d54,extracted_verified,개인 로컬 수집; 소재 재배포 금지; 공개 작품에 Pixel Art World/ドット絵世界 크레딧. 조건: https://yms.main.jp/dotartworld/page1/rule.html; 샘플 게임 ZIP; 칩셋 개수에 포함하지 않음. RTP/코드/음성 등 혼재할 수 있으며 파일별 저작자 검토 전 범용 배포 금지. 실행하지 않음.; ZIP 중앙목록 및 전체 CRC 확인.; ZIP 내부 PNG만 별도 추출/전체 디코딩 확인. 아카이브 멤버 경로: sample-map-xp03/Graphics/Tilesets/ST-Schl-I02.png; 샘플게임 유래 이미지. 일반 독립 배포 소재 개수에서 제외; 원래 용도 추정 tileset; 개별 저작권 검토 미완료.,70021,200,sample-map-xp03/Graphics/Tilesets/ST-Schl-I02.png,サンプルマップＸＰ
ST-Toilet-I01.png,sample_package_image,https://yms.main.jp/dotartworld/page2/samplemap01.html,https://yms.main.jp/dotartworld/sozai/tileset/pack/sample-map-xp03.zip,ST-Toilet-I01.png,/home/main/.local/share/oprn/pixel-art-world-downloads/sample-game-images/sample-map-xp03/sample-map-xp03/Graphics/Tilesets/ST-Toilet-I01.png,256,1376,a77f7d19017c0282a54dc8f27264ae423af6bf862b15795036758ce9e9e51608,extracted_verified,개인 로컬 수집; 소재 재배포 금지; 공개 작품에 Pixel Art World/ドット絵世界 크레딧. 조건: https://yms.main.jp/dotartworld/page1/rule.html; 샘플 게임 ZIP; 칩셋 개수에 포함하지 않음. RTP/코드/음성 등 혼재할 수 있으며 파일별 저작자 검토 전 범용 배포 금지. 실행하지 않음.; ZIP 중앙목록 및 전체 CRC 확인.; ZIP 내부 PNG만 별도 추출/전체 디코딩 확인. 아카이브 멤버 경로: sample-map-xp03/Graphics/Tilesets/ST-Toilet-I01.png; 샘플게임 유래 이미지. 일반 독립 배포 소재 개수에서 제외; 원래 용도 추정 tileset; 개별 저작권 검토 미완료.,46655,200,sample-map-xp03/Graphics/Tilesets/ST-Toilet-I01.png,サンプルマップＸＰ
!$D-ChTree01.png,sample_package_image,https://yms.main.jp/dotartworld/page2/samplemap01.html,https://yms.main.jp/dotartworld/vx/sozai/dotartworld_vxasample.zip,!$D-ChTree01.png,/home/main/.local/share/oprn/pixel-art-world-downloads/sample-game-images/dotartworld_vxasample/Sample Map VX Ace/Graphics/Characters/!$D-ChTree01.png,288,512,1d9f4f4cfbbb7c9ae0d0c43f5fd63f95892679eed6b99ba468f82ea6274cf7c3,extracted_verified,개인 로컬 수집; 소재 재배포 금지; 공개 작품에 Pixel Art World/ドット絵世界 크레딧. 조건: https://yms.main.jp/dotartworld/page1/rule.html; 샘플 게임 ZIP; 칩셋 개수에 포함하지 않음. RTP/코드/음성 등 혼재할 수 있으며 파일별 저작자 검토 전 범용 배포 금지. 실행하지 않음.; ZIP 중앙목록 및 전체 CRC 확인.; ZIP 내부 PNG만 별도 추출/전체 디코딩 확인. 아카이브 멤버 경로: Sample Map VX Ace/Graphics/Characters/!$D-ChTree01.png; 샘플게임 유래 이미지. 일반 독립 배포 소재 개수에서 제외; 원래 용도 추정 event_or_character_sprite; 개별 저작권 검토 미완료.,69393,200,Sample Map VX Ace/Graphics/Characters/!$D-ChTree01.png,サンプルマップＶＸ Ａｃｅ
!$DC-Lama01.png,sample_package_image,https://yms.main.jp/dotartworld/page2/samplemap01.html,https://yms.main.jp/dotartworld/vx/sozai/dotartworld_vxasample.zip,!$DC-Lama01.png,/home/main/.local/share/oprn/pixel-art-world-downloads/sample-game-images/dotartworld_vxasample/Sample Map VX Ace/Graphics/Characters/!$DC-Lama01.png,144,256,c6122fb387826121d0ad41ae8c3d82a0d86c79e7fb800be135e30069bbc3e3bf,extracted_verified,개인 로컬 수집; 소재 재배포 금지; 공개 작품에 Pixel Art World/ドット絵世界 크레딧. 조건: https://yms.main.jp/dotartworld/page1/rule.html; 샘플 게임 ZIP; 칩셋 개수에 포함하지 않음. RTP/코드/음성 등 혼재할 수 있으며 파일별 저작자 검토 전 범용 배포 금지. 실행하지 않음.; ZIP 중앙목록 및 전체 CRC 확인.; ZIP 내부 PNG만 별도 추출/전체 디코딩 확인. 아카이브 멤버 경로: Sample Map VX Ace/Graphics/Characters/!$DC-Lama01.png; 샘플게임 유래 이미지. 일반 독립 배포 소재 개수에서 제외; 원래 용도 추정 event_or_character_sprite; 개별 저작권 검토 미완료.,6855,200,Sample Map VX Ace/Graphics/Characters/!$DC-Lama01.png,サンプルマップＶＸ Ａｃｅ
!$DLight01.png,sample_package_image,https://yms.main.jp/dotartworld/page2/samplemap01.html,https://yms.main.jp/dotartworld/vx/sozai/dotartworld_vxasample.zip,!$DLight01.png,/home/main/.local/share/oprn/pixel-art-world-downloads/sample-game-images/dotartworld_vxasample/Sample Map VX Ace/Graphics/Characters/!$DLight01.png,96,128,0d6943710e869d47b7f538b3e7967ec63cf1db7c3f33bb4aa8a96dc54c9b9990,extracted_verified,개인 로컬 수집; 소재 재배포 금지; 공개 작품에 Pixel Art World/ドット絵世界 크레딧. 조건: https://yms.main.jp/dotartworld/page1/rule.html; 샘플 게임 ZIP; 칩셋 개수에 포함하지 않음. RTP/코드/음성 등 혼재할 수 있으며 파일별 저작자 검토 전 범용 배포 금지. 실행하지 않음.; ZIP 중앙목록 및 전체 CRC 확인.; ZIP 내부 PNG만 별도 추출/전체 디코딩 확인. 아카이브 멤버 경로: Sample Map VX Ace/Graphics/Characters/!$DLight01.png; 샘플게임 유래 이미지. 일반 독립 배포 소재 개수에서 제외; 원래 용도 추정 event_or_character_sprite; 개별 저작권 검토 미완료.,7405,200,Sample Map VX Ace/Graphics/Characters/!$DLight01.png,サンプルマップＶＸ Ａｃｅ
!$DPointer01.png,sample_package_image,https://yms.main.jp/dotartworld/page2/samplemap01.html,https://yms.main.jp/dotartworld/vx/sozai/dotartworld_vxasample.zip,!$DPointer01.png,/home/main/.local/share/oprn/pixel-art-world-downloads/sample-game-images/dotartworld_vxasample/Sample Map VX Ace/Graphics/Characters/!$DPointer01.png,96,128,acfb64242547aa62c77c136f0524be6b6ff1d42d90991835ca98d8444d3d1333,extracted_verified,개인 로컬 수집; 소재 재배포 금지; 공개 작품에 Pixel Art World/ドット絵世界 크레딧. 조건: https://yms.main.jp/dotartworld/page1/rule.html; 샘플 게임 ZIP; 칩셋 개수에 포함하지 않음. RTP/코드/음성 등 혼재할 수 있으며 파일별 저작자 검토 전 범용 배포 금지. 실행하지 않음.; ZIP 중앙목록 및 전체 CRC 확인.; ZIP 내부 PNG만 별도 추출/전체 디코딩 확인. 아카이브 멤버 경로: Sample Map VX Ace/Graphics/Characters/!$DPointer01.png; 샘플게임 유래 이미지. 일반 독립 배포 소재 개수에서 제외; 원래 용도 추정 event_or_character_sprite; 개별 저작권 검토 미완료.,819,200,Sample Map VX Ace/Graphics/Characters/!$DPointer01.png,サンプルマップＶＸ Ａｃｅ
!$DUnko01.png,sample_package_image,https://yms.main.jp/dotartworld/page2/samplemap01.html,https://yms.main.jp/dotartworld/vx/sozai/dotartworld_vxasample.zip,!$DUnko01.png,/home/main/.local/share/oprn/pixel-art-world-downloads/sample-game-images/dotartworld_vxasample/Sample Map VX Ace/Graphics/Characters/!$DUnko01.png,72,96,c2f93a93d6250f8b82a90bf7373fa6b9a144da6dd1daca7fa578da53d3a56293,extracted_verified,개인 로컬 수집; 소재 재배포 금지; 공개 작품에 Pixel Art World/ドット絵世界 크레딧. 조건: https://yms.main.jp/dotartworld/page1/rule.html; 샘플 게임 ZIP; 칩셋 개수에 포함하지 않음. RTP/코드/음성 등 혼재할 수 있으며 파일별 저작자 검토 전 범용 배포 금지. 실행하지 않음.; ZIP 중앙목록 및 전체 CRC 확인.; ZIP 내부 PNG만 별도 추출/전체 디코딩 확인. 아카이브 멤버 경로: Sample Map VX Ace/Graphics/Characters/!$DUnko01.png; 샘플게임 유래 이미지. 일반 독립 배포 소재 개수에서 제외; 원래 용도 추정 event_or_character_sprite; 개별 저작권 검토 미완료.,1814,200,Sample Map VX Ace/Graphics/Characters/!$DUnko01.png,サンプルマップＶＸ Ａｃｅ
!$Wallrion01.png,sample_package_image,https://yms.main.jp/dotartworld/page2/samplemap01.html,https://yms.main.jp/dotartworld/vx/sozai/dotartworld_vxasample.zip,!$Wallrion01.png,/home/main/.local/share/oprn/pixel-art-world-downloads/sample-game-images/dotartworld_vxasample/Sample Map VX Ace/Graphics/Characters/!$Wallrion01.png,96,384,51f5f33792ab68a8742488ce3038bb92c1f373d9d44cfad181b0c9d3422fd2d8,extracted_verified,개인 로컬 수집; 소재 재배포 금지; 공개 작품에 Pixel Art World/ドット絵世界 크레딧. 조건: https://yms.main.jp/dotartworld/page1/rule.html; 샘플 게임 ZIP; 칩셋 개수에 포함하지 않음. RTP/코드/음성 등 혼재할 수 있으며 파일별 저작자 검토 전 범용 배포 금지. 실행하지 않음.; ZIP 중앙목록 및 전체 CRC 확인.; ZIP 내부 PNG만 별도 추출/전체 디코딩 확인. 아카이브 멤버 경로: Sample Map VX Ace/Graphics/Characters/!$Wallrion01.png; 샘플게임 유래 이미지. 일반 독립 배포 소재 개수에서 제외; 원래 용도 추정 event_or_character_sprite; 개별 저작권 검토 미완료.,4641,200,Sample Map VX Ace/Graphics/Characters/!$Wallrion01.png,サンプルマップＶＸ Ａｃｅ
!DDoor-Home01.png,sample_package_image,https://yms.main.jp/dotartworld/page2/samplemap01.html,https://yms.main.jp/dotartworld/vx/sozai/dotartworld_vxasample.zip,!DDoor-Home01.png,/home/main/.local/share/oprn/pixel-art-world-downloads/sample-game-images/dotartworld_vxasample/Sample Map VX Ace/Graphics/Characters/!DDoor-Home01.png,384,512,63e950b7484d52ad7b7f80e0167cf2339aeb98e20e047b06b4b29d0239ea8293,extracted_verified,개인 로컬 수집; 소재 재배포 금지; 공개 작품에 Pixel Art World/ドット絵世界 크레딧. 조건: https://yms.main.jp/dotartworld/page1/rule.html; 샘플 게임 ZIP; 칩셋 개수에 포함하지 않음. RTP/코드/음성 등 혼재할 수 있으며 파일별 저작자 검토 전 범용 배포 금지. 실행하지 않음.; ZIP 중앙목록 및 전체 CRC 확인.; ZIP 내부 PNG만 별도 추출/전체 디코딩 확인. 아카이브 멤버 경로: Sample Map VX Ace/Graphics/Characters/!DDoor-Home01.png; 샘플게임 유래 이미지. 일반 독립 배포 소재 개수에서 제외; 원래 용도 추정 event_or_character_sprite; 개별 저작권 검토 미완료.,29538,200,Sample Map VX Ace/Graphics/Characters/!DDoor-Home01.png,サンプルマップＶＸ Ａｃｅ
$DC-Lama01.png,sample_package_image,https://yms.main.jp/dotartworld/page2/samplemap01.html,https://yms.main.jp/dotartworld/vx/sozai/dotartworld_vxasample.zip,$DC-Lama01.png,/home/main/.local/share/oprn/pixel-art-world-downloads/sample-game-images/dotartworld_vxasample/Sample Map VX Ace/Graphics/Characters/$DC-Lama01.png,144,256,c6122fb387826121d0ad41ae8c3d82a0d86c79e7fb800be135e30069bbc3e3bf,extracted_verified,개인 로컬 수집; 소재 재배포 금지; 공개 작품에 Pixel Art World/ドット絵世界 크레딧. 조건: https://yms.main.jp/dotartworld/page1/rule.html; 샘플 게임 ZIP; 칩셋 개수에 포함하지 않음. RTP/코드/음성 등 혼재할 수 있으며 파일별 저작자 검토 전 범용 배포 금지. 실행하지 않음.; ZIP 중앙목록 및 전체 CRC 확인.; ZIP 내부 PNG만 별도 추출/전체 디코딩 확인. 아카이브 멤버 경로: Sample Map VX Ace/Graphics/Characters/$DC-Lama01.png; 샘플게임 유래 이미지. 일반 독립 배포 소재 개수에서 제외; 원래 용도 추정 event_or_character_sprite; 개별 저작권 검토 미완료.,6855,200,Sample Map VX Ace/Graphics/Characters/$DC-Lama01.png,サンプルマップＶＸ Ａｃｅ
A2I-Modern01.png,sample_package_image,https://yms.main.jp/dotartworld/page2/samplemap01.html,https://yms.main.jp/dotartworld/vx/sozai/dotartworld_vxasample.zip,A2I-Modern01.png,/home/main/.local/share/oprn/pixel-art-world-downloads/sample-game-images/dotartworld_vxasample/Sample Map VX Ace/Graphics/Tilesets/A2I-Modern01.png,512,384,d34c064c69d66a2150fd17020dbb596bd35bbcb18e47092fbebca6860dd51347,extracted_verified,개인 로컬 수집; 소재 재배포 금지; 공개 작품에 Pixel Art World/ドット絵世界 크레딧. 조건: https://yms.main.jp/dotartworld/page1/rule.html; 샘플 게임 ZIP; 칩셋 개수에 포함하지 않음. RTP/코드/음성 등 혼재할 수 있으며 파일별 저작자 검토 전 범용 배포 금지. 실행하지 않음.; ZIP 중앙목록 및 전체 CRC 확인.; ZIP 내부 PNG만 별도 추출/전체 디코딩 확인. 아카이브 멤버 경로: Sample Map VX Ace/Graphics/Tilesets/A2I-Modern01.png; 샘플게임 유래 이미지. 일반 독립 배포 소재 개수에서 제외; 원래 용도 추정 tileset; 개별 저작권 검토 미완료.,142685,200,Sample Map VX Ace/Graphics/Tilesets/A2I-Modern01.png,サンプルマップＶＸ Ａｃｅ
A4I-Modern01.png,sample_package_image,https://yms.main.jp/dotartworld/page2/samplemap01.html,https://yms.main.jp/dotartworld/vx/sozai/dotartworld_vxasample.zip,A4I-Modern01.png,/home/main/.local/share/oprn/pixel-art-world-downloads/sample-game-images/dotartworld_vxasample/Sample Map VX Ace/Graphics/Tilesets/A4I-Modern01.png,512,480,669abca60ad96fe7a46e632cf03f3c036b5ea12c46db279492c32459b5473d30,extracted_verified,개인 로컬 수집; 소재 재배포 금지; 공개 작품에 Pixel Art World/ドット絵世界 크레딧. 조건: https://yms.main.jp/dotartworld/page1/rule.html; 샘플 게임 ZIP; 칩셋 개수에 포함하지 않음. RTP/코드/음성 등 혼재할 수 있으며 파일별 저작자 검토 전 범용 배포 금지. 실행하지 않음.; ZIP 중앙목록 및 전체 CRC 확인.; ZIP 내부 PNG만 별도 추출/전체 디코딩 확인. 아카이브 멤버 경로: Sample Map VX Ace/Graphics/Tilesets/A4I-Modern01.png; 샘플게임 유래 이미지. 일반 독립 배포 소재 개수에서 제외; 원래 용도 추정 tileset; 개별 저작권 검토 미완료.,56643,200,Sample Map VX Ace/Graphics/Tilesets/A4I-Modern01.png,サンプルマップＶＸ Ａｃｅ
A5I-Modern01.png,sample_package_image,https://yms.main.jp/dotartworld/page2/samplemap01.html,https://yms.main.jp/dotartworld/vx/sozai/dotartworld_vxasample.zip,A5I-Modern01.png,/home/main/.local/share/oprn/pixel-art-world-downloads/sample-game-images/dotartworld_vxasample/Sample Map VX Ace/Graphics/Tilesets/A5I-Modern01.png,256,512,f9138f3ac2d9ed12d448368586326598bd5ab1d2691e08c351dd01c9feae1608,extracted_verified,개인 로컬 수집; 소재 재배포 금지; 공개 작품에 Pixel Art World/ドット絵世界 크레딧. 조건: https://yms.main.jp/dotartworld/page1/rule.html; 샘플 게임 ZIP; 칩셋 개수에 포함하지 않음. RTP/코드/음성 등 혼재할 수 있으며 파일별 저작자 검토 전 범용 배포 금지. 실행하지 않음.; ZIP 중앙목록 및 전체 CRC 확인.; ZIP 내부 PNG만 별도 추출/전체 디코딩 확인. 아카이브 멤버 경로: Sample Map VX Ace/Graphics/Tilesets/A5I-Modern01.png; 샘플게임 유래 이미지. 일반 독립 배포 소재 개수에서 제외; 원래 용도 추정 tileset; 개별 저작권 검토 미완료.,69878,200,Sample Map VX Ace/Graphics/Tilesets/A5I-Modern01.png,サンプルマップＶＸ Ａｃｅ
BI-Bath01.png,sample_package_image,https://yms.main.jp/dotartworld/page2/samplemap01.html,https://yms.main.jp/dotartworld/vx/sozai/dotartworld_vxasample.zip,BI-Bath01.png,/home/main/.local/share/oprn/pixel-art-world-downloads/sample-game-images/dotartworld_vxasample/Sample Map VX Ace/Graphics/Tilesets/BI-Bath01.png,512,512,ba9335f94ae55415c4b6697488a0931279cf3cdaf2fde97cbcff64c8045b4045,extracted_verified,개인 로컬 수집; 소재 재배포 금지; 공개 작품에 Pixel Art World/ドット絵世界 크레딧. 조건: https://yms.main.jp/dotartworld/page1/rule.html; 샘플 게임 ZIP; 칩셋 개수에 포함하지 않음. RTP/코드/음성 등 혼재할 수 있으며 파일별 저작자 검토 전 범용 배포 금지. 실행하지 않음.; ZIP 중앙목록 및 전체 CRC 확인.; ZIP 내부 PNG만 별도 추출/전체 디코딩 확인. 아카이브 멤버 경로: Sample Map VX Ace/Graphics/Tilesets/BI-Bath01.png; 샘플게임 유래 이미지. 일반 독립 배포 소재 개수에서 제외; 원래 용도 추정 tileset; 개별 저작권 검토 미완료.,98903,200,Sample Map VX Ace/Graphics/Tilesets/BI-Bath01.png,サンプルマップＶＸ Ａｃｅ
BI-Bath02.png,sample_package_image,https://yms.main.jp/dotartworld/page2/samplemap01.html,https://yms.main.jp/dotartworld/vx/sozai/dotartworld_vxasample.zip,BI-Bath02.png,/home/main/.local/share/oprn/pixel-art-world-downloads/sample-game-images/dotartworld_vxasample/Sample Map VX Ace/Graphics/Tilesets/BI-Bath02.png,512,512,733462fbccac4c37a8c99ddde298f6790bfc4043bd0f6ab69c11c5b8e24b2f67,extracted_verified,개인 로컬 수집; 소재 재배포 금지; 공개 작품에 Pixel Art World/ドット絵世界 크레딧. 조건: https://yms.main.jp/dotartworld/page1/rule.html; 샘플 게임 ZIP; 칩셋 개수에 포함하지 않음. RTP/코드/음성 등 혼재할 수 있으며 파일별 저작자 검토 전 범용 배포 금지. 실행하지 않음.; ZIP 중앙목록 및 전체 CRC 확인.; ZIP 내부 PNG만 별도 추출/전체 디코딩 확인. 아카이브 멤버 경로: Sample Map VX Ace/Graphics/Tilesets/BI-Bath02.png; 샘플게임 유래 이미지. 일반 독립 배포 소재 개수에서 제외; 원래 용도 추정 tileset; 개별 저작권 검토 미완료.,87568,200,Sample Map VX Ace/Graphics/Tilesets/BI-Bath02.png,サンプルマップＶＸ Ａｃｅ
BI-ModernB01.png,sample_package_image,https://yms.main.jp/dotartworld/page2/samplemap01.html,https://yms.main.jp/dotartworld/vx/sozai/dotartworld_vxasample.zip,BI-ModernB01.png,/home/main/.local/share/oprn/pixel-art-world-downloads/sample-game-images/dotartworld_vxasample/Sample Map VX Ace/Graphics/Tilesets/BI-ModernB01.png,512,512,39be4a108993991815d7a904087fa661cf5b91f5d262595cd962c2943d7ad96f,extracted_verified,개인 로컬 수집; 소재 재배포 금지; 공개 작품에 Pixel Art World/ドット絵世界 크레딧. 조건: https://yms.main.jp/dotartworld/page1/rule.html; 샘플 게임 ZIP; 칩셋 개수에 포함하지 않음. RTP/코드/음성 등 혼재할 수 있으며 파일별 저작자 검토 전 범용 배포 금지. 실행하지 않음.; ZIP 중앙목록 및 전체 CRC 확인.; ZIP 내부 PNG만 별도 추출/전체 디코딩 확인. 아카이브 멤버 경로: Sample Map VX Ace/Graphics/Tilesets/BI-ModernB01.png; 샘플게임 유래 이미지. 일반 독립 배포 소재 개수에서 제외; 원래 용도 추정 tileset; 개별 저작권 검토 미완료.,93935,200,Sample Map VX Ace/Graphics/Tilesets/BI-ModernB01.png,サンプルマップＶＸ Ａｃｅ
BI-ModernF01.png,sample_package_image,https://yms.main.jp/dotartworld/page2/samplemap01.html,https://yms.main.jp/dotartworld/vx/sozai/dotartworld_vxasample.zip,BI-ModernF01.png,/home/main/.local/share/oprn/pixel-art-world-downloads/sample-game-images/dotartworld_vxasample/Sample Map VX Ace/Graphics/Tilesets/BI-ModernF01.png,512,512,5114937a07aba57d9aaf831b6e05e6117408d22f9c016324762f4ed39ac31fab,extracted_verified,개인 로컬 수집; 소재 재배포 금지; 공개 작품에 Pixel Art World/ドット絵世界 크레딧. 조건: https://yms.main.jp/dotartworld/page1/rule.html; 샘플 게임 ZIP; 칩셋 개수에 포함하지 않음. RTP/코드/음성 등 혼재할 수 있으며 파일별 저작자 검토 전 범용 배포 금지. 실행하지 않음.; ZIP 중앙목록 및 전체 CRC 확인.; ZIP 내부 PNG만 별도 추출/전체 디코딩 확인. 아카이브 멤버 경로: Sample Map VX Ace/Graphics/Tilesets/BI-ModernF01.png; 샘플게임 유래 이미지. 일반 독립 배포 소재 개수에서 제외; 원래 용도 추정 tileset; 개별 저작권 검토 미완료.,114537,200,Sample Map VX Ace/Graphics/Tilesets/BI-ModernF01.png,サンプルマップＶＸ Ａｃｅ
BI-ModernS01.png,sample_package_image,https://yms.main.jp/dotartworld/page2/samplemap01.html,https://yms.main.jp/dotartworld/vx/sozai/dotartworld_vxasample.zip,BI-ModernS01.png,/home/main/.local/share/oprn/pixel-art-world-downloads/sample-game-images/dotartworld_vxasample/Sample Map VX Ace/Graphics/Tilesets/BI-ModernS01.png,512,512,b145d839f15a743a232644c72db2dff8fe0469b1e569e5a139d66860a8932154,extracted_verified,개인 로컬 수집; 소재 재배포 금지; 공개 작품에 Pixel Art World/ドット絵世界 크레딧. 조건: https://yms.main.jp/dotartworld/page1/rule.html; 샘플 게임 ZIP; 칩셋 개수에 포함하지 않음. RTP/코드/음성 등 혼재할 수 있으며 파일별 저작자 검토 전 범용 배포 금지. 실행하지 않음.; ZIP 중앙목록 및 전체 CRC 확인.; ZIP 내부 PNG만 별도 추출/전체 디코딩 확인. 아카이브 멤버 경로: Sample Map VX Ace/Graphics/Tilesets/BI-ModernS01.png; 샘플게임 유래 이미지. 일반 독립 배포 소재 개수에서 제외; 원래 용도 추정 tileset; 개별 저작권 검토 미완료.,118153,200,Sample Map VX Ace/Graphics/Tilesets/BI-ModernS01.png,サンプルマップＶＸ Ａｃｅ
!$PCandle01.png,event_or_character_sprite,https://yms.main.jp/dotartworld/,https://yms.main.jp/dotartworld/vx/sozai/European-StyleHouseSet.zip,!$PCandle01.png,/home/main/.local/share/oprn/pixel-art-world-downloads/archive-images/European-StyleHouseSet/European-StyleHouseSet/Characters/!$PCandle01.png,96,256,96b7f152b12c78b7ebf71611ed9ca2ef8b981792aba4cfbd2ed9475c6d3b3d9b,extracted_verified,개인 로컬 수집; 소재 재배포 금지; 공개 작품에 Pixel Art World/ドット絵世界 크레딧. 조건: https://yms.main.jp/dotartworld/page1/rule.html; ZIP 중앙목록 및 전체 CRC 확인.; ZIP 내부 PNG만 별도 추출/전체 디코딩 확인. 아카이브 멤버 경로: European-StyleHouseSet/Characters/!$PCandle01.png,13448,200,European-StyleHouseSet/Characters/!$PCandle01.png,2016年3月17日
!$PCandle02.png,event_or_character_sprite,https://yms.main.jp/dotartworld/,https://yms.main.jp/dotartworld/vx/sozai/European-StyleHouseSet.zip,!$PCandle02.png,/home/main/.local/share/oprn/pixel-art-world-downloads/archive-images/European-StyleHouseSet/European-StyleHouseSet/Characters/!$PCandle02.png,96,256,cd4ebf700708590d2ae86f4970f5bdc99e1ac944407ace90ff3adc52e0c59e0e,extracted_verified,개인 로컬 수집; 소재 재배포 금지; 공개 작품에 Pixel Art World/ドット絵世界 크레딧. 조건: https://yms.main.jp/dotartworld/page1/rule.html; ZIP 중앙목록 및 전체 CRC 확인.; ZIP 내부 PNG만 별도 추출/전체 디코딩 확인. 아카이브 멤버 경로: European-StyleHouseSet/Characters/!$PCandle02.png,13982,200,European-StyleHouseSet/Characters/!$PCandle02.png,2016年3月17日
!$PCandle03.png,event_or_character_sprite,https://yms.main.jp/dotartworld/,https://yms.main.jp/dotartworld/vx/sozai/European-StyleHouseSet.zip,!$PCandle03.png,/home/main/.local/share/oprn/pixel-art-world-downloads/archive-images/European-StyleHouseSet/European-StyleHouseSet/Characters/!$PCandle03.png,96,256,73ed7d84ba04b830536d1ffa0c2437bc64f1d4059e6d9da3fb46c24216b44441,extracted_verified,개인 로컬 수집; 소재 재배포 금지; 공개 작품에 Pixel Art World/ドット絵世界 크레딧. 조건: https://yms.main.jp/dotartworld/page1/rule.html; ZIP 중앙목록 및 전체 CRC 확인.; ZIP 내부 PNG만 별도 추출/전체 디코딩 확인. 아카이브 멤버 경로: European-StyleHouseSet/Characters/!$PCandle03.png,13498,200,European-StyleHouseSet/Characters/!$PCandle03.png,2016年3月17日
!$PCandle04.png,event_or_character_sprite,https://yms.main.jp/dotartworld/,https://yms.main.jp/dotartworld/vx/sozai/European-StyleHouseSet.zip,!$PCandle04.png,/home/main/.local/share/oprn/pixel-art-world-downloads/archive-images/European-StyleHouseSet/European-StyleHouseSet/Characters/!$PCandle04.png,96,256,761a328a12a4c297051e0dcb91604e7013d3595a1d34646aa330ca8b2fd4daf9,extracted_verified,개인 로컬 수집; 소재 재배포 금지; 공개 작품에 Pixel Art World/ドット絵世界 크레딧. 조건: https://yms.main.jp/dotartworld/page1/rule.html; ZIP 중앙목록 및 전체 CRC 확인.; ZIP 내부 PNG만 별도 추출/전체 디코딩 확인. 아카이브 멤버 경로: European-StyleHouseSet/Characters/!$PCandle04.png,13978,200,European-StyleHouseSet/Characters/!$PCandle04.png,2016年3月17日
!$PFire01.png,event_or_character_sprite,https://yms.main.jp/dotartworld/,https://yms.main.jp/dotartworld/vx/sozai/European-StyleHouseSet.zip,!$PFire01.png,/home/main/.local/share/oprn/pixel-art-world-downloads/archive-images/European-StyleHouseSet/European-StyleHouseSet/Characters/!$PFire01.png,96,128,fca83ebc2d3b0248f14a98d9d72d746f276c2c5a1a4e0286ec5caa93ba1ad182,extracted_verified,개인 로컬 수집; 소재 재배포 금지; 공개 작품에 Pixel Art World/ドット絵世界 크레딧. 조건: https://yms.main.jp/dotartworld/page1/rule.html; ZIP 중앙목록 및 전체 CRC 확인.; ZIP 내부 PNG만 별도 추출/전체 디코딩 확인. 아카이브 멤버 경로: European-StyleHouseSet/Characters/!$PFire01.png,6720,200,European-StyleHouseSet/Characters/!$PFire01.png,2016年3月17日
!$PLight01.png,event_or_character_sprite,https://yms.main.jp/dotartworld/,https://yms.main.jp/dotartworld/vx/sozai/European-StyleHouseSet.zip,!$PLight01.png,/home/main/.local/share/oprn/pixel-art-world-downloads/archive-images/European-StyleHouseSet/European-StyleHouseSet/Characters/!$PLight01.png,96,128,ef678188d1bc4675a13635d164cd7ac1962d9c1b8a648ab7100821f62528f778,extracted_verified,개인 로컬 수집; 소재 재배포 금지; 공개 작품에 Pixel Art World/ドット絵世界 크레딧. 조건: https://yms.main.jp/dotartworld/page1/rule.html; ZIP 중앙목록 및 전체 CRC 확인.; ZIP 내부 PNG만 별도 추출/전체 디코딩 확인. 아카이브 멤버 경로: European-StyleHouseSet/Characters/!$PLight01.png,11081,200,European-StyleHouseSet/Characters/!$PLight01.png,2016年3月17日
EuropeanI-A201.png,tileset,https://yms.main.jp/dotartworld/,https://yms.main.jp/dotartworld/vx/sozai/European-StyleHouseSet.zip,EuropeanI-A201.png,/home/main/.local/share/oprn/pixel-art-world-downloads/archive-images/European-StyleHouseSet/European-StyleHouseSet/EuropeanI-A201.png,512,384,56f1d186c8071b863d134be4adc47a31894500cc99536bd72d31ff54f9a3ec6c,extracted_verified,개인 로컬 수집; 소재 재배포 금지; 공개 작품에 Pixel Art World/ドット絵世界 크레딧. 조건: https://yms.main.jp/dotartworld/page1/rule.html; ZIP 중앙목록 및 전체 CRC 확인.; ZIP 내부 PNG만 별도 추출/전체 디코딩 확인. 아카이브 멤버 경로: European-StyleHouseSet/EuropeanI-A201.png,201743,200,European-StyleHouseSet/EuropeanI-A201.png,2016年3月17日
EuropeanI-A401.png,tileset,https://yms.main.jp/dotartworld/,https://yms.main.jp/dotartworld/vx/sozai/European-StyleHouseSet.zip,EuropeanI-A401.png,/home/main/.local/share/oprn/pixel-art-world-downloads/archive-images/European-StyleHouseSet/European-StyleHouseSet/EuropeanI-A401.png,512,480,31789ae0b5ee68b15c4c720d5a6cbec85b25a0fe0137039e9c6bf682deb16a55,extracted_verified,개인 로컬 수집; 소재 재배포 금지; 공개 작품에 Pixel Art World/ドット絵世界 크레딧. 조건: https://yms.main.jp/dotartworld/page1/rule.html; ZIP 중앙목록 및 전체 CRC 확인.; ZIP 내부 PNG만 별도 추출/전체 디코딩 확인. 아카이브 멤버 경로: European-StyleHouseSet/EuropeanI-A401.png,82220,200,European-StyleHouseSet/EuropeanI-A401.png,2016年3月17日
EuropeanI-B01.png,tileset,https://yms.main.jp/dotartworld/,https://yms.main.jp/dotartworld/vx/sozai/European-StyleHouseSet.zip,EuropeanI-B01.png,/home/main/.local/share/oprn/pixel-art-world-downloads/archive-images/European-StyleHouseSet/European-StyleHouseSet/EuropeanI-B01.png,512,512,f686033f2ab073301116a75820f0b07b8bc61ea66ed2a4dc782d2714f3d16f82,extracted_verified,개인 로컬 수집; 소재 재배포 금지; 공개 작품에 Pixel Art World/ドット絵世界 크레딧. 조건: https://yms.main.jp/dotartworld/page1/rule.html; ZIP 중앙목록 및 전체 CRC 확인.; ZIP 내부 PNG만 별도 추출/전체 디코딩 확인. 아카이브 멤버 경로: European-StyleHouseSet/EuropeanI-B01.png,145491,200,European-StyleHouseSet/EuropeanI-B01.png,2016年3月17日
EuropeanI-C01.png,tileset,https://yms.main.jp/dotartworld/,https://yms.main.jp/dotartworld/vx/sozai/European-StyleHouseSet.zip,EuropeanI-C01.png,/home/main/.local/share/oprn/pixel-art-world-downloads/archive-images/European-StyleHouseSet/European-StyleHouseSet/EuropeanI-C01.png,512,512,b2b5797cb0de219092e6feed54e170be078d862f83e7395b77d45cb47fcc3459,extracted_verified,개인 로컬 수집; 소재 재배포 금지; 공개 작품에 Pixel Art World/ドット絵世界 크레딧. 조건: https://yms.main.jp/dotartworld/page1/rule.html; ZIP 중앙목록 및 전체 CRC 확인.; ZIP 내부 PNG만 별도 추출/전체 디코딩 확인. 아카이브 멤버 경로: European-StyleHouseSet/EuropeanI-C01.png,162958,200,European-StyleHouseSet/EuropeanI-C01.png,2016年3月17日
EuropeanI-D01.png,tileset,https://yms.main.jp/dotartworld/,https://yms.main.jp/dotartworld/vx/sozai/European-StyleHouseSet.zip,EuropeanI-D01.png,/home/main/.local/share/oprn/pixel-art-world-downloads/archive-images/European-StyleHouseSet/European-StyleHouseSet/EuropeanI-D01.png,512,512,6c431f4bdda935cecb9599940cff918c4c21f125c793aabcdf74116000d8177e,extracted_verified,개인 로컬 수집; 소재 재배포 금지; 공개 작품에 Pixel Art World/ドット絵世界 크레딧. 조건: https://yms.main.jp/dotartworld/page1/rule.html; ZIP 중앙목록 및 전체 CRC 확인.; ZIP 내부 PNG만 별도 추출/전체 디코딩 확인. 아카이브 멤버 경로: European-StyleHouseSet/EuropeanI-D01.png,152118,200,European-StyleHouseSet/EuropeanI-D01.png,2016年3月17日
EuropeanI-E01.png,tileset,https://yms.main.jp/dotartworld/,https://yms.main.jp/dotartworld/vx/sozai/European-StyleHouseSet.zip,EuropeanI-E01.png,/home/main/.local/share/oprn/pixel-art-world-downloads/archive-images/European-StyleHouseSet/European-StyleHouseSet/EuropeanI-E01.png,512,512,2b38297dd1bfb0e0fd6f86165b0b9ac52a20e59d2fc097082408435d63578eb2,extracted_verified,개인 로컬 수집; 소재 재배포 금지; 공개 작품에 Pixel Art World/ドット絵世界 크레딧. 조건: https://yms.main.jp/dotartworld/page1/rule.html; ZIP 중앙목록 및 전체 CRC 확인.; ZIP 내부 PNG만 별도 추출/전체 디코딩 확인. 아카이브 멤버 경로: European-StyleHouseSet/EuropeanI-E01.png,85443,200,European-StyleHouseSet/EuropeanI-E01.png,2016年3月17日
ModernI-A501.png,tileset,https://yms.main.jp/dotartworld/,https://yms.main.jp/dotartworld/vx/sozai/European-StyleHouseSet.zip,ModernI-A501.png,/home/main/.local/share/oprn/pixel-art-world-downloads/archive-images/European-StyleHouseSet/European-StyleHouseSet/ModernI-A501.png,256,512,4563db249460d187baa7356e21ea94daf2885ae0e66a697165ea093e0efe093c,extracted_verified,개인 로컬 수집; 소재 재배포 금지; 공개 작품에 Pixel Art World/ドット絵世界 크레딧. 조건: https://yms.main.jp/dotartworld/page1/rule.html; ZIP 중앙목록 및 전체 CRC 확인.; ZIP 내부 PNG만 별도 추출/전체 디코딩 확인. 아카이브 멤버 경로: European-StyleHouseSet/ModernI-A501.png,96803,200,European-StyleHouseSet/ModernI-A501.png,2016年3月17日
